# Blender v2.83.20 OBJ File: ''
# www.blender.org
mtllib barracks01int.mtl
o BarracksIntCeling:0
v -25.585052 21.245768 41.173389
v -31.140827 21.245768 35.307034
v -25.585052 21.245768 35.307034
v -31.140827 21.245768 29.570326
v -25.585052 21.245768 29.570326
v -31.140827 21.245768 -53.871792
v -25.585052 21.245768 -53.871792
v -31.140827 21.245768 -59.427547
v -25.585052 21.245768 -59.427547
v 25.585066 21.245768 -53.871792
v 25.585066 21.245768 -59.427547
v 31.140827 21.245768 -59.427547
v -25.585052 21.245768 53.871784
v 25.585066 21.245768 53.871784
v 25.585066 21.245768 41.173389
v 25.585066 21.245768 35.307034
v 25.585066 21.245768 29.570326
v -31.140827 21.245768 41.173389
v -31.140827 21.245768 53.871784
v -31.140827 21.245768 59.427547
v -25.585052 21.245768 59.427547
v 25.585066 21.245768 59.427547
v 31.140827 21.245768 59.427547
v 31.140827 21.245768 53.871784
v 31.140827 21.245768 41.173389
v 31.140827 21.245768 35.307034
v 31.140827 21.245768 29.570326
v 31.140827 21.245768 -53.871792
vt 0.880157 0.267882
vt 1.163014 0.000000
vt 1.163014 0.267882
vt 1.439620 0.000000
vt 1.439620 0.267882
vt 5.462933 0.000000
vt 5.462934 0.267882
vt 5.730814 0.000000
vt 5.730814 0.267882
vt 5.462933 2.735142
vt 5.730814 2.735142
vt 5.730814 3.003023
vt 0.267881 0.267882
vt 0.267881 2.735142
vt 0.880157 2.735142
vt 1.163014 2.735142
vt 1.439620 2.735142
vt 0.880157 0.000000
vt 0.267881 0.000000
vt 0.000000 0.000000
vt 0.000000 0.267882
vt 0.000000 2.735142
vt 0.000000 3.003023
vt 0.267881 3.003023
vt 0.880157 3.003023
vt 1.163014 3.003023
vt 1.439620 3.003023
vt 5.462933 3.003023
vn 0.0000 -1.0000 0.0000
usemtl noname
s 1
f 1/1/1 2/2/1 3/3/1
f 2/2/1 4/4/1 3/3/1
f 3/3/1 4/4/1 5/5/1
f 4/4/1 6/6/1 5/5/1
f 5/5/1 6/6/1 7/7/1
f 6/6/1 8/8/1 7/7/1
f 8/8/1 9/9/1 7/7/1
f 7/7/1 9/9/1 10/10/1
f 9/9/1 11/11/1 10/10/1
f 10/10/1 11/11/1 12/12/1
f 13/13/1 1/1/1 14/14/1
f 14/14/1 1/1/1 15/15/1
f 1/1/1 3/3/1 15/15/1
f 15/15/1 3/3/1 16/16/1
f 16/16/1 3/3/1 17/17/1
f 3/3/1 5/5/1 17/17/1
f 5/5/1 7/7/1 17/17/1
f 17/17/1 7/7/1 10/10/1
f 2/2/1 1/1/1 18/18/1
f 1/1/1 13/13/1 18/18/1
f 18/18/1 13/13/1 19/19/1
f 19/19/1 13/13/1 20/20/1
f 20/20/1 13/13/1 21/21/1
f 13/13/1 14/14/1 21/21/1
f 21/21/1 14/14/1 22/22/1
f 22/22/1 14/14/1 23/23/1
f 23/23/1 14/14/1 24/24/1
f 14/14/1 15/15/1 24/24/1
f 24/24/1 15/15/1 25/25/1
f 15/15/1 16/16/1 25/25/1
f 25/25/1 16/16/1 26/26/1
f 16/16/1 17/17/1 26/26/1
f 26/26/1 17/17/1 27/27/1
f 17/17/1 10/10/1 27/27/1
f 27/27/1 10/10/1 28/28/1
f 10/10/1 12/12/1 28/28/1
o BarracksIntFloor:0
v 25.585052 0.445576 59.427547
v 31.140827 0.445576 59.427547
v 25.585052 0.445576 53.871784
v 31.140827 0.445576 -59.427547
v 25.585052 0.445576 -53.871792
v 31.140827 0.445576 -53.871792
v 25.585052 0.445576 29.570326
v 31.140827 0.445576 29.570326
v 25.585052 0.445576 35.307034
v 31.140827 0.445576 35.307034
v 25.585052 0.445576 41.173389
v 31.140827 0.445576 41.173389
v 31.140827 0.445576 53.871784
v 5.212292 0.445576 41.173389
v 5.212292 0.445576 29.570326
v -0.000007 0.445576 29.570326
v 5.212292 0.445576 35.307034
v -0.000007 0.445576 35.307034
v -0.000007 0.445576 41.173389
v 25.585052 0.445576 -59.427547
v -25.585066 0.445576 -53.871792
v -4.473445 0.445576 29.570326
v -4.473445 0.445576 35.307034
v -4.473445 0.445576 41.173389
v -25.585066 0.445576 53.871784
v -25.585066 0.445576 59.427547
v -31.140827 0.445576 -53.871792
v -31.140827 0.445576 29.570326
v -25.585066 0.445576 29.570326
v -31.140827 0.445576 35.307034
v -25.585066 0.445576 35.307034
v -31.140827 0.445576 41.173389
v -25.585066 0.445576 41.173389
v -31.140827 0.445576 53.871784
v -31.140827 0.445576 59.427547
v -25.585066 0.445576 -59.427547
v -31.140827 0.445576 -59.427547
vt 0.000000 0.267882
vt 0.000000 0.000000
vt 0.267881 0.267882
vt 5.730814 0.000000
vt 5.462934 0.267882
vt 5.462933 0.000000
vt 1.439620 0.267882
vt 1.439620 0.000000
vt 1.163014 0.267882
vt 1.163014 0.000000
vt 0.880157 0.267882
vt 0.880157 0.000000
vt 0.267881 0.000000
vt 0.880157 1.250191
vt 1.439620 1.250191
vt 1.439620 1.501512
vt 1.163014 1.250191
vt 1.163014 1.501512
vt 0.880157 1.501512
vt 5.730814 0.267882
vt 5.462933 2.735142
vt 1.439620 1.717207
vt 1.163014 1.717207
vt 0.880157 1.717207
vt 0.267881 2.735142
vt 0.000000 2.735142
vt 5.462933 3.003023
vt 1.439620 3.003023
vt 1.439620 2.735142
vt 1.163014 3.003023
vt 1.163014 2.735142
vt 0.880157 3.003023
vt 0.880157 2.735142
vt 0.267881 3.003023
vt 0.000000 3.003023
vt 5.730814 2.735142
vt 5.730814 3.003023
vn 0.0000 1.0000 0.0000
usemtl noname.001
s 1
f 29/29/2 30/30/2 31/31/2
f 32/32/2 33/33/2 34/34/2
f 33/33/2 35/35/2 34/34/2
f 34/34/2 35/35/2 36/36/2
f 35/35/2 37/37/2 36/36/2
f 36/36/2 37/37/2 38/38/2
f 37/37/2 39/39/2 38/38/2
f 38/38/2 39/39/2 40/40/2
f 39/39/2 31/31/2 40/40/2
f 40/40/2 31/31/2 41/41/2
f 31/31/2 30/30/2 41/41/2
f 37/37/2 42/42/2 39/39/2
f 42/42/2 31/31/2 39/39/2
f 37/37/2 35/35/2 43/43/2
f 35/35/2 33/33/2 43/43/2
f 43/43/2 33/33/2 44/44/2
f 37/37/2 43/43/2 45/45/2
f 43/43/2 44/44/2 45/45/2
f 45/45/2 44/44/2 46/46/2
f 37/37/2 45/45/2 42/42/2
f 45/45/2 46/46/2 42/42/2
f 42/42/2 46/46/2 47/47/2
f 32/32/2 48/48/2 33/33/2
f 48/48/2 49/49/2 33/33/2
f 33/33/2 49/49/2 44/44/2
f 49/49/2 50/50/2 44/44/2
f 44/44/2 50/50/2 46/46/2
f 50/50/2 51/51/2 46/46/2
f 46/46/2 51/51/2 47/47/2
f 51/51/2 52/52/2 47/47/2
f 47/47/2 52/52/2 31/31/2
f 52/52/2 53/53/2 31/31/2
f 31/31/2 53/53/2 29/29/2
f 53/53/2 54/54/2 29/29/2
f 31/31/2 42/42/2 47/47/2
f 55/55/2 56/56/2 49/49/2
f 56/56/2 57/57/2 49/49/2
f 49/49/2 57/57/2 50/50/2
f 57/57/2 51/51/2 50/50/2
f 56/56/2 58/58/2 57/57/2
f 58/58/2 59/59/2 57/57/2
f 57/57/2 59/59/2 51/51/2
f 59/59/2 52/52/2 51/51/2
f 58/58/2 60/60/2 59/59/2
f 60/60/2 61/61/2 59/59/2
f 59/59/2 61/61/2 52/52/2
f 61/61/2 53/53/2 52/52/2
f 53/53/2 61/61/2 62/62/2
f 61/61/2 60/60/2 62/62/2
f 54/54/2 53/53/2 63/63/2
f 53/53/2 62/62/2 63/63/2
f 48/48/2 64/64/2 49/49/2
f 64/64/2 65/65/2 49/49/2
f 49/49/2 65/65/2 55/55/2
o BarracksIntGlass:0
v 25.229084 14.238222 -59.252930
v 19.144482 14.238222 -59.252930
v 25.229086 6.051994 -59.252930
v 19.144480 6.051994 -59.252930
v 18.683744 14.238222 -59.252930
v 12.599138 14.238223 -59.252930
v 18.683743 6.051994 -59.252930
v 12.599138 6.051995 -59.252930
v -30.966215 6.051997 47.667347
v -30.966215 6.051996 41.582745
v -30.966215 14.238225 47.667347
v -30.966215 14.238223 41.582745
v -30.966215 6.051997 54.212688
v -30.966215 6.051997 48.128086
v -30.966215 14.238225 54.212688
v -30.966215 14.238225 48.128082
v -30.966215 14.238223 24.179228
v -30.966215 14.238225 30.263834
v -30.966215 6.051996 24.179228
v -30.966215 6.051997 30.263834
v -30.966215 14.238223 17.633886
v -30.966215 14.238223 23.718491
v -30.966215 6.051995 17.633886
v -30.966215 6.051996 23.718491
v -30.966215 6.051996 -0.230369
v -30.966215 6.051994 -6.314973
v -30.966215 14.238223 -0.230369
v -30.966215 14.238223 -6.314973
v -30.966215 6.051996 6.314972
v -30.966215 6.051996 0.230369
v -30.966215 14.238223 6.314973
v -30.966215 14.238223 0.230368
v -30.966215 14.238223 -23.718489
v -30.966215 14.238223 -17.633884
v -30.966215 6.051994 -23.718489
v -30.966215 6.051996 -17.633884
v -30.966215 14.238223 -30.263830
v -30.966215 14.238223 -24.179228
v -30.966215 6.051994 -30.263830
v -30.966215 6.051994 -24.179226
v -30.966215 6.051996 -48.128082
v -30.966215 6.051994 -54.212688
v -30.966215 14.238223 -48.128086
v -30.966215 14.238223 -54.212688
v -30.966215 6.051996 -41.582745
v -30.966215 6.051996 -47.667347
v -30.966215 14.238223 -41.582745
v -30.966215 14.238223 -47.667347
v 30.966215 6.051997 -47.667347
v 30.966215 6.051996 -41.582745
v 30.966215 14.238225 -47.667347
v 30.966215 14.238223 -41.582745
v 30.966215 6.051997 -54.212688
v 30.966215 6.051997 -48.128086
v 30.966215 14.238225 -54.212688
v 30.966215 14.238225 -48.128082
v 30.966215 14.238223 -24.179228
v 30.966215 14.238225 -30.263834
v 30.966215 6.051996 -24.179228
v 30.966215 6.051997 -30.263834
v 30.966215 14.238223 -17.633886
v 30.966215 14.238223 -23.718491
v 30.966215 6.051995 -17.633886
v 30.966215 6.051996 -23.718491
v 30.966215 6.051996 0.230369
v 30.966215 6.051994 6.314973
v 30.966215 14.238223 0.230369
v 30.966215 14.238223 6.314973
v 30.966215 6.051996 -6.314972
v 30.966215 6.051996 -0.230369
v 30.966215 14.238223 -6.314973
v 30.966215 14.238223 -0.230368
v 30.966215 14.238223 23.718489
v 30.966215 14.238223 17.633884
v 30.966215 6.051994 23.718489
v 30.966215 6.051996 17.633884
v 30.966215 14.238223 30.263830
v 30.966215 14.238223 24.179228
v 30.966215 6.051994 30.263830
v 30.966215 6.051994 24.179226
v 30.966215 6.051996 48.128082
v 30.966215 6.051994 54.212688
v 30.966215 14.238223 48.128086
v 30.966215 14.238223 54.212688
v 30.966215 6.051996 41.582745
v 30.966215 6.051996 47.667347
v 30.966215 14.238223 41.582745
v 30.966215 14.238223 47.667347
v -18.057175 6.051997 -59.252930
v -11.972570 6.051996 -59.252930
v -18.057173 14.238225 -59.252930
v -11.972570 14.238225 -59.252930
v -24.602514 6.051997 -59.252930
v -18.517912 6.051997 -59.252930
v -24.602516 14.238225 -59.252930
v -18.517912 14.238225 -59.252930
vt 0.007318 0.989071
vt 0.007318 0.013801
vt 0.649364 0.989071
vt 0.649364 0.013801
vt 0.649364 0.013801
vt 0.649365 0.989071
vt 0.007318 0.013801
vt 0.007318 0.989071
vt 0.649364 0.013801
vt 0.649365 0.989071
vt 0.007318 0.013801
vt 0.007318 0.989071
vt 0.007318 0.989071
vt 0.007318 0.013801
vt 0.649364 0.989071
vt 0.649364 0.013801
vt 0.649364 0.013801
vt 0.649365 0.989071
vt 0.007318 0.013801
vt 0.007318 0.989071
vt 0.007318 0.989071
vt 0.007318 0.013801
vt 0.649364 0.989071
vt 0.649364 0.013801
vt 0.649364 0.013801
vt 0.649365 0.989071
vt 0.007318 0.013801
vt 0.007318 0.989071
vt 0.007318 0.989071
vt 0.007318 0.013801
vt 0.649364 0.989071
vt 0.649364 0.013801
vt 0.649364 0.013801
vt 0.649365 0.989071
vt 0.007318 0.013801
vt 0.007318 0.989071
vt 0.007318 0.989071
vt 0.007318 0.013801
vt 0.649364 0.989071
vt 0.649364 0.013801
vt 0.649364 0.013801
vt 0.649365 0.989071
vt 0.007318 0.013801
vt 0.007318 0.989071
vt 0.007318 0.989071
vt 0.007318 0.013801
vt 0.649364 0.989071
vt 0.649364 0.013801
vt 0.649364 0.013801
vt 0.649365 0.989071
vt 0.007318 0.013801
vt 0.007318 0.989071
vt 0.007318 0.989071
vt 0.007318 0.013801
vt 0.649364 0.989071
vt 0.649364 0.013801
vt 0.649364 0.013801
vt 0.649365 0.989071
vt 0.007318 0.013801
vt 0.007318 0.989071
vt 0.007318 0.989071
vt 0.007318 0.013801
vt 0.649364 0.989071
vt 0.649364 0.013801
vt 0.649364 0.013801
vt 0.649365 0.989071
vt 0.007318 0.013801
vt 0.007318 0.989071
vt 0.007318 0.989071
vt 0.007318 0.013801
vt 0.649364 0.989071
vt 0.649364 0.013801
vt 0.649364 0.013801
vt 0.649365 0.989071
vt 0.007318 0.013801
vt 0.007318 0.989071
vt 0.007318 0.989071
vt 0.007318 0.013801
vt 0.649364 0.989071
vt 0.649364 0.013801
vt 0.649364 0.013801
vt 0.649365 0.989071
vt 0.007318 0.013801
vt 0.007318 0.989071
vt 0.007318 0.989071
vt 0.007318 0.013801
vt 0.649364 0.989071
vt 0.649364 0.013801
vt 0.649364 0.013801
vt 0.649365 0.989071
vt 0.007318 0.013801
vt 0.007318 0.989071
vt 0.007318 0.989071
vt 0.007318 0.013801
vt 0.649364 0.989071
vt 0.649364 0.013801
vn 0.0000 0.0000 1.0000
vn 1.0000 0.0000 0.0000
vn -1.0000 0.0000 0.0000
usemtl noname.002
s 1
f 66/66/3 67/67/3 68/68/3
f 67/67/3 69/69/3 68/68/3
f 70/70/3 71/71/3 72/72/3
f 71/71/3 73/73/3 72/72/3
f 74/74/4 75/75/4 76/76/4
f 75/75/4 77/77/4 76/76/4
f 78/78/4 79/79/4 80/80/4
f 79/79/4 81/81/4 80/80/4
f 82/82/4 83/83/4 84/84/4
f 83/83/4 85/85/4 84/84/4
f 86/86/4 87/87/4 88/88/4
f 87/87/4 89/89/4 88/88/4
f 90/90/4 91/91/4 92/92/4
f 91/91/4 93/93/4 92/92/4
f 94/94/4 95/95/4 96/96/4
f 95/95/4 97/97/4 96/96/4
f 98/98/4 99/99/4 100/100/4
f 99/99/4 101/101/4 100/100/4
f 102/102/4 103/103/4 104/104/4
f 103/103/4 105/105/4 104/104/4
f 106/106/4 107/107/4 108/108/4
f 107/107/4 109/109/4 108/108/4
f 110/110/4 111/111/4 112/112/4
f 111/111/4 113/113/4 112/112/4
f 114/114/5 115/115/5 116/116/5
f 115/115/5 117/117/5 116/116/5
f 118/118/5 119/119/5 120/120/5
f 119/119/5 121/121/5 120/120/5
f 122/122/5 123/123/5 124/124/5
f 123/123/5 125/125/5 124/124/5
f 126/126/5 127/127/5 128/128/5
f 127/127/5 129/129/5 128/128/5
f 130/130/5 131/131/5 132/132/5
f 131/131/5 133/133/5 132/132/5
f 134/134/5 135/135/5 136/136/5
f 135/135/5 137/137/5 136/136/5
f 138/138/5 139/139/5 140/140/5
f 139/139/5 141/141/5 140/140/5
f 142/142/5 143/143/5 144/144/5
f 143/143/5 145/145/5 144/144/5
f 146/146/5 147/147/5 148/148/5
f 147/147/5 149/149/5 148/148/5
f 150/150/5 151/151/5 152/152/5
f 151/151/5 153/153/5 152/152/5
f 154/154/3 155/155/3 156/156/3
f 155/155/3 157/157/3 156/156/3
f 158/158/3 159/159/3 160/160/3
f 159/159/3 161/161/3 160/160/3
o BarracksIntWood:0
v -4.861064 16.190802 -58.211231
v -4.861064 0.445576 -59.427547
v -4.861064 0.445575 -58.211231
v -4.861064 0.445576 -59.427547
v -4.861064 16.190802 -58.211231
v -4.861063 16.190802 -59.427547
v -5.176157 16.990801 -58.005501
v -5.176158 16.190802 -59.427547
v -5.176160 16.190802 -58.005501
v -5.176158 16.190802 -59.427547
v -5.176157 16.990801 -58.005501
v -5.176157 16.990801 -59.427547
v -5.176158 16.190802 -59.427547
v 5.959407 16.190800 -58.005501
v -5.176160 16.190802 -58.005501
v 5.959407 16.190800 -58.005501
v -5.176158 16.190802 -59.427547
v 5.959407 16.190800 -59.427547
v 5.175119 16.190802 -58.211231
v 5.175119 0.445576 -59.427547
v 5.175119 0.445575 -58.211231
v 5.175119 0.445576 -59.427547
v 5.175119 16.190802 -58.211231
v 5.175120 16.190802 -59.427547
v 5.733605 16.190802 34.750454
v 5.733605 0.445576 35.966766
v 5.733605 0.445575 34.750454
v 5.733605 0.445576 35.966766
v 5.733605 16.190802 34.750454
v 5.733604 16.190802 35.966766
v 6.048698 16.990801 34.544720
v 6.048698 16.190800 36.172497
v 6.048701 16.190802 34.544720
v 6.048698 16.190800 36.172497
v 6.048698 16.990801 34.544720
v 6.048698 16.990799 36.172497
v 6.048698 16.990801 34.544720
v -5.086867 16.990799 36.172497
v 6.048698 16.990799 36.172497
v -5.086867 16.990799 36.172497
v 6.048698 16.990801 34.544720
v -5.086867 16.990799 34.544720
v 6.048698 16.190800 36.172497
v -5.086866 16.190800 34.544720
v 6.048701 16.190802 34.544720
v -5.086866 16.190800 34.544720
v 6.048698 16.190800 36.172497
v -5.086868 16.190800 36.172497
v -5.086866 16.190800 34.544720
v -5.086867 16.990799 36.172497
v -5.086867 16.990799 34.544720
v -5.086867 16.990799 36.172497
v -5.086866 16.190800 34.544720
v -5.086868 16.190800 36.172497
v -4.302577 16.190802 34.750454
v -4.302577 0.445576 35.966766
v -4.302577 0.445575 34.750454
v -4.302577 0.445576 35.966766
v -4.302577 16.190802 34.750454
v -4.302578 16.190802 35.966766
v -30.561752 2.207150 36.196709
v -28.836884 0.445576 36.196709
v -28.836884 2.207150 36.196712
v -28.836884 0.445576 36.196709
v -30.561752 2.207150 36.196709
v -30.561752 0.445576 36.196709
v -11.331145 5.410571 -59.427547
v -25.243940 5.410572 -58.925274
v -25.243940 5.410572 -59.427547
v -25.243940 5.410572 -58.925274
v -11.331145 5.410571 -59.427547
v -11.331145 5.410572 -58.925274
v -11.331145 5.410572 -58.925274
v -11.331147 14.879646 -59.427547
v -11.331147 14.879646 -58.925274
v -11.331147 14.879646 -59.427547
v -11.331145 5.410572 -58.925274
v -11.331145 5.410571 -59.427547
v -11.972571 14.238222 -59.252930
v -11.972569 6.051993 -59.125275
v -11.972571 14.238222 -59.125275
v -11.972569 6.051993 -59.125275
v -11.972571 14.238222 -59.252930
v -11.972570 6.051994 -59.252930
v -24.602516 6.051995 -59.252930
v -24.602516 14.238223 -59.125275
v -24.602514 6.051996 -59.125275
v -24.602516 14.238223 -59.125275
v -24.602516 6.051995 -59.252930
v -24.602516 14.238223 -59.252930
v -11.972569 6.051993 -59.125275
v -24.602516 6.051995 -59.252930
v -24.602514 6.051996 -59.125275
v -24.602516 6.051995 -59.252930
v -11.972569 6.051993 -59.125275
v -11.972570 6.051994 -59.252930
v 13.030005 13.048636 -59.673248
v 12.616136 12.889635 -59.673248
v 12.616134 12.889635 -59.974743
v 12.616134 12.889635 -59.974743
v 12.616136 12.889635 -59.673248
v 10.791831 12.975644 -59.673248
v 26.494139 12.235309 -59.673248
v 17.152472 12.675715 -59.673248
v 17.152233 12.675766 -59.974743
v 16.170086 12.891792 -59.974743
v 17.152233 12.675766 -59.974743
v 17.152472 12.675715 -59.673248
v 26.611160 14.181582 -59.673248
v 26.494139 12.235309 -59.673248
v 26.494139 12.235309 -59.974743
v 12.616134 12.889635 -59.974743
v 13.030005 13.048636 -59.974743
v 13.030005 13.048636 -59.673248
v 17.152472 12.675715 -59.673248
v 16.170086 12.891792 -59.673248
v 16.170086 12.891792 -59.974743
v 26.611160 14.181575 -59.974743
v 10.908854 14.921918 -59.974743
v 10.908854 14.921918 -59.673248
v 26.494139 12.235309 -59.974743
v 26.611160 14.181575 -59.974743
v 26.611160 14.181582 -59.673248
v 10.908854 14.921918 -59.673248
v 26.611160 14.181582 -59.673248
v 26.611160 14.181575 -59.974743
v -12.687472 9.989094 -59.673248
v -12.369639 10.101863 -59.673248
v -12.369639 10.101863 -59.974728
v -12.369639 10.101863 -59.974728
v -12.688125 9.988862 -59.974728
v -12.687472 9.989094 -59.673248
v -12.688125 9.988862 -59.974728
v -14.950151 9.947085 -59.974728
v -14.950151 9.947085 -59.673248
v -14.950151 9.947085 -59.673248
v -12.687472 9.989094 -59.673248
v -12.688125 9.988862 -59.974728
v -11.815750 12.397370 -59.955441
v -11.076756 12.461157 -59.653484
v -11.076550 12.461299 -59.954903
v -11.076550 12.461299 -59.954903
v -10.699072 12.588412 -59.653168
v -10.698865 12.588556 -59.954578
v -11.076756 12.461157 -59.653484
v -11.815750 12.397370 -59.955441
v -11.815955 12.397227 -59.654022
v -10.699072 12.588412 -59.653168
v -11.076550 12.461299 -59.954903
v -11.076756 12.461157 -59.653484
v -10.698865 12.588556 -59.954578
v -10.699072 12.588412 -59.653168
v -10.605153 12.697203 -59.954464
v -10.605359 12.697053 -59.653053
v -10.605153 12.697203 -59.954464
v -10.699072 12.588412 -59.653168
v -26.095026 11.587420 -59.965603
v -26.095230 11.587276 -59.664185
v -26.283188 11.557853 -59.965740
v -26.283396 11.557711 -59.664333
v -26.283188 11.557853 -59.965740
v -26.095230 11.587276 -59.664185
v -10.698865 12.588556 -59.954578
v -11.815750 12.397370 -59.955441
v -11.076550 12.461299 -59.954903
v -11.918864 12.261333 -59.955574
v -11.815955 12.397227 -59.654022
v -11.815750 12.397370 -59.955441
v -11.076756 12.461157 -59.653484
v -11.815955 12.397227 -59.654022
v -10.699072 12.588412 -59.653168
v -10.699072 12.588412 -59.653168
v -10.667489 13.839019 -59.652554
v -10.605359 12.697053 -59.653053
v -10.605153 12.697203 -59.954464
v -10.667283 13.839160 -59.953968
v -10.698865 12.588556 -59.954578
v -10.667489 13.839019 -59.652554
v -10.605153 12.697203 -59.954464
v -10.605359 12.697053 -59.653053
v -25.954590 11.821431 -59.965393
v -26.095230 11.587276 -59.664185
v -26.095026 11.587420 -59.965603
v -26.283396 11.557711 -59.664333
v -26.095230 11.587276 -59.664185
v -26.255125 11.038103 -59.664558
v -26.254919 11.038246 -59.965969
v -26.095026 11.587420 -59.965603
v -26.283188 11.557853 -59.965740
v -26.255125 11.038103 -59.664558
v -26.283188 11.557853 -59.965740
v -26.283396 11.557711 -59.664333
v -11.815750 12.397370 -59.955441
v -10.698865 12.588556 -59.954578
v -10.667283 13.839160 -59.953968
v -11.918864 12.261333 -59.955574
v -11.815750 12.397370 -59.955441
v -12.223312 12.250694 -59.955788
v -11.815955 12.397227 -59.654022
v -11.918864 12.261333 -59.955574
v -11.919070 12.261190 -59.654156
v -26.331842 12.448221 -59.663940
v -26.331635 12.448363 -59.965351
v -26.361057 12.985216 -59.663708
v -26.077818 12.129000 -59.663918
v -26.331635 12.448363 -59.965351
v -26.331842 12.448221 -59.663940
v -10.667489 13.839019 -59.652554
v -10.699072 12.588412 -59.653168
v -11.815955 12.397227 -59.654022
v -10.605153 12.697203 -59.954464
v -10.667489 13.839019 -59.652554
v -10.667283 13.839160 -59.953968
v -26.095026 11.587420 -59.965603
v -26.254919 11.038246 -59.965969
v -25.954590 11.821431 -59.965393
v -26.095230 11.587276 -59.664185
v -25.954590 11.821431 -59.965393
v -25.954798 11.821288 -59.663979
v 31.704771 13.308036 -7.660840
v 31.707151 14.161837 8.032732
v 31.707626 12.573371 6.476701
v 31.707724 12.240668 6.136720
v 31.704771 13.308036 -7.660840
v 31.707626 12.573371 6.476701
v 31.707626 12.573371 6.476701
v 31.707747 12.317286 6.455268
v 31.707724 12.240668 6.136720
v 31.707703 13.019879 8.094862
v 31.707739 12.911232 8.001150
v 31.707151 14.161837 8.032732
v 31.707630 12.720046 6.884264
v 31.707151 14.161837 8.032732
v 31.707739 12.911232 8.001150
v 31.707739 12.911232 8.001150
v 31.707731 12.783976 7.623464
v 31.707630 12.720046 6.884264
v 31.403814 12.451676 -7.377545
v 31.403616 12.770897 -7.631572
v 31.705030 12.771040 -7.631625
v 31.705030 12.771040 -7.631625
v 31.705225 12.451819 -7.377598
v 31.403814 12.451676 -7.377545
v 31.403980 12.143965 -7.254526
v 31.403814 12.451676 -7.377545
v 31.705225 12.451819 -7.377598
v 31.705225 12.451819 -7.377598
v 31.705393 12.144107 -7.254580
v 31.403980 12.143965 -7.254526
v 31.404068 11.909952 -7.394961
v 31.403980 12.143965 -7.254526
v 31.705393 12.144107 -7.254580
v -26.361057 12.985216 -59.663708
v -26.331635 12.448363 -59.965351
v -26.360853 12.985359 -59.965118
v -26.331635 12.448363 -59.965351
v -26.077818 12.129000 -59.663918
v -26.077610 12.129143 -59.965332
v -25.954798 11.821288 -59.663979
v -26.077610 12.129143 -59.965332
v -26.077818 12.129000 -59.663918
v -25.954798 11.821288 -59.663979
v -26.255125 11.038103 -59.664558
v -26.095230 11.587276 -59.664185
v -26.283188 11.557853 -59.965740
v -26.255125 11.038103 -59.664558
v -26.254919 11.038246 -59.965969
v -10.667283 13.839160 -59.953968
v -12.223312 12.250694 -59.955788
v -11.815750 12.397370 -59.955441
v -10.667283 13.839160 -59.953968
v -26.361057 12.985216 -59.663708
v -26.360853 12.985359 -59.965118
v -12.223519 12.250552 -59.654369
v -11.815955 12.397227 -59.654022
v -11.919070 12.261190 -59.654156
v -12.223312 12.250694 -59.955788
v -11.919070 12.261190 -59.654156
v -11.918864 12.261333 -59.955574
v -26.361057 12.985216 -59.663708
v -26.077818 12.129000 -59.663918
v -26.331842 12.448221 -59.663940
v -11.815955 12.397227 -59.654022
v -12.223519 12.250552 -59.654369
v -10.667489 13.839019 -59.652554
v -26.361057 12.985216 -59.663708
v -10.667283 13.839160 -59.953968
v -10.667489 13.839019 -59.652554
v -12.555978 11.783531 -59.956234
v -25.954590 11.821431 -59.965393
v -26.254919 11.038246 -59.965969
v -26.077610 12.129143 -59.965332
v -25.954798 11.821288 -59.663979
v -25.954590 11.821431 -59.965393
v -26.077610 12.129143 -59.965332
v -26.360853 12.985359 -59.965118
v -26.331635 12.448363 -59.965351
v -26.077818 12.129000 -59.663918
v -12.556184 11.783388 -59.654823
v -25.954798 11.821288 -59.663979
v -26.255125 11.038103 -59.664558
v -25.954798 11.821288 -59.663979
v -12.556184 11.783388 -59.654823
v -26.255125 11.038103 -59.664558
v -12.555978 11.783531 -59.956234
v -26.254919 11.038246 -59.965969
v -26.360853 12.985359 -59.965118
v -12.223312 12.250694 -59.955788
v -10.667283 13.839160 -59.953968
v -11.919070 12.261190 -59.654156
v -12.223312 12.250694 -59.955788
v -12.223519 12.250552 -59.654369
v -12.563498 11.917849 -59.654762
v -26.077818 12.129000 -59.663918
v -26.361057 12.985216 -59.663708
v -10.667489 13.839019 -59.652554
v -12.223519 12.250552 -59.654369
v -26.361057 12.985216 -59.663708
v -25.954590 11.821431 -59.965393
v -12.555978 11.783531 -59.956234
v -26.077610 12.129143 -59.965332
v -26.360853 12.985359 -59.965118
v -26.077610 12.129143 -59.965332
v -12.563293 11.917992 -59.956177
v -12.556184 11.783388 -59.654823
v -26.077818 12.129000 -59.663918
v -12.563498 11.917849 -59.654762
v -12.555978 11.783531 -59.956234
v -26.255125 11.038103 -59.664558
v -12.556184 11.783388 -59.654823
v -12.563293 11.917992 -59.956177
v -12.223312 12.250694 -59.955788
v -26.360853 12.985359 -59.965118
v -12.244746 11.994611 -59.955921
v -12.223519 12.250552 -59.654369
v -12.223312 12.250694 -59.955788
v -26.361057 12.985216 -59.663708
v -12.223519 12.250552 -59.654369
v -12.563498 11.917849 -59.654762
v -12.563293 11.917992 -59.956177
v -26.077610 12.129143 -59.965332
v -12.555978 11.783531 -59.956234
v -12.563498 11.917849 -59.654762
v -12.555978 11.783531 -59.956234
v -12.556184 11.783388 -59.654823
v -12.223312 12.250694 -59.955788
v -12.563293 11.917992 -59.956177
v -12.244746 11.994611 -59.955921
v -12.223519 12.250552 -59.654369
v -12.244746 11.994611 -59.955921
v -12.244952 11.994468 -59.654510
v -12.244952 11.994468 -59.654510
v -12.563498 11.917849 -59.654762
v -12.223519 12.250552 -59.654369
v -12.555978 11.783531 -59.956234
v -12.563498 11.917849 -59.654762
v -12.563293 11.917992 -59.956177
v -12.563293 11.917992 -59.956177
v -12.244952 11.994468 -59.654510
v -12.244746 11.994611 -59.955921
v -12.244952 11.994468 -59.654510
v -12.563293 11.917992 -59.956177
v -12.563498 11.917849 -59.654762
v -31.832285 8.666883 -55.104633
v -31.832289 6.439940 -40.615292
v -31.530792 6.439941 -40.615292
v -31.530792 4.935337 -40.846542
v -31.832289 4.935336 -40.846542
v -31.832285 7.162279 -55.335884
v -31.530792 6.439941 -40.615292
v -31.530790 8.666883 -55.104633
v -31.832285 8.666883 -55.104633
v -31.832285 7.162279 -55.335884
v -31.530790 7.162279 -55.335884
v -31.530792 4.935337 -40.846542
v -31.530872 13.799840 -55.738110
v -31.530872 13.702698 -55.843700
v -31.832281 13.799840 -55.738110
v -31.832281 13.702704 -55.843700
v -31.832281 13.799840 -55.738110
v -31.530872 13.702698 -55.843700
v -31.832281 12.561175 -55.913387
v -31.832281 13.702704 -55.843700
v -31.530872 13.702698 -55.843700
v -31.832281 13.549895 -40.106991
v -31.832281 13.030486 -40.138699
v -31.530869 13.030486 -40.138699
v -31.530872 13.702698 -55.843700
v -31.530872 12.561175 -55.913387
v -31.832281 12.561175 -55.913387
v -31.530869 13.030486 -40.138699
v -31.530869 13.549893 -40.106991
v -31.832281 13.549895 -40.106991
v -31.530872 14.385828 -53.800701
v -31.530869 13.549893 -40.106991
v -31.530869 12.806468 -40.495441
v -31.530869 12.486645 -40.408646
v -31.530869 12.140315 -40.193035
v -31.530869 11.603525 -40.225807
v -31.832281 13.549895 -40.106991
v -31.530869 13.549893 -40.106991
v -31.530872 14.385828 -53.800701
v -31.530869 11.603525 -40.225807
v -31.530872 12.561175 -55.913387
v -31.530872 13.960045 -54.184914
v -31.530869 12.806468 -40.495441
v -31.530869 12.486645 -40.408646
v -31.530872 14.385828 -53.800701
v -31.530869 11.603525 -40.225807
v -31.530872 14.251419 -53.808907
v -31.530869 12.486645 -40.408646
v -31.530872 14.385828 -53.800701
v -31.832281 14.385828 -53.800701
v -31.832281 13.549895 -40.106991
v -31.530872 14.251419 -53.808907
v -31.530869 11.603525 -40.225807
v -31.530872 13.960045 -54.184914
v -31.530872 14.251419 -53.808907
v -31.530872 14.385828 -53.800701
v -31.530869 12.486645 -40.408646
v -31.530872 13.960045 -54.184914
v -31.530872 14.211963 -54.134155
v -31.530872 14.251419 -53.808907
v -31.832142 11.428690 -40.157894
v -31.832142 9.479846 -40.097172
v -31.530645 9.479846 -40.097172
v -31.832142 9.479846 -40.097172
v -31.832142 9.067636 -49.440125
v -31.530645 9.067666 -49.440369
v -31.530645 9.067666 -49.440369
v -31.530645 9.479846 -40.097172
v -31.832142 9.479846 -40.097172
v -31.530645 9.479846 -40.097172
v -31.530645 11.428683 -40.157894
v -31.832142 11.428690 -40.157894
v -31.832142 10.735871 -55.862366
v -31.832142 11.428690 -40.157894
v -31.530645 11.428683 -40.157894
v -31.530645 9.193345 -50.438107
v -31.530645 9.067666 -49.440369
v -31.832142 9.067636 -49.440125
v -31.832142 9.067636 -49.440125
v -31.832142 9.193346 -50.438107
v -31.530645 9.193345 -50.438107
v -31.530645 11.428683 -40.157894
v -31.530645 10.735871 -55.862366
v -31.832142 10.735871 -55.862366
v -31.530645 9.063558 -53.579426
v -31.530645 9.193345 -50.438107
v -31.832142 9.193346 -50.438107
v -31.832142 9.193346 -50.438107
v -31.832142 9.063558 -53.579426
v -31.530645 9.063558 -53.579426
v -31.509333 6.238822 -27.009882
v -31.591949 7.236530 -15.884249
v -31.893423 7.236051 -15.886444
v -31.893423 7.236051 -15.886444
v -31.810804 6.238344 -27.012079
v -31.509333 6.238822 -27.009882
v -31.509333 6.238822 -27.009882
v -31.509520 6.410645 -27.022068
v -31.591949 7.236530 -15.884249
v -31.509333 6.238822 -27.009882
v -31.810804 6.238344 -27.012079
v -31.810989 6.410166 -27.024261
v -31.594034 9.181210 -16.022160
v -31.591949 7.236530 -15.884249
v -31.509520 6.410645 -27.022068
v -31.591949 7.236530 -15.884249
v -31.594034 9.181210 -16.022160
v -31.895506 9.180732 -16.024355
v -31.895506 9.180732 -16.024355
v -31.893423 7.236051 -15.886444
v -31.591949 7.236530 -15.884249
v -31.810989 6.410166 -27.024261
v -31.810804 6.238344 -27.012079
v -31.893423 7.236051 -15.886444
v -31.810989 6.410166 -27.024261
v -31.509520 6.410645 -27.022068
v -31.509333 6.238822 -27.009882
v -31.477747 7.776910 -31.681833
v -31.594034 9.181210 -16.022160
v -31.509520 6.410645 -27.022068
v -31.779219 7.776432 -31.684027
v -31.895506 9.180732 -16.024355
v -31.594034 9.181210 -16.022160
v -31.895506 9.180732 -16.024355
v -31.779219 7.776432 -31.684027
v -31.893423 7.236051 -15.886444
v -31.509520 6.410645 -27.022068
v -31.507269 6.483076 -27.346582
v -31.477747 7.776910 -31.681833
v -31.893423 7.236051 -15.886444
v -31.808741 6.482597 -27.348776
v -31.810989 6.410166 -27.024261
v -31.594034 9.181210 -16.022160
v -31.477747 7.776910 -31.681833
v -31.779219 7.776432 -31.684027
v -31.808741 6.482597 -27.348776
v -31.893423 7.236051 -15.886444
v -31.779219 7.776432 -31.684027
v -31.507269 6.483076 -27.346582
v -31.490437 6.136197 -29.582178
v -31.477747 7.776910 -31.681833
v -31.777136 5.831751 -31.546116
v -31.779219 7.776432 -31.684027
v -31.477747 7.776910 -31.681833
v -31.477747 7.776910 -31.681833
v -31.475662 5.832229 -31.543921
v -31.777136 5.831751 -31.546116
v -31.475662 5.832229 -31.543921
v -31.477747 7.776910 -31.681833
v -31.490437 6.136197 -29.582178
v -31.791901 6.135399 -29.584991
v -31.808741 6.482597 -27.348776
v -31.779219 7.776432 -31.684027
v -31.490437 6.136197 -29.582178
v -31.507269 6.483076 -27.346582
v -31.808741 6.482597 -27.348776
v -31.779219 7.776432 -31.684027
v -31.777136 5.831751 -31.546116
v -31.791901 6.135399 -29.584991
v -31.490437 6.136197 -29.582178
v -31.488001 5.981220 -29.882477
v -31.475662 5.832229 -31.543921
v -31.808741 6.482597 -27.348776
v -31.791901 6.135399 -29.584991
v -31.490437 6.136197 -29.582178
v -31.777136 5.831751 -31.546116
v -31.789474 5.980742 -29.884672
v -31.791901 6.135399 -29.584991
v -31.488001 5.981220 -29.882477
v -31.490437 6.136197 -29.582178
v -31.791901 6.135399 -29.584991
v -31.791901 6.135399 -29.584991
v -31.789474 5.980742 -29.884672
v -31.488001 5.981220 -29.882477
v -31.530790 13.298320 -16.050806
v -31.832285 13.298320 -16.050806
v -31.832285 13.212311 -17.875109
v -31.832285 12.998443 -22.411207
v -31.832285 12.557984 -31.753113
v -31.530790 12.557984 -31.753113
v -31.530790 13.371312 -18.288980
v -31.530790 13.212311 -17.875111
v -31.832285 13.212311 -17.875109
v -31.832285 13.212311 -17.875109
v -31.530790 13.212311 -17.875111
v -31.530790 13.298320 -16.050806
v -31.530790 12.557984 -31.753113
v -31.530790 12.998390 -22.411448
v -31.832285 12.998443 -22.411207
v -31.832285 13.214469 -21.429060
v -31.832285 12.998443 -22.411207
v -31.530790 12.998390 -22.411448
v -31.530790 14.504259 -31.870136
v -31.530790 12.557984 -31.753113
v -31.832285 12.557984 -31.753113
v -31.832285 13.212311 -17.875109
v -31.832285 13.371312 -18.288980
v -31.530790 13.371312 -18.288980
v -31.530790 12.998390 -22.411448
v -31.530790 13.214469 -21.429060
v -31.832285 13.214469 -21.429060
v -31.832285 14.504252 -31.870136
v -31.832285 15.244594 -16.167830
v -31.530790 15.244594 -16.167830
v -31.832285 12.557984 -31.753113
v -31.832285 14.504252 -31.870136
v -31.530790 14.504259 -31.870136
v -31.530790 15.244594 -16.167830
v -31.530790 14.504259 -31.870136
v -31.832285 14.504252 -31.870136
v -31.832289 15.575561 40.860348
v -31.832289 14.070956 40.629101
v -31.832285 11.844012 55.118439
v -31.832285 11.844012 55.118439
v -31.832285 13.348618 55.349689
v -31.832289 15.575561 40.860348
v -31.832285 11.844012 55.118439
v -31.832289 14.070956 40.629101
v -31.530792 14.070955 40.629101
v -31.832289 14.070956 40.629101
v -31.832289 15.575561 40.860348
v -31.530792 15.575561 40.860348
v 25.745651 11.831697 -59.673248
v 25.871515 10.314637 -59.673248
v 25.871515 10.314638 -59.974743
v 25.871515 10.314638 -59.974743
v 25.871515 10.314637 -59.673248
v 11.262235 9.102571 -59.673248
v -31.530792 14.070955 40.629101
v -31.530790 11.844012 55.118439
v -31.832285 11.844012 55.118439
v -31.530792 15.575561 40.860348
v -31.530792 14.070955 40.629101
v -31.832289 14.070956 40.629101
v -31.517302 10.311770 -6.011828
v -31.517302 10.424539 -6.329660
v -31.818781 10.424539 -6.329660
v -31.818781 10.424539 -6.329660
v -31.818781 10.311538 -6.011175
v -31.517302 10.311770 -6.011828
v -31.818781 10.311538 -6.011175
v -31.818781 10.269761 -3.749149
v -31.517302 10.269761 -3.749149
v -31.517302 10.269761 -3.749149
v -31.517302 10.311770 -6.011828
v -31.818781 10.311538 -6.011175
v -31.836613 12.720046 -6.884277
v -31.836649 12.783976 -7.623477
v -31.535238 12.783833 -7.623505
v -31.836649 12.783976 -7.623477
v -31.836624 12.911232 -8.001163
v -31.535212 12.911089 -8.001189
v -31.535238 12.783833 -7.623505
v -31.535202 12.719905 -6.884305
v -31.836613 12.720046 -6.884277
v -31.535212 12.911089 -8.001189
v -31.535238 12.783833 -7.623505
v -31.836649 12.783976 -7.623477
v -31.836624 12.911232 -8.001163
v -31.836582 13.019879 -8.094874
v -31.535212 12.911089 -8.001189
v -31.535170 13.019730 -8.094902
v -31.535212 12.911089 -8.001189
v -31.836582 13.019879 -8.094874
v -31.835707 11.910095 7.395002
v -31.835703 11.880529 7.583164
v -31.534292 11.909952 7.394975
v -31.534290 11.880386 7.583138
v -31.534292 11.909952 7.394975
v -31.835703 11.880529 7.583164
v -31.836624 12.911232 -8.001163
v -31.836649 12.783976 -7.623477
v -31.836613 12.720046 -6.884277
v -31.535238 12.783833 -7.623505
v -31.535212 12.911089 -8.001189
v -31.535202 12.719905 -6.884305
v -31.535212 12.911089 -8.001189
v -31.535170 13.019730 -8.094902
v -31.534622 14.161695 -8.032773
v -31.836582 13.019879 -8.094874
v -31.836624 12.911232 -8.001163
v -31.836033 14.161837 -8.032745
v -31.534622 14.161695 -8.032773
v -31.535170 13.019730 -8.094902
v -31.836582 13.019879 -8.094874
v -31.835606 12.144107 7.254567
v -31.835707 11.910095 7.395002
v -31.534292 11.909952 7.394975
v -31.534290 11.880386 7.583138
v -31.534540 11.360780 7.554868
v -31.534292 11.909952 7.394975
v -31.835951 11.360923 7.554895
v -31.835703 11.880529 7.583164
v -31.835707 11.910095 7.395002
v -31.534540 11.360780 7.554868
v -31.534290 11.880386 7.583138
v -31.835703 11.880529 7.583164
v -31.836613 12.720046 -6.884277
v -31.836033 14.161837 -8.032745
v -31.836624 12.911232 -8.001163
v -31.836668 12.584009 -6.781164
v -31.836645 12.573371 -6.476715
v -31.836613 12.720046 -6.884277
v -31.533863 12.770897 7.631585
v -31.533606 13.307892 7.660800
v -31.835276 12.771040 7.631612
v -31.534622 14.161695 -8.032773
v -31.535202 12.719905 -6.884305
v -31.535212 12.911089 -8.001189
v -31.836582 13.019879 -8.094874
v -31.836033 14.161837 -8.032745
v -31.534622 14.161695 -8.032773
v -31.835707 11.910095 7.395002
v -31.835606 12.144107 7.254567
v -31.835951 11.360923 7.554895
v -31.534292 11.909952 7.394975
v -31.534195 12.143965 7.254539
v -31.835606 12.144107 7.254567
v -31.533606 13.307892 7.660800
v -31.835020 13.308036 7.660827
v -31.835276 12.771040 7.631612
v -31.534195 12.143965 7.254539
v -31.534037 12.451676 7.377558
v -31.835449 12.451819 7.377585
v -31.534195 12.143965 7.254539
v -31.534292 11.909952 7.394975
v -31.534540 11.360780 7.554868
v -31.835703 11.880529 7.583164
v -31.835951 11.360923 7.554895
v -31.534540 11.360780 7.554868
v -31.836033 14.161837 -8.032745
v -31.836613 12.720046 -6.884277
v -31.836645 12.573371 -6.476715
v -31.836033 14.161837 -8.032745
v -31.835020 13.308036 7.660827
v -31.533606 13.307892 7.660800
v -31.535233 12.573228 -6.476741
v -31.535257 12.583867 -6.781191
v -31.535202 12.719905 -6.884305
v -31.836645 12.573371 -6.476715
v -31.836668 12.584009 -6.781164
v -31.535257 12.583867 -6.781191
v -31.533606 13.307892 7.660800
v -31.533863 12.770897 7.631585
v -31.534037 12.451676 7.377558
v -31.535202 12.719905 -6.884305
v -31.534622 14.161695 -8.032773
v -31.535233 12.573228 -6.476741
v -31.533606 13.307892 7.660800
v -31.534622 14.161695 -8.032773
v -31.836033 14.161837 -8.032745
v -31.836838 12.106208 -6.144049
v -31.835951 11.360923 7.554895
v -31.835606 12.144107 7.254567
v -31.835449 12.451819 7.377585
v -31.835606 12.144107 7.254567
v -31.534195 12.143965 7.254539
v -31.835449 12.451819 7.377585
v -31.835276 12.771040 7.631612
v -31.835020 13.308036 7.660827
v -31.534037 12.451676 7.377558
v -31.534195 12.143965 7.254539
v -31.535425 12.106065 -6.144077
v -31.534540 11.360780 7.554868
v -31.535425 12.106065 -6.144077
v -31.534195 12.143965 7.254539
v -31.534540 11.360780 7.554868
v -31.835951 11.360923 7.554895
v -31.836838 12.106208 -6.144049
v -31.835020 13.308036 7.660827
v -31.836033 14.161837 -8.032745
v -31.836645 12.573371 -6.476715
v -31.535257 12.583867 -6.781191
v -31.535233 12.573228 -6.476741
v -31.836645 12.573371 -6.476715
v -31.535360 12.240524 -6.136762
v -31.533606 13.307892 7.660800
v -31.534037 12.451676 7.377558
v -31.534622 14.161695 -8.032773
v -31.533606 13.307892 7.660800
v -31.535233 12.573228 -6.476741
v -31.835606 12.144107 7.254567
v -31.835449 12.451819 7.377585
v -31.836838 12.106208 -6.144049
v -31.835020 13.308036 7.660827
v -31.836775 12.240668 -6.136734
v -31.835449 12.451819 7.377585
v -31.535425 12.106065 -6.144077
v -31.535360 12.240524 -6.136762
v -31.534037 12.451676 7.377558
v -31.836838 12.106208 -6.144049
v -31.535425 12.106065 -6.144077
v -31.534540 11.360780 7.554868
v -31.836775 12.240668 -6.136734
v -31.835020 13.308036 7.660827
v -31.836645 12.573371 -6.476715
v -31.836765 12.317286 -6.455281
v -31.836645 12.573371 -6.476715
v -31.535233 12.573228 -6.476741
v -31.533606 13.307892 7.660800
v -31.535360 12.240524 -6.136762
v -31.535233 12.573228 -6.476741
v -31.836775 12.240668 -6.136734
v -31.836838 12.106208 -6.144049
v -31.835449 12.451819 7.377585
v -31.535360 12.240524 -6.136762
v -31.535425 12.106065 -6.144077
v -31.836838 12.106208 -6.144049
v -31.836645 12.573371 -6.476715
v -31.836765 12.317286 -6.455281
v -31.836775 12.240668 -6.136734
v -31.535233 12.573228 -6.476741
v -31.535355 12.317144 -6.455308
v -31.836765 12.317286 -6.455281
v -31.535355 12.317144 -6.455308
v -31.535233 12.573228 -6.476741
v -31.535360 12.240524 -6.136762
v -31.836838 12.106208 -6.144049
v -31.836775 12.240668 -6.136734
v -31.535360 12.240524 -6.136762
v -31.836775 12.240668 -6.136734
v -31.836765 12.317286 -6.455281
v -31.535355 12.317144 -6.455308
v -31.535355 12.317144 -6.455308
v -31.535360 12.240524 -6.136762
v -31.836775 12.240668 -6.136734
v -31.530872 6.711057 55.751919
v -31.530872 6.808198 55.857510
v -31.832281 6.711057 55.751919
v -31.832281 6.808193 55.857510
v -31.832281 6.711057 55.751919
v -31.530872 6.808198 55.857510
v -31.832281 7.949722 55.927193
v -31.832281 6.808193 55.857510
v -31.530872 6.808198 55.857510
v -31.832281 6.961002 40.120796
v -31.832281 7.480411 40.152504
v -31.530869 7.480411 40.152504
v -31.530872 6.808198 55.857510
v -31.530872 7.949722 55.927193
v -31.832281 7.949722 55.927193
v -31.530869 7.480411 40.152504
v -31.530869 6.961002 40.120796
v -31.832281 6.961002 40.120796
v -31.530872 6.125068 53.814510
v -31.530869 6.961002 40.120796
v -31.530869 7.704428 40.509247
v -31.530869 8.024251 40.422451
v -31.530869 8.370582 40.206844
v -31.530869 8.907372 40.239613
v -31.832281 6.961002 40.120796
v -31.530869 6.961002 40.120796
v -31.530872 6.125068 53.814510
v -31.530869 8.907372 40.239613
v -31.530872 7.949722 55.927193
v -31.530872 6.550851 54.198719
v -31.530869 7.704428 40.509247
v -31.530869 8.024251 40.422451
v -31.530872 6.125068 53.814510
v -31.530869 8.907372 40.239613
v -31.530872 6.259477 53.822712
v -31.530869 8.024251 40.422451
v -31.530872 6.125068 53.814510
v -31.832281 6.125068 53.814510
v -31.832281 6.961002 40.120796
v -31.530872 6.259477 53.822712
v -31.530869 8.907372 40.239613
v -31.530872 6.550851 54.198719
v -31.530872 6.298934 54.147961
v -31.530872 6.550851 54.198719
v -31.832281 6.550851 54.198719
v -31.530872 6.259477 53.822712
v -31.530872 6.125068 53.814510
v -31.530869 8.024251 40.422451
v -31.530872 6.550851 54.198719
v -31.530872 6.298934 54.147961
v -31.530872 6.259477 53.822712
v -31.832281 6.550851 54.198719
v -31.832281 6.298934 54.147961
v -31.530872 6.298934 54.147961
v -31.530872 6.259477 53.822712
v -31.530872 6.298934 54.147961
v -31.832281 6.298934 54.147961
v -31.832281 6.298934 54.147961
v -31.832281 6.259477 53.822712
v -31.530872 6.259477 53.822712
v -31.832142 9.082207 40.171700
v -31.832142 11.031050 40.110977
v -31.530645 11.031050 40.110977
v -31.832142 11.031050 40.110977
v -31.832142 11.443259 49.453930
v -31.530645 11.443231 49.454174
v -31.530645 11.443231 49.454174
v -31.530645 11.031050 40.110977
v -31.832142 11.031050 40.110977
v -31.530645 11.031050 40.110977
v -31.530645 9.082213 40.171700
v -31.832142 9.082207 40.171700
v -31.832142 9.775025 55.876171
v -31.832142 9.082207 40.171700
v -31.530645 9.082213 40.171700
v -31.530645 11.317551 50.451916
v -31.530645 11.443231 49.454174
v -31.832142 11.443259 49.453930
v -31.832142 11.443259 49.453930
v -31.832142 11.317550 50.451916
v -31.530645 11.317551 50.451916
v -31.530645 9.082213 40.171700
v -31.530645 9.775025 55.876171
v -31.832142 9.775025 55.876171
v -31.530645 11.447339 53.593231
v -31.530645 11.317551 50.451916
v -31.832142 11.317550 50.451916
v -31.832142 11.317550 50.451916
v -31.832142 11.447339 53.593231
v -31.530645 11.447339 53.593231
v -31.531935 14.272074 27.024984
v -31.520735 13.274367 15.899050
v -31.822214 13.274844 15.898704
v -31.822214 13.274844 15.898704
v -31.833414 14.272552 27.024637
v -31.531935 14.272074 27.024984
v -31.531935 14.272074 27.024984
v -31.532221 14.100252 27.037169
v -31.520735 13.274367 15.899050
v -31.531935 14.272074 27.024984
v -31.833414 14.272552 27.024637
v -31.833700 14.100730 27.036819
v -31.523977 11.329686 16.036938
v -31.520735 13.274367 15.899050
v -31.532221 14.100252 27.037169
v -31.520735 13.274367 15.899050
v -31.523977 11.329686 16.036938
v -31.825459 11.330165 16.036591
v -31.825459 11.330165 16.036591
v -31.822214 13.274844 15.898704
v -31.520735 13.274367 15.899050
v -31.833700 14.100730 27.036819
v -31.833414 14.272552 27.024637
v -31.822214 13.274844 15.898704
v -31.833700 14.100730 27.036819
v -31.532221 14.100252 27.037169
v -31.531935 14.272074 27.024984
v -31.539743 12.733987 31.697035
v -31.523977 11.329686 16.036938
v -31.532221 14.100252 27.037169
v -31.841223 12.734466 31.696690
v -31.825459 11.330165 16.036591
v -31.523977 11.329686 16.036938
v -31.825459 11.330165 16.036591
v -31.841223 12.734466 31.696690
v -31.822214 13.274844 15.898704
v -31.532221 14.100252 27.037169
v -31.532709 14.027820 27.361689
v -31.539743 12.733987 31.697035
v -31.822214 13.274844 15.898704
v -31.834188 14.028299 27.361343
v -31.833700 14.100730 27.036819
v -31.532709 14.027820 27.361689
v -31.532221 14.100252 27.037169
v -31.833700 14.100730 27.036819
v -31.523977 11.329686 16.036938
v -31.539743 12.733987 31.697035
v -31.841223 12.734466 31.696690
v -31.834188 14.028299 27.361343
v -31.822214 13.274844 15.898704
v -31.841223 12.734466 31.696690
v -31.532709 14.027820 27.361689
v -31.534729 14.374700 29.597349
v -31.539743 12.733987 31.697035
v -31.833700 14.100730 27.036819
v -31.834188 14.028299 27.361343
v -31.532709 14.027820 27.361689
v -31.837980 14.679145 31.558798
v -31.841223 12.734466 31.696690
v -31.539743 12.733987 31.697035
v -31.539743 12.733987 31.697035
v -31.536499 14.678667 31.559147
v -31.837980 14.679145 31.558798
v -31.536499 14.678667 31.559147
v -31.539743 12.733987 31.697035
v -31.534729 14.374700 29.597349
v -31.836210 14.375498 29.597620
v -31.834188 14.028299 27.361343
v -31.841223 12.734466 31.696690
v -31.534729 14.374700 29.597349
v -31.532709 14.027820 27.361689
v -31.834188 14.028299 27.361343
v -31.841223 12.734466 31.696690
v -31.837980 14.679145 31.558798
v -31.836210 14.375498 29.597620
v -31.837980 14.679145 31.558798
v -31.536499 14.678667 31.559147
v -31.534826 14.529675 29.897657
v -31.534729 14.374700 29.597349
v -31.534826 14.529675 29.897657
v -31.536499 14.678667 31.559147
v -31.834188 14.028299 27.361343
v -31.836210 14.375498 29.597620
v -31.534729 14.374700 29.597349
v -31.837980 14.679145 31.558798
v -31.836308 14.530154 29.897312
v -31.836210 14.375498 29.597620
v -31.534826 14.529675 29.897657
v -31.836308 14.530154 29.897312
v -31.837980 14.679145 31.558798
v -31.534826 14.529675 29.897657
v -31.534729 14.374700 29.597349
v -31.836210 14.375498 29.597620
v -31.836210 14.375498 29.597620
v -31.836308 14.530154 29.897312
v -31.534826 14.529675 29.897657
v -31.530790 7.212575 16.064611
v -31.832285 7.212575 16.064611
v -31.832285 7.298585 17.888914
v -31.832285 7.512454 22.425014
v -31.832285 7.952911 31.766920
v -31.530790 7.952911 31.766920
v -31.530790 7.139583 18.302786
v -31.530790 7.298585 17.888916
v -31.832285 7.298585 17.888914
v -31.832285 7.298585 17.888914
v -31.530790 7.298585 17.888916
v -31.530790 7.212575 16.064611
v -31.530790 7.952911 31.766920
v -31.530790 7.512506 22.425253
v -31.832285 7.512454 22.425014
v -31.832285 7.296428 21.442865
v -31.832285 7.512454 22.425014
v -31.530790 7.512506 22.425253
v -31.530790 6.006638 31.883942
v -31.530790 7.952911 31.766920
v -31.832285 7.952911 31.766920
v 25.871515 10.314638 -59.974743
v 25.745651 11.831697 -59.974743
v 25.745651 11.831697 -59.673248
v 11.262235 9.102571 -59.673248
v 11.262235 9.102571 -59.974743
v 25.871515 10.314638 -59.974743
v 21.751472 5.916146 -59.675373
v 10.625611 6.913854 -59.717480
v 10.626710 6.913374 -60.018959
v -31.832285 7.139584 18.302786
v -31.832285 7.296428 21.442865
v -31.530790 7.296428 21.442865
v -31.832285 7.298585 17.888914
v -31.832285 7.139584 18.302786
v -31.530790 7.139583 18.302786
v -31.530790 7.512506 22.425253
v -31.530790 7.296428 21.442865
v -31.832285 7.296428 21.442865
v -31.832285 6.006644 31.883940
v -31.832285 5.266302 16.181635
v -31.530790 5.266302 16.181635
v -31.832285 7.952911 31.766920
v -31.832285 6.006644 31.883940
v -31.530790 6.006638 31.883942
v -31.530790 7.296428 21.442865
v -31.530790 7.139583 18.302786
v -31.832285 7.139584 18.302786
v -31.530790 5.266302 16.181635
v -31.530790 6.006638 31.883942
v -31.832285 6.006644 31.883940
v 31.725006 4.935336 40.846542
v 31.725004 6.439940 40.615292
v 31.725004 8.666883 55.104633
v 31.725004 8.666883 55.104633
v 31.725004 7.162279 55.335884
v 31.725006 4.935336 40.846542
v 31.725004 8.666883 55.104633
v 31.725004 6.439940 40.615292
v 31.423508 6.439941 40.615292
v 31.725004 6.439940 40.615292
v 31.725006 4.935336 40.846542
v 31.423508 4.935337 40.846542
v 31.423508 4.935337 40.846542
v 31.725006 4.935336 40.846542
v 31.725004 7.162279 55.335884
v 10.626710 6.913374 -60.018959
v 21.752571 5.915668 -59.976856
v 21.751472 5.916146 -59.675373
v 21.751472 5.916146 -59.675373
v 21.763657 6.087968 -59.675606
v 10.625611 6.913854 -59.717480
v 21.751472 5.916146 -59.675373
v 21.752571 5.915668 -59.976856
v 21.764753 6.087490 -59.977081
v 10.763514 8.858534 -59.720062
v 10.625611 6.913854 -59.717480
v 21.763657 6.087968 -59.675606
v 10.625611 6.913854 -59.717480
v 10.763514 8.858534 -59.720062
v 10.764612 8.858055 -60.021542
v 10.764612 8.858055 -60.021542
v 10.626710 6.913374 -60.018959
v 10.625611 6.913854 -59.717480
v 21.764753 6.087490 -59.977081
v 21.752571 5.915668 -59.976856
v 10.626710 6.913374 -60.018959
v 21.764753 6.087490 -59.977081
v 21.763657 6.087968 -59.675606
v 21.751472 5.916146 -59.675373
v 26.423508 7.454234 -59.660805
v 10.763514 8.858534 -59.720062
v 21.763657 6.087968 -59.675606
v 10.764612 8.858055 -60.021542
v 26.424606 7.453755 -59.962280
v 10.626710 6.913374 -60.018959
v 21.763657 6.087968 -59.675606
v 22.088179 6.160399 -59.674538
v 26.423508 7.454234 -59.660805
v 10.626710 6.913374 -60.018959
v 22.089277 6.159921 -59.976013
v 21.764753 6.087490 -59.977081
v 22.088179 6.160399 -59.674538
v 21.763657 6.087968 -59.675606
v 21.764753 6.087490 -59.977081
v 22.089277 6.159921 -59.976013
v 10.626710 6.913374 -60.018959
v 26.424606 7.453755 -59.962280
v 22.088179 6.160399 -59.674538
v 24.323822 5.813520 -59.665844
v 26.423508 7.454234 -59.660805
v 21.764753 6.087490 -59.977081
v 22.089277 6.159921 -59.976013
v 22.088179 6.160399 -59.674538
v 26.285604 5.509553 -59.658215
v 26.423508 7.454234 -59.660805
v 24.323822 5.813520 -59.665844
v 24.325537 5.812723 -59.967316
v 22.089277 6.159921 -59.976013
v 26.424606 7.453755 -59.962280
v 24.323822 5.813520 -59.665844
v 22.088179 6.160399 -59.674538
v 22.089277 6.159921 -59.976013
v 26.424606 7.453755 -59.962280
v 26.286703 5.509075 -59.959694
v 24.325537 5.812723 -59.967316
v 26.286703 5.509075 -59.959694
v 26.285604 5.509553 -59.658215
v 24.624126 5.658544 -59.664501
v 24.323822 5.813520 -59.665844
v 24.624126 5.658544 -59.664501
v 26.285604 5.509553 -59.658215
v 22.089277 6.159921 -59.976013
v 24.325537 5.812723 -59.967316
v 24.323822 5.813520 -59.665844
v 26.286703 5.509075 -59.959694
v 24.625225 5.658065 -59.965981
v 24.325537 5.812723 -59.967316
v 24.624126 5.658544 -59.664501
v 24.625225 5.658065 -59.965981
v 26.286703 5.509075 -59.959694
v 24.624126 5.658544 -59.664501
v 24.323822 5.813520 -59.665844
v 24.325537 5.812723 -59.967316
v 24.325537 5.812723 -59.967316
v 24.625225 5.658065 -59.965981
v 24.624126 5.658544 -59.664501
v 10.791831 12.975644 -59.673248
v 10.791831 12.975644 -59.974743
v 12.616134 12.889635 -59.974743
v 17.152233 12.675766 -59.974743
v 26.494139 12.235309 -59.974743
v 26.494139 12.235309 -59.673248
v 31.656265 7.212575 -16.063749
v 31.657034 5.266302 -16.180769
v 31.670944 7.139584 -18.301874
v 31.670944 7.139584 -18.301874
v 31.668228 7.298585 -17.888012
v 31.656265 7.212575 -16.063749
v 31.691534 7.296428 -21.441885
v 31.697977 7.512454 -22.424013
v 31.396488 7.512506 -22.426229
v 31.396488 7.512506 -22.426229
v 31.390045 7.296428 -21.443863
v 31.691534 7.296428 -21.441885
v 31.670944 7.139584 -18.301874
v 31.691534 7.296428 -21.441885
v 31.390045 7.296428 -21.443863
v 31.390045 7.296428 -21.443863
v 31.369455 7.139583 -18.303852
v 31.670944 7.139584 -18.301874
v 31.423588 6.526387 -54.502369
v 31.423588 6.550851 -54.198719
v 31.423588 6.649656 -54.620453
v 31.423590 7.949722 -55.927193
v 31.423588 6.649656 -54.620453
v 31.423588 6.550851 -54.198719
v 31.423588 8.907372 -40.239613
v 31.423590 7.949722 -55.927193
v 31.423588 6.550851 -54.198719
v 31.423590 6.808198 -55.857510
v 31.423590 6.711057 -55.751919
v 31.423590 7.949722 -55.927193
v 31.423588 6.649656 -54.620453
v 31.423590 7.949722 -55.927193
v 31.423590 6.711057 -55.751919
v 31.423590 6.711057 -55.751919
v 31.423590 6.628104 -55.362099
v 31.423588 6.649656 -54.620453
v 31.668228 7.298585 -17.888012
v 31.670944 7.139584 -18.301874
v 31.369455 7.139583 -18.303852
v 31.369455 7.139583 -18.303852
v 31.366739 7.298585 -17.889990
v 31.668228 7.298585 -17.888012
v 31.430939 14.374700 -29.597555
v 31.431458 14.529675 -29.897861
v 31.435461 14.678667 -31.559347
v 31.435461 14.678667 -31.559347
v 31.438902 12.733987 -31.697229
v 31.430939 14.374700 -29.597555
v 31.425785 14.027820 -27.361898
v 31.430939 14.374700 -29.597555
v 31.438902 12.733987 -31.697229
v 31.424839 14.100252 -27.037378
v 31.425785 14.027820 -27.361898
v 31.438902 12.733987 -31.697229
v 31.438902 12.733987 -31.697229
v 31.401167 11.329686 -16.037170
v 31.424839 14.100252 -27.037378
v 31.401167 11.329686 -16.037170
v 31.397726 13.274367 -15.899286
v 31.424839 14.100252 -27.037378
v 31.424536 14.272074 -27.025196
v 31.424839 14.100252 -27.037378
v 31.397726 13.274367 -15.899286
v 31.403357 13.307892 -7.660787
v 31.704771 13.308036 -7.660840
v 31.705030 12.771040 -7.631625
v 31.403616 12.770897 -7.631572
v 31.403357 13.307892 -7.660787
v 31.705030 12.771040 -7.631625
v 31.404047 11.880386 -7.583125
v 31.404301 11.360780 -7.554855
v 31.404068 11.909952 -7.394961
v 31.403980 12.143965 -7.254526
v 31.404068 11.909952 -7.394961
v 31.404301 11.360780 -7.554855
v 31.404301 11.360780 -7.554855
v 31.406378 12.106065 6.144090
v 31.403980 12.143965 -7.254526
v 31.403814 12.451676 -7.377545
v 31.403980 12.143965 -7.254526
v 31.406378 12.106065 6.144090
v 31.406378 12.106065 6.144090
v 31.406315 12.240524 6.136775
v 31.403814 12.451676 -7.377545
v 31.406315 12.240524 6.136775
v 31.403357 13.307892 -7.660787
v 31.403814 12.451676 -7.377545
v 31.403357 13.307892 -7.660787
v 31.403616 12.770897 -7.631572
v 31.403814 12.451676 -7.377545
v 31.406332 12.317144 6.455321
v 31.406218 12.573228 6.476754
v 31.406315 12.240524 6.136775
v 31.403357 13.307892 -7.660787
v 31.406315 12.240524 6.136775
v 31.406218 12.573228 6.476754
v 31.405741 14.161695 8.032786
v 31.403357 13.307892 -7.660787
v 31.406218 12.573228 6.476754
v 31.406219 12.719905 6.884318
v 31.405741 14.161695 8.032786
v 31.406218 12.573228 6.476754
v 31.406218 12.573228 6.476754
v 31.406265 12.583867 6.781204
v 31.406219 12.719905 6.884318
v 31.406321 12.783833 7.623518
v 31.406326 12.911089 8.001204
v 31.406219 12.719905 6.884318
v 31.405741 14.161695 8.032786
v 31.406219 12.719905 6.884318
v 31.406326 12.911089 8.001204
v 31.406326 12.911089 8.001204
v 31.406294 13.019730 8.094915
v 31.405741 14.161695 8.032786
v 31.705709 11.360923 -7.554909
v 31.705460 11.880529 -7.583177
v 31.705479 11.910095 -7.395015
v 31.705479 11.910095 -7.395015
v 31.705393 12.144107 -7.254580
v 31.705709 11.360923 -7.554909
v 31.707792 12.106208 6.144036
v 31.705709 11.360923 -7.554909
v 31.705393 12.144107 -7.254580
v 31.705393 12.144107 -7.254580
v 31.705225 12.451819 -7.377598
v 31.707792 12.106208 6.144036
v 31.707724 12.240668 6.136720
v 31.707792 12.106208 6.144036
v 31.705225 12.451819 -7.377598
v 31.704771 13.308036 -7.660840
v 31.707724 12.240668 6.136720
v 31.705225 12.451819 -7.377598
v 31.705225 12.451819 -7.377598
v 31.705030 12.771040 -7.631625
v 31.704771 13.308036 -7.660840
v 31.707676 12.584009 6.781150
v 31.707626 12.573371 6.476701
v 31.707630 12.720046 6.884264
v 31.707151 14.161837 8.032732
v 31.707630 12.720046 6.884264
v 31.707626 12.573371 6.476701
v 31.423508 6.439941 40.615292
v 31.423508 8.666883 55.104633
v 31.725004 8.666883 55.104633
v 31.423508 4.935337 40.846542
v 31.423508 6.439941 40.615292
v 31.725004 6.439940 40.615292
v 31.725004 7.162279 55.335884
v 31.423508 7.162279 55.335884
v 31.423508 4.935337 40.846542
v 31.423590 13.799840 55.738110
v 31.423590 13.702698 55.843700
v 31.725000 13.799840 55.738110
v 31.725000 13.702704 55.843700
v 31.725000 13.799840 55.738110
v 31.423590 13.702698 55.843700
v 31.423590 13.799840 55.738110
v 31.423590 13.882792 55.348293
v 31.423588 13.861239 54.606647
v 31.423590 13.702698 55.843700
v 31.423590 13.799840 55.738110
v 31.423590 12.561175 55.913387
v 31.725000 12.561175 55.913387
v 31.725000 13.702704 55.843700
v 31.423590 13.702698 55.843700
v 31.725000 13.549895 40.106991
v 31.725000 13.030486 40.138699
v 31.423588 13.030486 40.138699
v 31.423588 13.861239 54.606647
v 31.423590 12.561175 55.913387
v 31.423590 13.799840 55.738110
v 31.423588 13.984509 54.488564
v 31.423588 13.960045 54.184914
v 31.423588 13.861239 54.606647
v 31.423590 13.702698 55.843700
v 31.423590 12.561175 55.913387
v 31.725000 12.561175 55.913387
v 31.423588 13.030486 40.138699
v 31.423588 13.549893 40.106991
v 31.725000 13.549895 40.106991
v 31.423590 12.561175 55.913387
v 31.423588 13.861239 54.606647
v 31.423588 13.960045 54.184914
v 31.725000 13.549895 40.106991
v 31.423588 13.549893 40.106991
v 31.423588 14.385828 53.800701
v 31.423588 11.603525 40.225807
v 31.423590 12.561175 55.913387
v 31.423588 13.960045 54.184914
v 31.423588 14.385828 53.800701
v 31.725000 14.385828 53.800701
v 31.725000 13.549895 40.106991
v 31.724859 11.428690 40.157894
v 31.724859 9.479846 40.097172
v 31.423365 9.479846 40.097172
v 31.724859 9.479846 40.097172
v 31.724859 9.067636 49.440125
v 31.423365 9.067666 49.440369
v 31.423365 9.067666 49.440369
v 31.423365 9.479846 40.097172
v 31.724859 9.479846 40.097172
v 31.423365 9.479846 40.097172
v 31.423361 11.428683 40.157894
v 31.724859 11.428690 40.157894
v 31.724859 10.735871 55.862366
v 31.724859 11.428690 40.157894
v 31.423361 11.428683 40.157894
v 31.423365 9.193345 50.438107
v 31.423365 9.067666 49.440369
v 31.724859 9.067636 49.440125
v 31.423361 11.428683 40.157894
v 31.423365 9.479846 40.097172
v 31.423365 9.067666 49.440369
v 31.724859 9.067636 49.440125
v 31.724859 9.193346 50.438107
v 31.423365 9.193345 50.438107
v 31.423361 11.428683 40.157894
v 31.423365 10.735871 55.862366
v 31.724859 10.735871 55.862366
v 31.423365 9.067666 49.440369
v 31.423365 9.193345 50.438107
v 31.423361 11.428683 40.157894
v 31.423365 9.063558 53.579426
v 31.423365 9.193345 50.438107
v 31.724859 9.193346 50.438107
v 31.423365 10.735871 55.862366
v 31.423361 11.428683 40.157894
v 31.423365 9.193345 50.438107
v 31.724859 9.193346 50.438107
v 31.724859 9.063558 53.579426
v 31.423365 9.063558 53.579426
v 31.377356 6.238822 27.011112
v 31.371113 7.236530 15.885172
v 31.672592 7.236051 15.884959
v 31.672592 7.236051 15.884959
v 31.678837 6.238344 27.010899
v 31.377356 6.238822 27.011112
v 31.377356 6.238822 27.011112
v 31.377638 6.410645 27.023294
v 31.371113 7.236530 15.885172
v 31.377356 6.238822 27.011112
v 31.678837 6.238344 27.010899
v 31.679117 6.410166 27.023081
v 31.374296 9.181210 16.023062
v 31.371113 7.236530 15.885172
v 31.377638 6.410645 27.023294
v 31.679117 6.410166 27.023081
v 31.678837 6.238344 27.010899
v 31.672592 7.236051 15.884959
v 31.679117 6.410166 27.023081
v 31.377638 6.410645 27.023294
v 31.377356 6.238822 27.011112
v 31.383081 7.776910 31.683165
v 31.374296 9.181210 16.023062
v 31.377638 6.410645 27.023294
v 31.684561 7.776432 31.682953
v 31.675776 9.180732 16.022848
v 31.374296 9.181210 16.023062
v 31.675776 9.180732 16.022848
v 31.684561 7.776432 31.682953
v 31.672592 7.236051 15.884959
v 31.377638 6.410645 27.023294
v 31.377979 6.483076 27.347815
v 31.383081 7.776910 31.683165
v 31.672592 7.236051 15.884959
v 31.679459 6.482597 27.347605
v 31.679117 6.410166 27.023081
v 31.377979 6.483076 27.347815
v 31.377638 6.410645 27.023294
v 31.679117 6.410166 27.023081
v 31.374296 9.181210 16.023062
v 31.383081 7.776910 31.683165
v 31.684561 7.776432 31.682953
v 31.679459 6.482597 27.347605
v 31.672592 7.236051 15.884959
v 31.684561 7.776432 31.682953
v 31.377979 6.483076 27.347815
v 31.379002 6.136197 29.583479
v 31.383081 7.776910 31.683165
v 31.679117 6.410166 27.023081
v 31.679459 6.482597 27.347605
v 31.377979 6.483076 27.347815
v 31.379898 5.832229 31.545273
v 31.383081 7.776910 31.683165
v 31.379002 6.136197 29.583479
v 31.680481 6.135399 29.583881
v 31.679459 6.482597 27.347605
v 31.684561 7.776432 31.682953
v 31.379002 6.136197 29.583479
v 31.377979 6.483076 27.347815
v 31.679459 6.482597 27.347605
v 31.684561 7.776432 31.682953
v 31.681379 5.831751 31.545063
v 31.680481 6.135399 29.583881
v 31.379002 6.136197 29.583479
v 31.378967 5.981220 29.883783
v 31.379898 5.832229 31.545273
v 31.679459 6.482597 27.347605
v 31.680481 6.135399 29.583881
v 31.379002 6.136197 29.583479
v 31.681379 5.831751 31.545063
v 31.680449 5.980742 29.883574
v 31.680481 6.135399 29.583881
v 31.378967 5.981220 29.883783
v 31.379002 6.136197 29.583479
v 31.680481 6.135399 29.583881
v 31.680481 6.135399 29.583881
v 31.680449 5.980742 29.883574
v 31.378967 5.981220 29.883783
v 31.423508 13.298320 16.050806
v 31.725004 13.298320 16.050806
v 31.725004 13.212311 17.875109
v 31.725004 12.998443 22.411207
v 31.725004 12.557984 31.753113
v 31.423508 12.557984 31.753113
v 31.423508 13.371312 18.288980
v 31.423508 13.212311 17.875111
v 31.725004 13.212311 17.875109
v 31.725004 13.212311 17.875109
v 31.423508 13.212311 17.875111
v 31.423508 13.298320 16.050806
v 31.423508 12.557984 31.753113
v 31.423508 12.998390 22.411448
v 31.725004 12.998443 22.411207
v 31.725004 13.214469 21.429060
v 31.725004 12.998443 22.411207
v 31.423508 12.998390 22.411448
v 31.423508 14.504259 31.870136
v 31.423508 12.557984 31.753113
v 31.725004 12.557984 31.753113
v 31.725004 13.212311 17.875109
v 31.725004 13.371312 18.288980
v 31.423508 13.371312 18.288980
v 31.423508 12.998390 22.411448
v 31.423508 13.214469 21.429060
v 31.725004 13.214469 21.429060
v 31.725004 14.504252 31.870136
v 31.725004 15.244594 16.167830
v 31.423508 15.244594 16.167830
v 31.725004 12.557984 31.753113
v 31.725004 14.504252 31.870136
v 31.423508 14.504259 31.870136
v 31.423508 15.244594 16.167830
v 31.423508 14.504259 31.870136
v 31.725004 14.504252 31.870136
v 31.390045 7.296428 -21.443863
v 31.396488 7.512506 -22.426229
v 31.458515 6.006638 -31.884714
v 31.457748 7.952911 -31.767694
v 31.458515 6.006638 -31.884714
v 31.396488 7.512506 -22.426229
v 31.406321 12.783833 7.623518
v 31.406219 12.719905 6.884318
v 31.707630 12.720046 6.884264
v 31.707630 12.720046 6.884264
v 31.707731 12.783976 7.623464
v 31.406321 12.783833 7.623518
v 31.406326 12.911089 8.001204
v 31.406321 12.783833 7.623518
v 31.707731 12.783976 7.623464
v 31.707731 12.783976 7.623464
v 31.707739 12.911232 8.001150
v 31.406326 12.911089 8.001204
v 31.707739 12.911232 8.001150
v 31.707703 13.019879 8.094862
v 31.406326 12.911089 8.001204
v 31.406294 13.019730 8.094915
v 31.406326 12.911089 8.001204
v 31.707703 13.019879 8.094862
v 31.423590 6.711057 -55.751919
v 31.423590 6.808198 -55.857510
v 31.725000 6.711057 -55.751919
v 31.725000 6.808193 -55.857510
v 31.725000 6.711057 -55.751919
v 31.423590 6.808198 -55.857510
v 31.707188 10.311538 6.011175
v 31.707188 10.269761 3.749149
v 31.405706 10.269761 3.749149
v 31.405706 10.269761 3.749149
v 31.405706 10.311770 6.011828
v 31.707188 10.311538 6.011175
v 31.707188 10.424539 6.329660
v 31.707188 10.311538 6.011175
v 31.405706 10.311770 6.011828
v 31.405706 10.311770 6.011828
v 31.405706 10.424539 6.329660
v 31.707188 10.424539 6.329660
v 31.760004 6.006644 -31.882736
v 31.759237 7.952911 -31.765717
v 31.697977 7.512454 -22.424013
v 31.697977 7.512454 -22.424013
v 31.691534 7.296428 -21.441885
v 31.760004 6.006644 -31.882736
v 31.657034 5.266302 -16.180769
v 31.760004 6.006644 -31.882736
v 31.691534 7.296428 -21.441885
v 31.691534 7.296428 -21.441885
v 31.670944 7.139584 -18.301874
v 31.657034 5.266302 -16.180769
v 11.957714 14.879648 -58.925274
v 11.957715 5.410573 -59.427547
v 11.957715 5.410573 -58.925274
v 11.957715 5.410573 -59.427547
v 11.957714 14.879648 -58.925274
v 11.957713 14.879648 -59.427547
v 25.229086 6.051996 -59.125275
v 12.599139 6.051997 -59.252930
v 12.599139 6.051997 -59.125275
v 12.599139 6.051997 -59.252930
v 25.229086 6.051996 -59.125275
v 25.229086 6.051996 -59.252930
v 12.599139 6.051997 -59.252930
v 12.599138 14.238227 -59.125275
v 12.599139 6.051997 -59.125275
v 12.599138 14.238227 -59.125275
v 12.599139 6.051997 -59.252930
v 12.599139 14.238225 -59.252930
v 25.229086 14.238225 -59.252930
v 25.229086 6.051996 -59.125275
v 25.229084 14.238223 -59.125275
v 25.229086 6.051996 -59.125275
v 25.229086 14.238225 -59.252930
v 25.229086 6.051996 -59.252930
v 12.599138 14.238227 -59.125275
v 25.229086 14.238225 -59.252930
v 25.229084 14.238223 -59.125275
v 25.229086 14.238225 -59.252930
v 12.599138 14.238227 -59.125275
v 12.599139 14.238225 -59.252930
v 30.838556 6.051994 54.212688
v 30.966215 6.051996 41.582745
v 30.838556 6.051996 41.582745
v 30.966215 6.051996 41.582745
v 30.838556 6.051994 54.212688
v 30.966215 6.051994 54.212688
v 30.838556 14.238225 41.582745
v 30.966215 14.238223 54.212688
v 30.838556 14.238222 54.212688
v 30.966215 14.238223 54.212688
v 30.838556 14.238225 41.582745
v 30.966215 14.238223 41.582745
v 31.140827 5.410572 30.905256
v 30.638556 5.410572 16.992460
v 31.140827 5.410572 16.992460
v 30.638556 5.410572 16.992460
v 31.140827 5.410572 30.905256
v 30.638556 5.410572 30.905256
v 30.838556 14.238225 17.633884
v 30.966215 14.238223 30.263830
v 30.838556 14.238223 30.263830
v 30.966215 14.238223 30.263830
v 30.838556 14.238225 17.633884
v 30.966215 14.238223 17.633884
v 30.966215 6.051996 17.633884
v 30.838556 14.238225 17.633884
v 30.838556 6.051996 17.633886
v 30.838556 14.238225 17.633884
v 30.966215 6.051996 17.633884
v 30.966215 14.238223 17.633884
v 30.838556 6.051994 30.263830
v 30.966215 6.051996 17.633884
v 30.838556 6.051996 17.633886
v 30.966215 6.051996 17.633884
v 30.838556 6.051994 30.263830
v 30.966215 6.051994 30.263830
v 30.638556 14.879646 -6.956398
v 31.140827 5.410572 -6.956397
v 30.638556 5.410572 -6.956397
v 31.140827 5.410572 -6.956397
v 30.638556 14.879646 -6.956398
v 31.140827 14.879646 -6.956399
v 30.838556 6.051994 6.314973
v 30.966215 6.051996 -6.314972
v 30.838556 6.051996 -6.314972
v 30.966215 6.051996 -6.314972
v 30.838556 6.051994 6.314973
v 30.966215 6.051994 6.314973
v 30.966215 6.051996 -6.314972
v 30.838556 14.238225 -6.314974
v 30.838556 6.051996 -6.314972
v 30.838556 14.238225 -6.314974
v 30.966215 6.051996 -6.314972
v 30.966215 14.238223 -6.314973
v 30.966215 14.238223 6.314973
v 30.838556 6.051994 6.314973
v 30.838556 14.238222 6.314972
v 30.838556 6.051994 6.314973
v 30.966215 14.238223 6.314973
v 30.966215 6.051994 6.314973
v 30.838556 14.238225 -6.314974
v 30.966215 14.238223 6.314973
v 30.838556 14.238222 6.314972
v 30.966215 14.238223 6.314973
v 30.838556 14.238225 -6.314974
v 30.966215 14.238223 -6.314973
v 31.140827 5.410572 -16.992460
v 30.638556 5.410573 -30.905256
v 31.140827 5.410573 -30.905256
v 30.638556 5.410573 -30.905256
v 31.140827 5.410572 -16.992460
v 30.638556 5.410573 -16.992460
v 30.638556 5.410573 -16.992460
v 31.140827 14.879648 -16.992462
v 30.638556 14.879648 -16.992462
v 31.140827 14.879648 -16.992462
v 30.638556 5.410573 -16.992460
v 31.140827 5.410572 -16.992460
v 30.966215 14.238223 -17.633886
v 30.838556 6.051995 -17.633886
v 30.838556 14.238223 -17.633886
v 30.838556 6.051995 -17.633886
v 30.966215 14.238223 -17.633886
v 30.966215 6.051995 -17.633886
v 30.966215 6.051997 -30.263834
v 30.838556 14.238225 -30.263834
v 30.838556 6.051997 -30.263830
v 30.838556 14.238225 -30.263834
v 30.966215 6.051997 -30.263834
v 30.966215 14.238225 -30.263834
v 30.838556 6.051995 -17.633886
v 30.966215 6.051997 -30.263834
v 30.838556 6.051997 -30.263830
v 30.966215 6.051997 -30.263834
v 30.838556 6.051995 -17.633886
v 30.966215 6.051995 -17.633886
v 30.838556 6.051995 -41.582745
v 30.966215 6.051997 -54.212688
v 30.838556 6.051997 -54.212688
v 30.966215 6.051997 -54.212688
v 30.838556 6.051995 -41.582745
v 30.966215 6.051996 -41.582745
v -30.838556 6.051994 -54.212688
v -30.966215 6.051996 -41.582745
v -30.838556 6.051996 -41.582745
v -30.966215 6.051996 -41.582745
v -30.838556 6.051994 -54.212688
v -30.966215 6.051994 -54.212688
v -30.838556 14.238225 -41.582745
v -30.966215 14.238223 -54.212688
v -30.838556 14.238222 -54.212688
v -30.966215 14.238223 -54.212688
v -30.838556 14.238225 -41.582745
v -30.966215 14.238223 -41.582745
v -31.140827 5.410572 -30.905256
v -30.638556 5.410572 -16.992460
v -31.140827 5.410572 -16.992460
v -30.638556 5.410572 -16.992460
v -31.140827 5.410572 -30.905256
v -30.638556 5.410572 -30.905256
v -30.838556 14.238225 -17.633884
v -30.966215 14.238223 -30.263830
v -30.838556 14.238223 -30.263830
v -30.966215 14.238223 -30.263830
v -30.838556 14.238225 -17.633884
v -30.966215 14.238223 -17.633884
v -30.966215 6.051996 -17.633884
v -30.838556 14.238225 -17.633884
v -30.838556 6.051996 -17.633886
v -30.838556 14.238225 -17.633884
v -30.966215 6.051996 -17.633884
v -30.966215 14.238223 -17.633884
v -30.838556 6.051994 -30.263830
v -30.966215 6.051996 -17.633884
v -30.838556 6.051996 -17.633886
v -30.966215 6.051996 -17.633884
v -30.838556 6.051994 -30.263830
v -30.966215 6.051994 -30.263830
v -30.638556 14.879646 6.956398
v -31.140827 5.410572 6.956397
v -30.638556 5.410572 6.956397
v -31.140827 5.410572 6.956397
v -30.638556 14.879646 6.956398
v -31.140827 14.879646 6.956399
v -30.838556 6.051994 -6.314973
v -30.966215 6.051996 6.314972
v -30.838556 6.051996 6.314972
v -30.966215 6.051996 6.314972
v -30.838556 6.051994 -6.314973
v -30.966215 6.051994 -6.314973
v -30.966215 6.051996 6.314972
v -30.838556 14.238225 6.314974
v -30.838556 6.051996 6.314972
v -30.838556 14.238225 6.314974
v -30.966215 6.051996 6.314972
v -30.966215 14.238223 6.314973
v -30.966215 14.238223 -6.314973
v -30.838556 6.051994 -6.314973
v -30.838556 14.238222 -6.314972
v -30.838556 6.051994 -6.314973
v -30.966215 14.238223 -6.314973
v -30.966215 6.051994 -6.314973
v -30.838556 14.238225 6.314974
v -30.966215 14.238223 -6.314973
v -30.838556 14.238222 -6.314972
v -30.966215 14.238223 -6.314973
v -30.838556 14.238225 6.314974
v -30.966215 14.238223 6.314973
v -31.140827 5.410572 16.992460
v -30.638556 5.410573 30.905256
v -31.140827 5.410573 30.905256
v -30.638556 5.410573 30.905256
v -31.140827 5.410572 16.992460
v -30.638556 5.410573 16.992460
v -30.638556 5.410573 16.992460
v -31.140827 14.879648 16.992462
v -30.638556 14.879648 16.992462
v -31.140827 14.879648 16.992462
v -30.638556 5.410573 16.992460
v -31.140827 5.410572 16.992460
v -30.966215 14.238223 17.633886
v -30.838556 6.051995 17.633886
v -30.838556 14.238223 17.633886
v -30.838556 6.051995 17.633886
v -30.966215 14.238223 17.633886
v -30.966215 6.051995 17.633886
v -30.966215 6.051997 30.263834
v -30.838556 14.238225 30.263834
v -30.838556 6.051997 30.263830
v -30.838556 14.238225 30.263834
v -30.966215 6.051997 30.263834
v -30.966215 14.238225 30.263834
v -30.838556 6.051995 17.633886
v -30.966215 6.051997 30.263834
v -30.838556 6.051997 30.263830
v -30.966215 6.051997 30.263834
v -30.838556 6.051995 17.633886
v -30.966215 6.051995 17.633886
v -30.838556 6.051995 41.582745
v -30.966215 6.051997 54.212688
v -30.838556 6.051997 54.212688
v -30.966215 6.051997 54.212688
v -30.838556 6.051995 41.582745
v -30.966215 6.051996 41.582745
v 31.458515 6.006638 -31.884714
v 31.355545 5.266302 -16.182745
v 31.390045 7.296428 -21.443863
v 31.369455 7.139583 -18.303852
v 31.390045 7.296428 -21.443863
v 31.355545 5.266302 -16.182745
v 31.355545 5.266302 -16.182745
v 31.354776 7.212575 -16.065725
v 31.369455 7.139583 -18.303852
v 31.354776 7.212575 -16.065725
v 31.366739 7.298585 -17.889990
v 31.369455 7.139583 -18.303852
v 31.732420 14.375498 -29.597401
v 31.732939 14.530154 -29.897093
v 31.431458 14.529675 -29.897861
v 31.431458 14.529675 -29.897861
v 31.430939 14.374700 -29.597555
v 31.732420 14.375498 -29.597401
v 31.727262 14.028299 -27.361130
v 31.732420 14.375498 -29.597401
v 31.430939 14.374700 -29.597555
v 31.430939 14.374700 -29.597555
v 31.425785 14.027820 -27.361898
v 31.727262 14.028299 -27.361130
v 31.726318 14.100730 -27.036610
v 31.727262 14.028299 -27.361130
v 31.425785 14.027820 -27.361898
v 31.425785 14.027820 -27.361898
v 31.424839 14.100252 -27.037378
v 31.726318 14.100730 -27.036610
v 31.423365 9.775025 -55.876171
v 31.423361 9.082213 -40.171700
v 31.423365 11.317551 -50.451916
v 31.423365 11.443231 -49.454174
v 31.423365 11.317551 -50.451916
v 31.423361 9.082213 -40.171700
v 31.423361 9.082213 -40.171700
v 31.423365 11.031050 -40.110977
v 31.423365 11.443231 -49.454174
v 31.724859 11.317550 -50.451916
v 31.724859 11.447339 -53.593231
v 31.423365 11.447339 -53.593231
v 31.423365 11.447339 -53.593231
v 31.423365 11.317551 -50.451916
v 31.724859 11.317550 -50.451916
v 31.724859 11.443259 -49.453930
v 31.724859 11.317550 -50.451916
v 31.423365 11.317551 -50.451916
v 31.423365 11.317551 -50.451916
v 31.423365 11.443231 -49.454174
v 31.724859 11.443259 -49.453930
v 31.725000 6.298934 -54.147961
v 31.725000 6.259477 -53.822712
v 31.423588 6.259477 -53.822712
v 31.423588 6.259477 -53.822712
v 31.423588 6.298934 -54.147961
v 31.725000 6.298934 -54.147961
v 31.725000 6.550851 -54.198719
v 31.725000 6.298934 -54.147961
v 31.423588 6.298934 -54.147961
v 31.423588 6.298934 -54.147961
v 31.423588 6.550851 -54.198719
v 31.725000 6.550851 -54.198719
v 31.406332 12.317144 6.455321
v 31.406315 12.240524 6.136775
v 31.707724 12.240668 6.136720
v 31.707724 12.240668 6.136720
v 31.707747 12.317286 6.455268
v 31.406332 12.317144 6.455321
v 31.406218 12.573228 6.476754
v 31.406332 12.317144 6.455321
v 31.707747 12.317286 6.455268
v 31.707747 12.317286 6.455268
v 31.707626 12.573371 6.476701
v 31.406218 12.573228 6.476754
v 31.406265 12.583867 6.781204
v 31.406218 12.573228 6.476754
v 31.707626 12.573371 6.476701
v 31.707626 12.573371 6.476701
v 31.707676 12.584009 6.781150
v 31.406265 12.583867 6.781204
v 31.406219 12.719905 6.884318
v 31.406265 12.583867 6.781204
v 31.707676 12.584009 6.781150
v 31.707676 12.584009 6.781150
v 31.707630 12.720046 6.884264
v 31.406219 12.719905 6.884318
v 31.397726 13.274367 -15.899286
v 31.401167 11.329686 -16.037170
v 31.702642 11.330165 -16.036402
v 31.702642 11.330165 -16.036402
v 31.699207 13.274844 -15.898517
v 31.397726 13.274367 -15.899286
v 31.401167 11.329686 -16.037170
v 31.438902 12.733987 -31.697229
v 31.740377 12.734466 -31.696461
v 31.740377 12.734466 -31.696461
v 31.702642 11.330165 -16.036402
v 31.401167 11.329686 -16.037170
v 31.438902 12.733987 -31.697229
v 31.435461 14.678667 -31.559347
v 31.736942 14.679145 -31.558577
v 31.736942 14.679145 -31.558577
v 31.740377 12.734466 -31.696461
v 31.438902 12.733987 -31.697229
v 31.431458 14.529675 -29.897861
v 31.732939 14.530154 -29.897093
v 31.736942 14.679145 -31.558577
v 31.736942 14.679145 -31.558577
v 31.435461 14.678667 -31.559347
v 31.431458 14.529675 -29.897861
v 31.424536 14.272074 -27.025196
v 31.397726 13.274367 -15.899286
v 31.699207 13.274844 -15.898517
v 31.699207 13.274844 -15.898517
v 31.726013 14.272552 -27.024427
v 31.424536 14.272074 -27.025196
v 31.424536 14.272074 -27.025196
v 31.726013 14.272552 -27.024427
v 31.726318 14.100730 -27.036610
v 31.726318 14.100730 -27.036610
v 31.424839 14.100252 -27.037378
v 31.424536 14.272074 -27.025196
v 31.668228 7.298585 -17.888012
v 31.366739 7.298585 -17.889990
v 31.354776 7.212575 -16.065725
v 31.354776 7.212575 -16.065725
v 31.656265 7.212575 -16.063749
v 31.668228 7.298585 -17.888012
v 31.759237 7.952911 -31.765717
v 31.760004 6.006644 -31.882736
v 31.458515 6.006638 -31.884714
v 31.458515 6.006638 -31.884714
v 31.457748 7.952911 -31.767694
v 31.759237 7.952911 -31.765717
v 31.760004 6.006644 -31.882736
v 31.657034 5.266302 -16.180769
v 31.355545 5.266302 -16.182745
v 31.355545 5.266302 -16.182745
v 31.458515 6.006638 -31.884714
v 31.760004 6.006644 -31.882736
v 31.697977 7.512454 -22.424013
v 31.759237 7.952911 -31.765717
v 31.457748 7.952911 -31.767694
v 31.457748 7.952911 -31.767694
v 31.396488 7.512506 -22.426229
v 31.697977 7.512454 -22.424013
v 31.705460 11.880529 -7.583177
v 31.705709 11.360923 -7.554909
v 31.404301 11.360780 -7.554855
v 31.404301 11.360780 -7.554855
v 31.404047 11.880386 -7.583125
v 31.705460 11.880529 -7.583177
v 31.707792 12.106208 6.144036
v 31.406378 12.106065 6.144090
v 31.404301 11.360780 -7.554855
v 31.404301 11.360780 -7.554855
v 31.705709 11.360923 -7.554909
v 31.707792 12.106208 6.144036
v 31.707151 14.161837 8.032732
v 31.704771 13.308036 -7.660840
v 31.403357 13.307892 -7.660787
v 31.403357 13.307892 -7.660787
v 31.405741 14.161695 8.032786
v 31.707151 14.161837 8.032732
v 31.707703 13.019879 8.094862
v 31.707151 14.161837 8.032732
v 31.405741 14.161695 8.032786
v 31.405741 14.161695 8.032786
v 31.406294 13.019730 8.094915
v 31.707703 13.019879 8.094862
v 31.707792 12.106208 6.144036
v 31.707724 12.240668 6.136720
v 31.406315 12.240524 6.136775
v 31.406315 12.240524 6.136775
v 31.406378 12.106065 6.144090
v 31.707792 12.106208 6.144036
v 31.423588 7.480411 -40.152504
v 31.423588 6.961002 -40.120796
v 31.725000 6.961002 -40.120796
v 31.725000 6.961002 -40.120796
v 31.725000 7.480411 -40.152504
v 31.423588 7.480411 -40.152504
v 31.423588 6.125068 -53.814510
v 31.725000 6.125068 -53.814510
v 31.725000 6.961002 -40.120796
v 31.725000 6.961002 -40.120796
v 31.423588 6.961002 -40.120796
v 31.423588 6.125068 -53.814510
v 31.423590 6.808198 -55.857510
v 31.423590 7.949722 -55.927193
v 31.725000 7.949722 -55.927193
v 31.725000 7.949722 -55.927193
v 31.725000 6.808193 -55.857510
v 31.423590 6.808198 -55.857510
v 31.423365 11.031050 -40.110977
v 31.423361 9.082213 -40.171700
v 31.724859 9.082207 -40.171700
v 31.724859 9.082207 -40.171700
v 31.724859 11.031050 -40.110977
v 31.423365 11.031050 -40.110977
v 31.423361 9.082213 -40.171700
v 31.423365 9.775025 -55.876171
v 31.724859 9.775025 -55.876171
v 31.724859 9.775025 -55.876171
v 31.724859 9.082207 -40.171700
v 31.423361 9.082213 -40.171700
v 31.423365 11.443231 -49.454174
v 31.423365 11.031050 -40.110977
v 31.724859 11.031050 -40.110977
v 31.724859 11.031050 -40.110977
v 31.724859 11.443259 -49.453930
v 31.423365 11.443231 -49.454174
v 31.423508 15.575561 -40.860348
v 31.423508 14.070955 -40.629101
v 31.725004 14.070956 -40.629101
v 31.725004 14.070956 -40.629101
v 31.725006 15.575561 -40.860348
v 31.423508 15.575561 -40.860348
v 31.423508 14.070955 -40.629101
v 31.423508 11.844012 -55.118439
v 31.725004 11.844012 -55.118439
v 31.725004 11.844012 -55.118439
v 31.725004 14.070956 -40.629101
v 31.423508 14.070955 -40.629101
v 31.725006 15.575561 -40.860348
v 31.725004 14.070956 -40.629101
v 31.725004 11.844012 -55.118439
v 31.725004 11.844012 -55.118439
v 31.725004 13.348618 -55.349689
v 31.725006 15.575561 -40.860348
v 31.699207 13.274844 -15.898517
v 31.727262 14.028299 -27.361130
v 31.726318 14.100730 -27.036610
v 31.726318 14.100730 -27.036610
v 31.726013 14.272552 -27.024427
v 31.699207 13.274844 -15.898517
v 31.736942 14.679145 -31.558577
v 31.732939 14.530154 -29.897093
v 31.732420 14.375498 -29.597401
v 31.740377 12.734466 -31.696461
v 31.736942 14.679145 -31.558577
v 31.732420 14.375498 -29.597401
v 31.732420 14.375498 -29.597401
v 31.727262 14.028299 -27.361130
v 31.740377 12.734466 -31.696461
v 31.727262 14.028299 -27.361130
v 31.699207 13.274844 -15.898517
v 31.740377 12.734466 -31.696461
v 31.702642 11.330165 -16.036402
v 31.740377 12.734466 -31.696461
v 31.699207 13.274844 -15.898517
v 31.404047 11.880386 -7.583125
v 31.404068 11.909952 -7.394961
v 31.705460 11.880529 -7.583177
v 31.705479 11.910095 -7.395015
v 31.705460 11.880529 -7.583177
v 31.404068 11.909952 -7.394961
v 31.705393 12.144107 -7.254580
v 31.705479 11.910095 -7.395015
v 31.404068 11.909952 -7.394961
v 30.561752 19.456474 36.196709
v 28.836884 2.207150 36.196709
v 30.561752 2.207150 36.196712
v -28.836884 19.456474 36.196709
v -30.561752 2.207150 36.196709
v -28.836884 2.207150 36.196712
v 30.561752 2.207150 36.196712
v 28.836884 0.445576 36.196709
v 30.561752 0.445576 36.196709
v 28.836884 0.445576 36.196709
v 30.561752 2.207150 36.196712
v 28.836884 2.207150 36.196709
v -11.331145 5.410572 -58.925274
v -11.831147 5.910573 -58.925274
v -25.243940 5.410572 -58.925274
v -24.743940 5.910574 -58.925274
v -18.057175 14.238222 -59.125275
v -18.057175 6.051994 -59.125275
v -18.057175 14.238222 -59.252930
v -18.057175 6.051994 -59.252930
v -24.602516 14.238223 -59.125275
v -11.972571 14.238222 -59.125275
v -24.743940 14.379645 -59.125275
v -11.831147 14.379643 -59.125275
v -11.972571 14.238222 -59.125275
v -24.602516 14.238223 -59.125275
v -11.972571 14.238222 -59.252930
v -24.602516 14.238223 -59.252930
v -11.331145 5.410572 -58.925274
v -11.331147 14.879646 -58.925274
v -11.831147 5.910573 -58.925274
v -11.831147 14.379643 -58.925274
v -24.602516 14.238223 -59.125275
v -24.743940 14.379645 -59.125275
v -24.602514 6.051996 -59.125275
v -24.743940 5.910574 -59.125275
v -11.831147 14.379643 -58.925274
v -24.743940 14.379645 -58.925274
v -11.831147 14.379643 -59.125275
v -24.743940 14.379645 -59.125275
v -24.743940 14.379645 -59.125275
v -24.743940 14.379645 -58.925274
v -24.743940 5.910574 -59.125275
v -24.743940 5.910574 -58.925274
v -11.331147 14.879646 -59.427547
v -25.243940 14.879646 -59.427547
v -11.331147 14.879646 -58.925274
v -25.243940 14.879646 -58.925274
v -25.243940 14.879646 -58.925274
v -24.743940 14.379645 -58.925274
v -11.331147 14.879646 -58.925274
v -11.831147 14.379643 -58.925274
v -25.243940 14.879646 -58.925274
v -25.243940 5.410572 -58.925274
v -24.743940 14.379645 -58.925274
v -24.743940 5.910574 -58.925274
v -25.243940 5.410572 -58.925274
v -25.243940 14.879646 -58.925274
v -25.243940 5.410572 -59.427547
v -25.243940 14.879646 -59.427547
v -18.517912 14.238222 -59.252930
v -18.517912 6.051994 -59.252930
v -18.517912 14.238222 -59.125275
v -18.517912 6.051994 -59.125275
v -11.972569 6.051993 -59.125275
v -11.831147 5.910573 -59.125275
v -11.972571 14.238222 -59.125275
v -11.831147 14.379643 -59.125275
v -18.517912 14.238222 -59.125275
v -18.517912 6.051994 -59.125275
v -18.057175 14.238222 -59.125275
v -18.057175 6.051994 -59.125275
v -11.831147 5.910573 -59.125275
v -11.831147 5.910573 -58.925274
v -11.831147 14.379643 -59.125275
v -11.831147 14.379643 -58.925274
v -11.972569 6.051993 -59.125275
v -24.602514 6.051996 -59.125275
v -11.831147 5.910573 -59.125275
v -24.743940 5.910574 -59.125275
v -24.743940 5.910574 -58.925274
v -11.831147 5.910573 -58.925274
v -24.743940 5.910574 -59.125275
v -11.831147 5.910573 -59.125275
v 16.170086 12.891792 -59.974743
v 16.170086 12.891792 -59.673248
v 13.030005 13.048636 -59.974743
v 13.030005 13.048636 -59.673248
v 10.908854 14.921918 -59.673248
v 10.908854 14.921918 -59.974743
v 10.791831 12.975644 -59.673248
v 10.791831 12.975644 -59.974743
v -26.148773 5.293523 -59.671303
v -11.518699 6.221473 -59.671303
v -26.245132 6.812741 -59.671303
v -11.615059 7.740692 -59.671303
v -26.148773 5.293523 -59.671303
v -26.148773 5.293523 -59.972797
v -11.518699 6.221473 -59.671303
v -11.518699 6.221473 -59.972797
v -26.245132 6.812741 -59.671303
v -26.245132 6.812741 -59.972797
v -26.148773 5.293523 -59.671303
v -26.148773 5.293523 -59.972797
v -26.245132 6.812741 -59.671303
v -11.615059 7.740692 -59.671303
v -26.245132 6.812741 -59.972797
v -11.615059 7.740692 -59.972797
v -11.518699 6.221473 -59.671303
v -11.518699 6.221473 -59.972797
v -11.615059 7.740692 -59.671303
v -11.615059 7.740692 -59.972797
v -26.148773 5.293523 -59.972797
v -26.245132 6.812741 -59.972797
v -11.518699 6.221473 -59.972797
v -11.615059 7.740692 -59.972797
v -12.369639 10.101863 -59.673248
v -10.703250 10.025105 -59.673248
v -12.369639 10.101863 -59.974728
v -10.703250 10.025105 -59.974728
v -14.950151 9.947085 -59.673248
v -14.950151 9.947085 -59.974728
v -15.261919 10.062678 -59.673248
v -15.261919 10.062678 -59.974728
v -10.703250 10.025105 -59.974728
v -10.703250 10.025105 -59.673248
v -10.829248 8.079616 -59.974728
v -10.829248 8.079616 -59.673248
v -15.250786 10.234573 -59.673248
v -15.261919 10.062678 -59.673248
v -15.250786 10.234573 -59.974728
v -15.261919 10.062678 -59.974728
v -15.250786 10.234573 -59.673248
v -15.250786 10.234573 -59.974728
v -26.409540 10.748557 -59.673248
v -26.409540 10.748557 -59.974728
v -10.829248 8.079616 -59.974728
v -10.829248 8.079616 -59.673248
v -26.535542 8.803068 -59.974728
v -26.535542 8.803068 -59.673248
v -26.409540 10.748557 -59.673248
v -26.409540 10.748557 -59.974728
v -26.535542 8.803068 -59.673248
v -26.535542 8.803068 -59.974728
v -31.832289 6.439940 -40.615292
v -31.832285 8.666883 -55.104633
v -31.832289 4.935336 -40.846542
v -31.832285 7.162279 -55.335884
v -31.832289 4.935336 -40.846542
v -31.530792 4.935337 -40.846542
v -31.832289 6.439940 -40.615292
v -31.530792 6.439941 -40.615292
v -31.832285 8.666883 -55.104633
v -31.530790 8.666883 -55.104633
v -31.832285 7.162279 -55.335884
v -31.530790 7.162279 -55.335884
v -31.530792 6.439941 -40.615292
v -31.530792 4.935337 -40.846542
v -31.530790 8.666883 -55.104633
v -31.530790 7.162279 -55.335884
v -31.530790 12.154372 -31.004627
v -31.530790 10.942307 -16.395346
v -31.530790 10.637314 -31.130491
v -31.530790 9.425247 -16.521210
v -31.530790 12.154372 -31.004627
v -31.832285 12.154372 -31.004627
v -31.530790 10.942307 -16.395346
v -31.832285 10.942307 -16.395346
v -31.530790 10.637314 -31.130491
v -31.832285 10.637314 -31.130491
v -31.530790 12.154372 -31.004627
v -31.832285 12.154372 -31.004627
v -31.530790 10.637314 -31.130491
v -31.530790 9.425247 -16.521210
v -31.832285 10.637314 -31.130491
v -31.832285 9.425247 -16.521210
v -31.530790 10.942307 -16.395346
v -31.832285 10.942307 -16.395346
v -31.530790 9.425247 -16.521210
v -31.832285 9.425247 -16.521210
v -31.832285 12.154372 -31.004627
v -31.832285 10.637314 -31.130491
v -31.832285 10.942307 -16.395346
v -31.832285 9.425247 -16.521210
v -31.530872 13.882792 -55.348293
v -31.832281 13.882792 -55.348293
v -31.530872 13.861239 -54.606647
v -31.832281 13.861239 -54.606647
v -31.530872 13.799840 -55.738110
v -31.832281 13.799840 -55.738110
v -31.530872 13.882792 -55.348293
v -31.832281 13.882792 -55.348293
v -31.530869 13.022768 -40.329010
v -31.530869 13.030486 -40.138699
v -31.832281 13.022768 -40.329010
v -31.832281 13.030486 -40.138699
v -31.530872 13.861239 -54.606647
v -31.832281 13.861239 -54.606647
v -31.530872 13.984509 -54.488564
v -31.832281 13.984509 -54.488564
v -31.530869 13.022768 -40.329010
v -31.832281 13.022768 -40.329010
v -31.530869 12.806468 -40.495441
v -31.832281 12.806468 -40.495441
v -31.530869 13.030486 -40.138699
v -31.530869 13.022768 -40.329010
v -31.530869 13.549893 -40.106991
v -31.530869 12.806468 -40.495441
v -31.832281 12.140315 -40.193035
v -31.832281 11.603525 -40.225807
v -31.530869 12.140315 -40.193035
v -31.530869 11.603525 -40.225807
v -31.832281 12.140315 -40.193035
v -31.530869 12.140315 -40.193035
v -31.832281 12.486645 -40.408646
v -31.530869 12.486645 -40.408646
v -31.832281 12.486645 -40.408646
v -31.530869 12.486645 -40.408646
v -31.832281 12.806468 -40.495441
v -31.530869 12.806468 -40.495441
v -31.530869 11.603525 -40.225807
v -31.832281 11.603525 -40.225807
v -31.530872 12.561175 -55.913387
v -31.832281 12.561175 -55.913387
v -31.530872 13.984509 -54.488564
v -31.832281 13.984509 -54.488564
v -31.530872 13.960045 -54.184914
v -31.832281 13.960045 -54.184914
v -31.530872 13.960045 -54.184914
v -31.832281 13.960045 -54.184914
v -31.530872 14.211963 -54.134155
v -31.832281 14.211963 -54.134155
v -31.832281 14.385828 -53.800701
v -31.530872 14.385828 -53.800701
v -31.832281 14.251419 -53.808907
v -31.530872 14.251419 -53.808907
v -31.530872 14.211963 -54.134155
v -31.832281 14.211963 -54.134155
v -31.530872 14.251419 -53.808907
v -31.832281 14.251419 -53.808907
v -31.832142 10.735871 -55.862366
v -31.530645 10.735871 -55.862366
v -31.832142 8.787028 -55.801647
v -31.530645 8.787028 -55.801647
v -31.832142 8.867523 -53.977093
v -31.832142 8.787028 -55.801647
v -31.530645 8.867523 -53.977093
v -31.530645 8.787028 -55.801647
v -31.832142 8.867523 -53.977093
v -31.530645 8.867523 -53.977093
v -31.832142 9.063558 -53.579426
v -31.530645 9.063558 -53.579426
v -31.509520 6.410645 -27.022068
v -31.810989 6.410166 -27.024261
v -31.507269 6.483076 -27.346582
v -31.808741 6.482597 -27.348776
v -31.475662 5.832229 -31.543921
v -31.488001 5.981220 -29.882477
v -31.777136 5.831751 -31.546116
v -31.789474 5.980742 -29.884672
v -31.832285 13.298320 -16.050806
v -31.530790 13.298320 -16.050806
v -31.832285 15.244594 -16.167830
v -31.530790 15.244594 -16.167830
v -31.832285 13.214469 -21.429060
v -31.530790 13.214469 -21.429060
v -31.832285 13.371312 -18.288980
v -31.530790 13.371312 -18.288980
v 25.745651 11.831697 -59.673248
v 11.136371 10.619631 -59.673248
v 25.871515 10.314637 -59.673248
v 11.262235 9.102571 -59.673248
v 25.745651 11.831697 -59.673248
v 25.745651 11.831697 -59.974743
v 11.136371 10.619631 -59.673248
v 11.136371 10.619631 -59.974743
v 11.136371 10.619631 -59.673248
v 11.136371 10.619631 -59.974743
v 11.262235 9.102571 -59.673248
v 11.262235 9.102571 -59.974743
v -31.832289 15.575561 40.860348
v -31.832285 13.348618 55.349689
v -31.530792 15.575561 40.860348
v -31.530790 13.348618 55.349689
v -31.832285 11.844012 55.118439
v -31.530790 11.844012 55.118439
v -31.832285 13.348618 55.349689
v -31.530790 13.348618 55.349689
v -31.530792 14.070955 40.629101
v -31.530792 15.575561 40.860348
v -31.530790 11.844012 55.118439
v -31.530790 13.348618 55.349689
v -31.530790 5.616199 7.449474
v -31.530790 6.544149 -7.180601
v -31.530790 7.135417 7.545835
v -31.530790 8.063368 -7.084241
v -31.530790 5.616199 7.449474
v -31.832285 5.616199 7.449474
v -31.530790 6.544149 -7.180601
v -31.832285 6.544149 -7.180601
v -31.530790 7.135417 7.545835
v -31.832285 7.135417 7.545835
v -31.530790 5.616199 7.449474
v -31.832285 5.616199 7.449474
v -31.530790 7.135417 7.545835
v -31.530790 8.063368 -7.084241
v -31.832285 7.135417 7.545835
v -31.832285 8.063368 -7.084241
v -31.530790 6.544149 -7.180601
v -31.832285 6.544149 -7.180601
v -31.530790 8.063368 -7.084241
v -31.832285 8.063368 -7.084241
v -31.832285 5.616199 7.449474
v -31.832285 7.135417 7.545835
v -31.832285 6.544149 -7.180601
v -31.832285 8.063368 -7.084241
v -31.530790 8.356524 31.018433
v -31.530790 9.568589 16.409151
v -31.530790 9.873583 31.144297
v -31.530790 11.085649 16.535015
v -31.530790 8.356524 31.018433
v -31.832285 8.356524 31.018433
v -31.530790 9.568589 16.409151
v -31.832285 9.568589 16.409151
v -31.530790 9.873583 31.144297
v -31.832285 9.873583 31.144297
v -31.530790 8.356524 31.018433
v -31.832285 8.356524 31.018433
v -31.530790 9.873583 31.144297
v -31.530790 11.085649 16.535015
v -31.832285 9.873583 31.144297
v -31.832285 11.085649 16.535015
v -31.530790 9.568589 16.409151
v -31.832285 9.568589 16.409151
v -31.530790 11.085649 16.535015
v -31.832285 11.085649 16.535015
v -31.832285 8.356524 31.018433
v -31.832285 9.873583 31.144297
v -31.832285 9.568589 16.409151
v -31.832285 11.085649 16.535015
v -31.517302 10.424539 -6.329660
v -31.517302 10.347781 -7.996050
v -31.818781 10.424539 -6.329660
v -31.818781 10.347781 -7.996050
v -31.517302 10.269761 -3.749149
v -31.818781 10.269761 -3.749149
v -31.517302 10.385355 -3.437380
v -31.818781 10.385355 -3.437380
v -31.818781 10.347781 -7.996050
v -31.517302 10.347781 -7.996050
v -31.818781 8.402291 -7.870052
v -31.517302 8.402291 -7.870052
v -31.517302 10.557250 -3.448514
v -31.517302 10.385355 -3.437380
v -31.818781 10.557250 -3.448514
v -31.818781 10.385355 -3.437380
v -31.517302 10.557250 -3.448514
v -31.818781 10.557250 -3.448514
v -31.517302 11.071233 7.710241
v -31.818781 11.071233 7.710241
v -31.818781 8.402291 -7.870052
v -31.517302 8.402291 -7.870052
v -31.818781 9.125744 7.836241
v -31.517302 9.125744 7.836241
v -31.517302 11.071233 7.710241
v -31.818781 11.071233 7.710241
v -31.517302 9.125744 7.836241
v -31.818781 9.125744 7.836241
v -31.836613 12.720046 -6.884277
v -31.535202 12.719905 -6.884305
v -31.836668 12.584009 -6.781164
v -31.535257 12.583867 -6.781191
v -31.533863 12.770897 7.631585
v -31.835276 12.771040 7.631612
v -31.534037 12.451676 7.377558
v -31.835449 12.451819 7.377585
v -31.530872 6.628104 55.362099
v -31.832281 6.628104 55.362099
v -31.530872 6.649656 54.620453
v -31.832281 6.649656 54.620453
v -31.530872 6.711057 55.751919
v -31.832281 6.711057 55.751919
v -31.530872 6.628104 55.362099
v -31.832281 6.628104 55.362099
v -31.530869 7.488129 40.342815
v -31.530869 7.480411 40.152504
v -31.832281 7.488129 40.342815
v -31.832281 7.480411 40.152504
v -31.530872 6.649656 54.620453
v -31.832281 6.649656 54.620453
v -31.530872 6.526387 54.502369
v -31.832281 6.526387 54.502369
v -31.530869 7.488129 40.342815
v -31.832281 7.488129 40.342815
v -31.530869 7.704428 40.509247
v -31.832281 7.704428 40.509247
v -31.530869 7.480411 40.152504
v -31.530869 7.488129 40.342815
v -31.530869 6.961002 40.120796
v -31.530869 7.704428 40.509247
v -31.832281 8.370582 40.206844
v -31.832281 8.907372 40.239613
v -31.530869 8.370582 40.206844
v -31.530869 8.907372 40.239613
v -31.832281 8.370582 40.206844
v -31.530869 8.370582 40.206844
v -31.832281 8.024251 40.422451
v -31.530869 8.024251 40.422451
v -31.832281 8.024251 40.422451
v -31.530869 8.024251 40.422451
v -31.832281 7.704428 40.509247
v -31.530869 7.704428 40.509247
v -31.530869 8.907372 40.239613
v -31.832281 8.907372 40.239613
v -31.530872 7.949722 55.927193
v -31.832281 7.949722 55.927193
v -31.530872 6.526387 54.502369
v -31.832281 6.526387 54.502369
v -31.530872 6.550851 54.198719
v -31.832281 6.550851 54.198719
v -31.832281 6.125068 53.814510
v -31.530872 6.125068 53.814510
v -31.832281 6.259477 53.822712
v -31.530872 6.259477 53.822712
v -31.832142 9.775025 55.876171
v -31.530645 9.775025 55.876171
v -31.832142 11.723868 55.815456
v -31.530645 11.723868 55.815456
v -31.832142 11.643373 53.990902
v -31.832142 11.723868 55.815456
v -31.530645 11.643373 53.990902
v -31.530645 11.723868 55.815456
v -31.832142 11.643373 53.990902
v -31.530645 11.643373 53.990902
v -31.832142 11.447339 53.593231
v -31.530645 11.447339 53.593231
v -31.832285 7.212575 16.064611
v -31.530790 7.212575 16.064611
v -31.832285 5.266302 16.181635
v -31.530790 5.266302 16.181635
v 25.745651 11.831697 -59.974743
v 25.871515 10.314638 -59.974743
v 11.136371 10.619631 -59.974743
v 11.262235 9.102571 -59.974743
v 31.725004 8.666883 55.104633
v 31.423508 8.666883 55.104633
v 31.725004 7.162279 55.335884
v 31.423508 7.162279 55.335884
v 10.764612 8.858055 -60.021542
v 10.763514 8.858534 -59.720062
v 26.424606 7.453755 -59.962280
v 26.423508 7.454234 -59.660805
v 26.424606 7.453755 -59.962280
v 26.423508 7.454234 -59.660805
v 26.286703 5.509075 -59.959694
v 26.285604 5.509553 -59.658215
v 31.423508 6.439941 40.615292
v 31.423508 4.935337 40.846542
v 31.423508 8.666883 55.104633
v 31.423508 7.162279 55.335884
v 31.423508 12.154372 31.004627
v 31.423508 10.942307 16.395346
v 31.423508 10.637314 31.130491
v 31.423508 9.425247 16.521210
v 31.423508 12.154372 31.004627
v 31.725004 12.154372 31.004627
v 31.423508 10.942307 16.395346
v 31.725004 10.942307 16.395346
v 31.423508 10.637314 31.130491
v 31.725004 10.637314 31.130491
v 31.423508 12.154372 31.004627
v 31.725004 12.154372 31.004627
v 31.423508 10.637314 31.130491
v 31.423508 9.425247 16.521210
v 31.725004 10.637314 31.130491
v 31.725004 9.425247 16.521210
v 31.423508 10.942307 16.395346
v 31.725004 10.942307 16.395346
v 31.423508 9.425247 16.521210
v 31.725004 9.425247 16.521210
v 31.725004 12.154372 31.004627
v 31.725004 10.637314 31.130491
v 31.725004 10.942307 16.395346
v 31.725004 9.425247 16.521210
v 31.423590 13.882792 55.348293
v 31.725000 13.882792 55.348293
v 31.423588 13.861239 54.606647
v 31.725000 13.861239 54.606647
v 31.423590 13.799840 55.738110
v 31.725000 13.799840 55.738110
v 31.423590 13.882792 55.348293
v 31.725000 13.882792 55.348293
v 31.423588 13.022768 40.329010
v 31.423588 13.030486 40.138699
v 31.725000 13.022768 40.329010
v 31.725000 13.030486 40.138699
v 31.423588 13.861239 54.606647
v 31.725000 13.861239 54.606647
v 31.423588 13.984509 54.488564
v 31.725000 13.984509 54.488564
v 31.423588 13.022768 40.329010
v 31.725000 13.022768 40.329010
v 31.423588 12.806468 40.495441
v 31.725000 12.806468 40.495441
v 31.725000 12.140315 40.193035
v 31.725000 11.603525 40.225807
v 31.423588 12.140315 40.193035
v 31.423588 11.603525 40.225807
v 31.725000 12.140315 40.193035
v 31.423588 12.140315 40.193035
v 31.725000 12.486645 40.408646
v 31.423588 12.486645 40.408646
v 31.725000 12.486645 40.408646
v 31.423588 12.486645 40.408646
v 31.725000 12.806468 40.495441
v 31.423588 12.806468 40.495441
v 31.423588 11.603525 40.225807
v 31.725000 11.603525 40.225807
v 31.423590 12.561175 55.913387
v 31.725000 12.561175 55.913387
v 31.423588 13.984509 54.488564
v 31.725000 13.984509 54.488564
v 31.423588 13.960045 54.184914
v 31.725000 13.960045 54.184914
v 31.423588 13.960045 54.184914
v 31.725000 13.960045 54.184914
v 31.423588 14.211963 54.134155
v 31.725000 14.211963 54.134155
v 31.725000 14.385828 53.800701
v 31.423588 14.385828 53.800701
v 31.725000 14.251419 53.808907
v 31.423588 14.251419 53.808907
v 31.423588 14.211963 54.134155
v 31.725000 14.211963 54.134155
v 31.423588 14.251419 53.808907
v 31.725000 14.251419 53.808907
v 31.724859 10.735871 55.862366
v 31.423365 10.735871 55.862366
v 31.724859 8.787028 55.801647
v 31.423365 8.787028 55.801647
v 31.724859 8.867523 53.977093
v 31.724859 8.787028 55.801647
v 31.423365 8.867523 53.977093
v 31.423365 8.787028 55.801647
v 31.724859 8.867523 53.977093
v 31.423365 8.867523 53.977093
v 31.724859 9.063558 53.579426
v 31.423365 9.063558 53.579426
v 31.374296 9.181210 16.023062
v 31.675776 9.180732 16.022848
v 31.371113 7.236530 15.885172
v 31.672592 7.236051 15.884959
v 31.684561 7.776432 31.682953
v 31.383081 7.776910 31.683165
v 31.681379 5.831751 31.545063
v 31.379898 5.832229 31.545273
v 31.379898 5.832229 31.545273
v 31.378967 5.981220 29.883783
v 31.681379 5.831751 31.545063
v 31.680449 5.980742 29.883574
v 31.725004 13.298320 16.050806
v 31.423508 13.298320 16.050806
v 31.725004 15.244594 16.167830
v 31.423508 15.244594 16.167830
v 31.725004 13.214469 21.429060
v 31.423508 13.214469 21.429060
v 31.725004 13.371312 18.288980
v 31.423508 13.371312 18.288980
v 31.725000 6.526387 -54.502369
v 31.423588 6.526387 -54.502369
v 31.725000 6.649656 -54.620453
v 31.423588 6.649656 -54.620453
v 31.725000 6.649656 -54.620453
v 31.423588 6.649656 -54.620453
v 31.725000 6.628104 -55.362099
v 31.423590 6.628104 -55.362099
v 31.725000 6.628104 -55.362099
v 31.423590 6.628104 -55.362099
v 31.725000 6.711057 -55.751919
v 31.423590 6.711057 -55.751919
v 31.707188 10.385355 3.437380
v 31.405706 10.385355 3.437380
v 31.707188 10.269761 3.749149
v 31.405706 10.269761 3.749149
v 25.870508 14.879648 -59.427547
v 11.957713 14.879648 -59.427547
v 25.870508 14.879648 -58.925274
v 11.957714 14.879648 -58.925274
v 11.957714 14.879648 -58.925274
v 12.457715 14.379646 -58.925274
v 25.870508 14.879648 -58.925274
v 25.370508 14.379645 -58.925274
v 18.683744 6.051997 -59.125275
v 18.683744 14.238225 -59.125275
v 18.683744 6.051997 -59.252930
v 18.683744 14.238225 -59.252930
v 25.229086 6.051996 -59.125275
v 12.599139 6.051997 -59.125275
v 25.370508 5.910574 -59.125275
v 12.457715 5.910575 -59.125275
v 11.957714 14.879648 -58.925274
v 11.957715 5.410573 -58.925274
v 12.457715 14.379646 -58.925274
v 12.457715 5.910575 -58.925274
v 25.229086 6.051996 -59.125275
v 25.370508 5.910574 -59.125275
v 25.229084 14.238223 -59.125275
v 25.370508 14.379645 -59.125275
v 12.457715 5.910575 -58.925274
v 25.370508 5.910574 -58.925274
v 12.457715 5.910575 -59.125275
v 25.370508 5.910574 -59.125275
v 25.370508 5.910574 -59.125275
v 25.370508 5.910574 -58.925274
v 25.370508 14.379645 -59.125275
v 25.370508 14.379645 -58.925274
v 11.957715 5.410573 -59.427547
v 25.870512 5.410573 -59.427547
v 11.957715 5.410573 -58.925274
v 25.870512 5.410573 -58.925274
v 25.870512 5.410573 -58.925274
v 25.370508 5.910574 -58.925274
v 11.957715 5.410573 -58.925274
v 12.457715 5.910575 -58.925274
v 25.870512 5.410573 -58.925274
v 25.870508 14.879648 -58.925274
v 25.370508 5.910574 -58.925274
v 25.370508 14.379645 -58.925274
v 25.870508 14.879648 -58.925274
v 25.870512 5.410573 -58.925274
v 25.870508 14.879648 -59.427547
v 25.870512 5.410573 -59.427547
v 19.144482 6.051997 -59.252930
v 19.144482 14.238225 -59.252930
v 19.144482 6.051997 -59.125275
v 19.144482 14.238225 -59.125275
v 12.599138 14.238227 -59.125275
v 12.457715 14.379646 -59.125275
v 12.599139 6.051997 -59.125275
v 12.457715 5.910575 -59.125275
v 19.144482 6.051997 -59.125275
v 19.144482 14.238225 -59.125275
v 18.683744 6.051997 -59.125275
v 18.683744 14.238225 -59.125275
v 12.457715 14.379646 -59.125275
v 12.457715 14.379646 -58.925274
v 12.457715 5.910575 -59.125275
v 12.457715 5.910575 -58.925274
v 12.599138 14.238227 -59.125275
v 25.229084 14.238223 -59.125275
v 12.457715 14.379646 -59.125275
v 25.370508 14.379645 -59.125275
v 25.370508 14.379645 -58.925274
v 12.457715 14.379646 -58.925274
v 25.370508 14.379645 -59.125275
v 12.457715 14.379646 -59.125275
v 31.140827 14.879646 54.854115
v 31.140827 14.879646 40.941319
v 30.638556 14.879646 54.854115
v 30.638556 14.879646 40.941319
v 30.638556 14.879646 40.941319
v 30.638556 14.379645 41.441319
v 30.638556 14.879646 54.854115
v 30.638556 14.379643 54.354115
v 30.838556 6.051996 47.667347
v 30.838556 14.238223 47.667347
v 30.966215 6.051996 47.667347
v 30.966215 14.238223 47.667347
v 30.638556 5.410572 40.941319
v 30.638556 14.879646 40.941319
v 31.140827 5.410572 40.941319
v 31.140827 14.879646 40.941319
v 30.838556 6.051994 54.212688
v 30.838556 6.051996 41.582745
v 30.838556 5.910573 54.354115
v 30.838556 5.910574 41.441319
v 30.838556 6.051996 41.582745
v 30.966215 6.051996 41.582745
v 30.838556 14.238225 41.582745
v 30.966215 14.238223 41.582745
v 30.638556 14.879646 40.941319
v 30.638556 5.410572 40.941319
v 30.638556 14.379645 41.441319
v 30.638556 5.910574 41.441319
v 30.838556 14.238222 54.212688
v 30.966215 14.238223 54.212688
v 30.838556 6.051994 54.212688
v 30.966215 6.051994 54.212688
v 30.838556 6.051994 54.212688
v 30.838556 5.910573 54.354115
v 30.838556 14.238222 54.212688
v 30.838556 14.379643 54.354115
v 30.638556 5.910574 41.441319
v 30.638556 5.910573 54.354115
v 30.838556 5.910574 41.441319
v 30.838556 5.910573 54.354115
v 30.838556 5.910573 54.354115
v 30.638556 5.910573 54.354115
v 30.838556 14.379643 54.354115
v 30.638556 14.379643 54.354115
v 31.140827 5.410572 40.941319
v 31.140827 5.410572 54.854115
v 30.638556 5.410572 40.941319
v 30.638556 5.410572 54.854115
v 30.638556 5.410572 54.854115
v 30.638556 5.910573 54.354115
v 30.638556 5.410572 40.941319
v 30.638556 5.910574 41.441319
v 30.638556 5.410572 54.854115
v 30.638556 14.879646 54.854115
v 30.638556 5.910573 54.354115
v 30.638556 14.379643 54.354115
v 30.638556 14.879646 54.854115
v 30.638556 5.410572 54.854115
v 31.140827 14.879646 54.854115
v 31.140827 5.410572 54.854115
v 30.966215 6.051996 48.128082
v 30.966215 14.238223 48.128086
v 30.838556 6.051996 48.128082
v 30.838556 14.238223 48.128086
v 30.838556 14.238225 41.582745
v 30.838556 14.379645 41.441319
v 30.838556 6.051996 41.582745
v 30.838556 5.910574 41.441319
v 30.838556 6.051996 48.128082
v 30.838556 14.238223 48.128086
v 30.838556 6.051996 47.667347
v 30.838556 14.238223 47.667347
v 30.838556 14.379645 41.441319
v 30.638556 14.379645 41.441319
v 30.838556 5.910574 41.441319
v 30.638556 5.910574 41.441319
v 30.838556 14.238225 41.582745
v 30.838556 14.238222 54.212688
v 30.838556 14.379645 41.441319
v 30.838556 14.379643 54.354115
v 30.638556 14.379643 54.354115
v 30.638556 14.379645 41.441319
v 30.838556 14.379643 54.354115
v 30.838556 14.379645 41.441319
v 30.638556 5.410572 30.905256
v 30.638556 5.910573 30.405256
v 30.638556 5.410572 16.992460
v 30.638556 5.910575 17.492460
v 30.838556 14.238223 24.179228
v 30.838556 6.051994 24.179226
v 30.966215 14.238223 24.179228
v 30.966215 6.051994 24.179226
v 30.638556 14.879646 30.905256
v 30.638556 5.410572 30.905256
v 31.140827 14.879646 30.905256
v 31.140827 5.410572 30.905256
v 30.838556 14.238225 17.633884
v 30.838556 14.238223 30.263830
v 30.838556 14.379645 17.492460
v 30.838556 14.379643 30.405256
v 30.838556 14.238223 30.263830
v 30.966215 14.238223 30.263830
v 30.838556 6.051994 30.263830
v 30.966215 6.051994 30.263830
v 30.638556 5.410572 30.905256
v 30.638556 14.879646 30.905256
v 30.638556 5.910573 30.405256
v 30.638556 14.379643 30.405256
v 30.838556 14.238225 17.633884
v 30.838556 14.379645 17.492460
v 30.838556 6.051996 17.633886
v 30.838556 5.910575 17.492460
v 30.638556 14.379643 30.405256
v 30.638556 14.379645 17.492460
v 30.838556 14.379643 30.405256
v 30.838556 14.379645 17.492460
v 30.838556 14.379645 17.492460
v 30.638556 14.379645 17.492460
v 30.838556 5.910575 17.492460
v 30.638556 5.910575 17.492460
v 31.140827 14.879646 30.905256
v 31.140827 14.879646 16.992460
v 30.638556 14.879646 30.905256
v 30.638556 14.879646 16.992460
v 30.638556 14.879646 16.992460
v 30.638556 14.379645 17.492460
v 30.638556 14.879646 30.905256
v 30.638556 14.379643 30.405256
v 30.638556 14.879646 16.992460
v 30.638556 5.410572 16.992460
v 30.638556 14.379645 17.492460
v 30.638556 5.910575 17.492460
v 30.638556 5.410572 16.992460
v 30.638556 14.879646 16.992460
v 31.140827 5.410572 16.992460
v 31.140827 14.879646 16.992460
v 30.966215 14.238223 23.718489
v 30.966215 6.051994 23.718489
v 30.838556 14.238223 23.718489
v 30.838556 6.051994 23.718489
v 30.838556 6.051994 30.263830
v 30.838556 5.910573 30.405256
v 30.838556 14.238223 30.263830
v 30.838556 14.379643 30.405256
v 30.838556 14.238223 23.718489
v 30.838556 6.051994 23.718489
v 30.838556 14.238223 24.179228
v 30.838556 6.051994 24.179226
v 30.838556 5.910573 30.405256
v 30.638556 5.910573 30.405256
v 30.838556 14.379643 30.405256
v 30.638556 14.379643 30.405256
v 30.838556 6.051994 30.263830
v 30.838556 6.051996 17.633886
v 30.838556 5.910573 30.405256
v 30.838556 5.910575 17.492460
v 30.638556 5.910575 17.492460
v 30.638556 5.910573 30.405256
v 30.838556 5.910575 17.492460
v 30.838556 5.910573 30.405256
v 31.140827 14.879646 6.956397
v 31.140827 14.879646 -6.956399
v 30.638556 14.879646 6.956397
v 30.638556 14.879646 -6.956398
v 30.638556 14.879646 -6.956398
v 30.638556 14.379645 -6.456397
v 30.638556 14.879646 6.956397
v 30.638556 14.379643 6.456397
v 30.838556 6.051996 -0.230369
v 30.838556 14.238223 -0.230368
v 30.966215 6.051996 -0.230369
v 30.966215 14.238223 -0.230368
v 30.838556 6.051994 6.314973
v 30.838556 6.051996 -6.314972
v 30.838556 5.910573 6.456397
v 30.838556 5.910574 -6.456397
v 30.638556 14.879646 -6.956398
v 30.638556 5.410572 -6.956397
v 30.638556 14.379645 -6.456397
v 30.638556 5.910574 -6.456397
v 30.838556 6.051994 6.314973
v 30.838556 5.910573 6.456397
v 30.838556 14.238222 6.314972
v 30.838556 14.379643 6.456397
v 30.638556 5.910574 -6.456397
v 30.638556 5.910573 6.456397
v 30.838556 5.910574 -6.456397
v 30.838556 5.910573 6.456397
v 30.838556 5.910573 6.456397
v 30.638556 5.910573 6.456397
v 30.838556 14.379643 6.456397
v 30.638556 14.379643 6.456397
v 31.140827 5.410572 -6.956397
v 31.140827 5.410572 6.956398
v 30.638556 5.410572 -6.956397
v 30.638556 5.410572 6.956398
v 30.638556 5.410572 6.956398
v 30.638556 5.910573 6.456397
v 30.638556 5.410572 -6.956397
v 30.638556 5.910574 -6.456397
v 30.638556 5.410572 6.956398
v 30.638556 14.879646 6.956397
v 30.638556 5.910573 6.456397
v 30.638556 14.379643 6.456397
v 30.638556 14.879646 6.956397
v 30.638556 5.410572 6.956398
v 31.140827 14.879646 6.956397
v 31.140827 5.410572 6.956398
v 30.966215 6.051996 0.230369
v 30.966215 14.238223 0.230369
v 30.838556 6.051996 0.230369
v 30.838556 14.238223 0.230369
v 30.838556 14.238225 -6.314974
v 30.838556 14.379645 -6.456397
v 30.838556 6.051996 -6.314972
v 30.838556 5.910574 -6.456397
v 30.838556 6.051996 0.230369
v 30.838556 14.238223 0.230369
v 30.838556 6.051996 -0.230369
v 30.838556 14.238223 -0.230368
v 30.838556 14.379645 -6.456397
v 30.638556 14.379645 -6.456397
v 30.838556 5.910574 -6.456397
v 30.638556 5.910574 -6.456397
v 30.838556 14.238225 -6.314974
v 30.838556 14.238222 6.314972
v 30.838556 14.379645 -6.456397
v 30.838556 14.379643 6.456397
v 30.638556 14.379643 6.456397
v 30.638556 14.379645 -6.456397
v 30.838556 14.379643 6.456397
v 30.838556 14.379645 -6.456397
v 30.638556 5.410573 -16.992460
v 30.638556 5.910574 -17.492462
v 30.638556 5.410573 -30.905256
v 30.638556 5.910575 -30.405256
v 30.838556 14.238223 -23.718491
v 30.838556 6.051996 -23.718491
v 30.966215 14.238223 -23.718491
v 30.966215 6.051996 -23.718491
v 30.838556 14.238225 -30.263834
v 30.838556 14.238223 -17.633886
v 30.838556 14.379646 -30.405256
v 30.838556 14.379645 -17.492462
v 30.838556 14.238223 -17.633886
v 30.838556 14.238225 -30.263834
v 30.966215 14.238223 -17.633886
v 30.966215 14.238225 -30.263834
v 30.638556 5.410573 -16.992460
v 30.638556 14.879648 -16.992462
v 30.638556 5.910574 -17.492462
v 30.638556 14.379645 -17.492462
v 30.838556 14.238225 -30.263834
v 30.838556 14.379646 -30.405256
v 30.838556 6.051997 -30.263830
v 30.838556 5.910575 -30.405256
v 30.638556 14.379645 -17.492462
v 30.638556 14.379646 -30.405256
v 30.838556 14.379645 -17.492462
v 30.838556 14.379646 -30.405256
v 30.838556 14.379646 -30.405256
v 30.638556 14.379646 -30.405256
v 30.838556 5.910575 -30.405256
v 30.638556 5.910575 -30.405256
v 31.140827 14.879648 -16.992462
v 31.140827 14.879648 -30.905258
v 30.638556 14.879648 -16.992462
v 30.638556 14.879648 -30.905258
v 30.638556 14.879648 -30.905258
v 30.638556 14.379646 -30.405256
v 30.638556 14.879648 -16.992462
v 30.638556 14.379645 -17.492462
v 30.638556 14.879648 -30.905258
v 30.638556 5.410573 -30.905256
v 30.638556 14.379646 -30.405256
v 30.638556 5.910575 -30.405256
v 30.638556 5.410573 -30.905256
v 30.638556 14.879648 -30.905258
v 31.140827 5.410573 -30.905256
v 31.140827 14.879648 -30.905258
v 30.966215 14.238223 -24.179228
v 30.966215 6.051996 -24.179228
v 30.838556 14.238223 -24.179228
v 30.838556 6.051996 -24.179228
v 30.838556 6.051995 -17.633886
v 30.838556 5.910574 -17.492462
v 30.838556 14.238223 -17.633886
v 30.838556 14.379645 -17.492462
v 30.838556 14.238223 -24.179228
v 30.838556 6.051996 -24.179228
v 30.838556 14.238223 -23.718491
v 30.838556 6.051996 -23.718491
v 30.838556 5.910574 -17.492462
v 30.638556 5.910574 -17.492462
v 30.838556 14.379645 -17.492462
v 30.638556 14.379645 -17.492462
v 30.838556 6.051995 -17.633886
v 30.838556 6.051997 -30.263830
v 30.838556 5.910574 -17.492462
v 30.838556 5.910575 -30.405256
v 30.638556 5.910575 -30.405256
v 30.638556 5.910574 -17.492462
v 30.838556 5.910575 -30.405256
v 30.838556 5.910574 -17.492462
v 31.140827 14.879648 -40.941319
v 31.140827 14.879648 -54.854115
v 30.638556 14.879648 -40.941319
v 30.638556 14.879648 -54.854115
v 30.638556 14.879648 -54.854115
v 30.638556 14.379646 -54.354115
v 30.638556 14.879648 -40.941319
v 30.638556 14.379645 -41.441319
v 30.838556 6.051997 -48.128086
v 30.838556 14.238225 -48.128082
v 30.966215 6.051997 -48.128086
v 30.966215 14.238225 -48.128082
v 30.638556 5.410572 -54.854115
v 30.638556 14.879648 -54.854115
v 31.140827 5.410572 -54.854115
v 31.140827 14.879648 -54.854115
v 30.838556 6.051995 -41.582745
v 30.838556 6.051997 -54.212688
v 30.838556 5.910573 -41.441319
v 30.838556 5.910575 -54.354115
v 30.838556 6.051997 -54.212688
v 30.966215 6.051997 -54.212688
v 30.838556 14.238225 -54.212688
v 30.966215 14.238225 -54.212688
v 30.638556 14.879648 -54.854115
v 30.638556 5.410572 -54.854115
v 30.638556 14.379646 -54.354115
v 30.638556 5.910575 -54.354115
v 30.838556 14.238223 -41.582745
v 30.966215 14.238223 -41.582745
v 30.838556 6.051995 -41.582745
v 30.966215 6.051996 -41.582745
v 30.838556 6.051995 -41.582745
v 30.838556 5.910573 -41.441319
v 30.838556 14.238223 -41.582745
v 30.838556 14.379645 -41.441319
v 30.638556 5.910575 -54.354115
v 30.638556 5.910573 -41.441319
v 30.838556 5.910575 -54.354115
v 30.838556 5.910573 -41.441319
v 30.838556 5.910573 -41.441319
v 30.638556 5.910573 -41.441319
v 30.838556 14.379645 -41.441319
v 30.638556 14.379645 -41.441319
v 31.140827 5.410572 -54.854115
v 31.140827 5.410572 -40.941319
v 30.638556 5.410572 -54.854115
v 30.638556 5.410572 -40.941319
v 30.638556 5.410572 -40.941319
v 30.638556 5.910573 -41.441319
v 30.638556 5.410572 -54.854115
v 30.638556 5.910575 -54.354115
v 30.638556 5.410572 -40.941319
v 30.638556 14.879648 -40.941319
v 30.638556 5.910573 -41.441319
v 30.638556 14.379645 -41.441319
v 30.638556 14.879648 -40.941319
v 30.638556 5.410572 -40.941319
v 31.140827 14.879648 -40.941319
v 31.140827 5.410572 -40.941319
v 30.966215 6.051997 -47.667347
v 30.966215 14.238225 -47.667347
v 30.838556 6.051997 -47.667347
v 30.838556 14.238225 -47.667347
v 30.838556 14.238225 -54.212688
v 30.838556 14.379646 -54.354115
v 30.838556 6.051997 -54.212688
v 30.838556 5.910575 -54.354115
v 30.838556 6.051997 -47.667347
v 30.838556 14.238225 -47.667347
v 30.838556 6.051997 -48.128086
v 30.838556 14.238225 -48.128082
v 30.838556 14.379646 -54.354115
v 30.638556 14.379646 -54.354115
v 30.838556 5.910575 -54.354115
v 30.638556 5.910575 -54.354115
v 30.838556 14.238225 -54.212688
v 30.838556 14.238223 -41.582745
v 30.838556 14.379646 -54.354115
v 30.838556 14.379645 -41.441319
v 30.838556 14.238223 -41.582745
v 30.838556 14.238225 -54.212688
v 30.966215 14.238223 -41.582745
v 30.966215 14.238225 -54.212688
v 30.638556 14.379645 -41.441319
v 30.638556 14.379646 -54.354115
v 30.838556 14.379645 -41.441319
v 30.838556 14.379646 -54.354115
v -31.140827 14.879646 -54.854115
v -31.140827 14.879646 -40.941319
v -30.638556 14.879646 -54.854115
v -30.638556 14.879646 -40.941319
v -30.638556 14.879646 -40.941319
v -30.638556 14.379645 -41.441319
v -30.638556 14.879646 -54.854115
v -30.638556 14.379643 -54.354115
v -30.838556 6.051996 -47.667347
v -30.838556 14.238223 -47.667347
v -30.966215 6.051996 -47.667347
v -30.966215 14.238223 -47.667347
v -30.638556 5.410572 -40.941319
v -30.638556 14.879646 -40.941319
v -31.140827 5.410572 -40.941319
v -31.140827 14.879646 -40.941319
v -30.838556 6.051994 -54.212688
v -30.838556 6.051996 -41.582745
v -30.838556 5.910573 -54.354115
v -30.838556 5.910574 -41.441319
v -30.838556 6.051996 -41.582745
v -30.966215 6.051996 -41.582745
v -30.838556 14.238225 -41.582745
v -30.966215 14.238223 -41.582745
v -30.638556 14.879646 -40.941319
v -30.638556 5.410572 -40.941319
v -30.638556 14.379645 -41.441319
v -30.638556 5.910574 -41.441319
v -30.838556 14.238222 -54.212688
v -30.966215 14.238223 -54.212688
v -30.838556 6.051994 -54.212688
v -30.966215 6.051994 -54.212688
v -30.838556 6.051994 -54.212688
v -30.838556 5.910573 -54.354115
v -30.838556 14.238222 -54.212688
v -30.838556 14.379643 -54.354115
v -30.638556 5.910574 -41.441319
v -30.638556 5.910573 -54.354115
v -30.838556 5.910574 -41.441319
v -30.838556 5.910573 -54.354115
v -30.838556 5.910573 -54.354115
v -30.638556 5.910573 -54.354115
v -30.838556 14.379643 -54.354115
v -30.638556 14.379643 -54.354115
v -31.140827 5.410572 -40.941319
v -31.140827 5.410572 -54.854115
v -30.638556 5.410572 -40.941319
v -30.638556 5.410572 -54.854115
v -30.638556 5.410572 -54.854115
v -30.638556 5.910573 -54.354115
v -30.638556 5.410572 -40.941319
v -30.638556 5.910574 -41.441319
v -30.638556 5.410572 -54.854115
v -30.638556 14.879646 -54.854115
v -30.638556 5.910573 -54.354115
v -30.638556 14.379643 -54.354115
v -30.638556 14.879646 -54.854115
v -30.638556 5.410572 -54.854115
v -31.140827 14.879646 -54.854115
v -31.140827 5.410572 -54.854115
v -30.966215 6.051996 -48.128082
v -30.966215 14.238223 -48.128086
v -30.838556 6.051996 -48.128082
v -30.838556 14.238223 -48.128086
v -30.838556 14.238225 -41.582745
v -30.838556 14.379645 -41.441319
v -30.838556 6.051996 -41.582745
v -30.838556 5.910574 -41.441319
v -30.838556 6.051996 -48.128082
v -30.838556 14.238223 -48.128086
v -30.838556 6.051996 -47.667347
v -30.838556 14.238223 -47.667347
v -30.838556 14.379645 -41.441319
v -30.638556 14.379645 -41.441319
v -30.838556 5.910574 -41.441319
v -30.638556 5.910574 -41.441319
v -30.838556 14.238225 -41.582745
v -30.838556 14.238222 -54.212688
v -30.838556 14.379645 -41.441319
v -30.838556 14.379643 -54.354115
v -30.638556 14.379643 -54.354115
v -30.638556 14.379645 -41.441319
v -30.838556 14.379643 -54.354115
v -30.838556 14.379645 -41.441319
v -30.638556 5.410572 -30.905256
v -30.638556 5.910573 -30.405256
v -30.638556 5.410572 -16.992460
v -30.638556 5.910575 -17.492460
v -30.838556 14.238223 -24.179228
v -30.838556 6.051994 -24.179226
v -30.966215 14.238223 -24.179228
v -30.966215 6.051994 -24.179226
v -30.638556 14.879646 -30.905256
v -30.638556 5.410572 -30.905256
v -31.140827 14.879646 -30.905256
v -31.140827 5.410572 -30.905256
v -30.838556 14.238225 -17.633884
v -30.838556 14.238223 -30.263830
v -30.838556 14.379645 -17.492460
v -30.838556 14.379643 -30.405256
v -30.838556 14.238223 -30.263830
v -30.966215 14.238223 -30.263830
v -30.838556 6.051994 -30.263830
v -30.966215 6.051994 -30.263830
v -30.638556 5.410572 -30.905256
v -30.638556 14.879646 -30.905256
v -30.638556 5.910573 -30.405256
v -30.638556 14.379643 -30.405256
v -30.838556 14.238225 -17.633884
v -30.838556 14.379645 -17.492460
v -30.838556 6.051996 -17.633886
v -30.838556 5.910575 -17.492460
v -30.638556 14.379643 -30.405256
v -30.638556 14.379645 -17.492460
v -30.838556 14.379643 -30.405256
v -30.838556 14.379645 -17.492460
v -30.838556 14.379645 -17.492460
v -30.638556 14.379645 -17.492460
v -30.838556 5.910575 -17.492460
v -30.638556 5.910575 -17.492460
v -31.140827 14.879646 -30.905256
v -31.140827 14.879646 -16.992460
v -30.638556 14.879646 -30.905256
v -30.638556 14.879646 -16.992460
v -30.638556 14.879646 -16.992460
v -30.638556 14.379645 -17.492460
v -30.638556 14.879646 -30.905256
v -30.638556 14.379643 -30.405256
v -30.638556 14.879646 -16.992460
v -30.638556 5.410572 -16.992460
v -30.638556 14.379645 -17.492460
v -30.638556 5.910575 -17.492460
v -30.638556 5.410572 -16.992460
v -30.638556 14.879646 -16.992460
v -31.140827 5.410572 -16.992460
v -31.140827 14.879646 -16.992460
v -30.966215 14.238223 -23.718489
v -30.966215 6.051994 -23.718489
v -30.838556 14.238223 -23.718489
v -30.838556 6.051994 -23.718489
v -30.838556 6.051994 -30.263830
v -30.838556 5.910573 -30.405256
v -30.838556 14.238223 -30.263830
v -30.838556 14.379643 -30.405256
v -30.838556 14.238223 -23.718489
v -30.838556 6.051994 -23.718489
v -30.838556 14.238223 -24.179228
v -30.838556 6.051994 -24.179226
v -30.838556 5.910573 -30.405256
v -30.638556 5.910573 -30.405256
v -30.838556 14.379643 -30.405256
v -30.638556 14.379643 -30.405256
v -30.838556 6.051994 -30.263830
v -30.838556 6.051996 -17.633886
v -30.838556 5.910573 -30.405256
v -30.838556 5.910575 -17.492460
v -30.638556 5.910575 -17.492460
v -30.638556 5.910573 -30.405256
v -30.838556 5.910575 -17.492460
v -30.838556 5.910573 -30.405256
v -31.140827 14.879646 -6.956397
v -31.140827 14.879646 6.956399
v -30.638556 14.879646 -6.956397
v -30.638556 14.879646 6.956398
v -30.638556 14.879646 6.956398
v -30.638556 14.379645 6.456397
v -30.638556 14.879646 -6.956397
v -30.638556 14.379643 -6.456397
v -30.838556 6.051996 0.230369
v -30.838556 14.238223 0.230368
v -30.966215 6.051996 0.230369
v -30.966215 14.238223 0.230368
v -30.838556 6.051994 -6.314973
v -30.838556 6.051996 6.314972
v -30.838556 5.910573 -6.456397
v -30.838556 5.910574 6.456397
v -30.638556 14.879646 6.956398
v -30.638556 5.410572 6.956397
v -30.638556 14.379645 6.456397
v -30.638556 5.910574 6.456397
v -30.838556 6.051994 -6.314973
v -30.838556 5.910573 -6.456397
v -30.838556 14.238222 -6.314972
v -30.838556 14.379643 -6.456397
v -30.638556 5.910574 6.456397
v -30.638556 5.910573 -6.456397
v -30.838556 5.910574 6.456397
v -30.838556 5.910573 -6.456397
v -30.838556 5.910573 -6.456397
v -30.638556 5.910573 -6.456397
v -30.838556 14.379643 -6.456397
v -30.638556 14.379643 -6.456397
v -31.140827 5.410572 6.956397
v -31.140827 5.410572 -6.956398
v -30.638556 5.410572 6.956397
v -30.638556 5.410572 -6.956398
v -30.638556 5.410572 -6.956398
v -30.638556 5.910573 -6.456397
v -30.638556 5.410572 6.956397
v -30.638556 5.910574 6.456397
v -30.638556 5.410572 -6.956398
v -30.638556 14.879646 -6.956397
v -30.638556 5.910573 -6.456397
v -30.638556 14.379643 -6.456397
v -30.638556 14.879646 -6.956397
v -30.638556 5.410572 -6.956398
v -31.140827 14.879646 -6.956397
v -31.140827 5.410572 -6.956398
v -30.966215 6.051996 -0.230369
v -30.966215 14.238223 -0.230369
v -30.838556 6.051996 -0.230369
v -30.838556 14.238223 -0.230369
v -30.838556 14.238225 6.314974
v -30.838556 14.379645 6.456397
v -30.838556 6.051996 6.314972
v -30.838556 5.910574 6.456397
v -30.838556 6.051996 -0.230369
v -30.838556 14.238223 -0.230369
v -30.838556 6.051996 0.230369
v -30.838556 14.238223 0.230368
v -30.838556 14.379645 6.456397
v -30.638556 14.379645 6.456397
v -30.838556 5.910574 6.456397
v -30.638556 5.910574 6.456397
v -30.838556 14.238225 6.314974
v -30.838556 14.238222 -6.314972
v -30.838556 14.379645 6.456397
v -30.838556 14.379643 -6.456397
v -30.638556 14.379643 -6.456397
v -30.638556 14.379645 6.456397
v -30.838556 14.379643 -6.456397
v -30.838556 14.379645 6.456397
v -30.638556 5.410573 16.992460
v -30.638556 5.910574 17.492462
v -30.638556 5.410573 30.905256
v -30.638556 5.910575 30.405256
v -30.838556 14.238223 23.718491
v -30.838556 6.051996 23.718491
v -30.966215 14.238223 23.718491
v -30.966215 6.051996 23.718491
v -30.838556 14.238225 30.263834
v -30.838556 14.238223 17.633886
v -30.838556 14.379646 30.405256
v -30.838556 14.379645 17.492462
v -30.838556 14.238223 17.633886
v -30.838556 14.238225 30.263834
v -30.966215 14.238223 17.633886
v -30.966215 14.238225 30.263834
v -30.638556 5.410573 16.992460
v -30.638556 14.879648 16.992462
v -30.638556 5.910574 17.492462
v -30.638556 14.379645 17.492462
v -30.838556 14.238225 30.263834
v -30.838556 14.379646 30.405256
v -30.838556 6.051997 30.263830
v -30.838556 5.910575 30.405256
v -30.638556 14.379645 17.492462
v -30.638556 14.379646 30.405256
v -30.838556 14.379645 17.492462
v -30.838556 14.379646 30.405256
v -30.838556 14.379646 30.405256
v -30.638556 14.379646 30.405256
v -30.838556 5.910575 30.405256
v -30.638556 5.910575 30.405256
v -31.140827 14.879648 16.992462
v -31.140827 14.879648 30.905258
v -30.638556 14.879648 16.992462
v -30.638556 14.879648 30.905258
v -30.638556 14.879648 30.905258
v -30.638556 14.379646 30.405256
v -30.638556 14.879648 16.992462
v -30.638556 14.379645 17.492462
v -30.638556 14.879648 30.905258
v -30.638556 5.410573 30.905256
v -30.638556 14.379646 30.405256
v -30.638556 5.910575 30.405256
v -30.638556 5.410573 30.905256
v -30.638556 14.879648 30.905258
v -31.140827 5.410573 30.905256
v -31.140827 14.879648 30.905258
v -30.966215 14.238223 24.179228
v -30.966215 6.051996 24.179228
v -30.838556 14.238223 24.179228
v -30.838556 6.051996 24.179228
v -30.838556 6.051995 17.633886
v -30.838556 5.910574 17.492462
v -30.838556 14.238223 17.633886
v -30.838556 14.379645 17.492462
v -30.838556 14.238223 24.179228
v -30.838556 6.051996 24.179228
v -30.838556 14.238223 23.718491
v -30.838556 6.051996 23.718491
v -30.838556 5.910574 17.492462
v -30.638556 5.910574 17.492462
v -30.838556 14.379645 17.492462
v -30.638556 14.379645 17.492462
v -30.838556 6.051995 17.633886
v -30.838556 6.051997 30.263830
v -30.838556 5.910574 17.492462
v -30.838556 5.910575 30.405256
v -30.638556 5.910575 30.405256
v -30.638556 5.910574 17.492462
v -30.838556 5.910575 30.405256
v -30.838556 5.910574 17.492462
v -31.140827 14.879648 40.941319
v -31.140827 14.879648 54.854115
v -30.638556 14.879648 40.941319
v -30.638556 14.879648 54.854115
v -30.638556 14.879648 54.854115
v -30.638556 14.379646 54.354115
v -30.638556 14.879648 40.941319
v -30.638556 14.379645 41.441319
v -30.838556 6.051997 48.128086
v -30.838556 14.238225 48.128082
v -30.966215 6.051997 48.128086
v -30.966215 14.238225 48.128082
v -30.638556 5.410572 54.854115
v -30.638556 14.879648 54.854115
v -31.140827 5.410572 54.854115
v -31.140827 14.879648 54.854115
v -30.838556 6.051995 41.582745
v -30.838556 6.051997 54.212688
v -30.838556 5.910573 41.441319
v -30.838556 5.910575 54.354115
v -30.838556 6.051997 54.212688
v -30.966215 6.051997 54.212688
v -30.838556 14.238225 54.212688
v -30.966215 14.238225 54.212688
v -30.638556 14.879648 54.854115
v -30.638556 5.410572 54.854115
v -30.638556 14.379646 54.354115
v -30.638556 5.910575 54.354115
v -30.838556 14.238223 41.582745
v -30.966215 14.238223 41.582745
v -30.838556 6.051995 41.582745
v -30.966215 6.051996 41.582745
v -30.838556 6.051995 41.582745
v -30.838556 5.910573 41.441319
v -30.838556 14.238223 41.582745
v -30.838556 14.379645 41.441319
v -30.638556 5.910575 54.354115
v -30.638556 5.910573 41.441319
v -30.838556 5.910575 54.354115
v -30.838556 5.910573 41.441319
v -30.838556 5.910573 41.441319
v -30.638556 5.910573 41.441319
v -30.838556 14.379645 41.441319
v -30.638556 14.379645 41.441319
v -31.140827 5.410572 54.854115
v -31.140827 5.410572 40.941319
v -30.638556 5.410572 54.854115
v -30.638556 5.410572 40.941319
v -30.638556 5.410572 40.941319
v -30.638556 5.910573 41.441319
v -30.638556 5.410572 54.854115
v -30.638556 5.910575 54.354115
v -30.638556 5.410572 40.941319
v -30.638556 14.879648 40.941319
v -30.638556 5.910573 41.441319
v -30.638556 14.379645 41.441319
v -30.638556 14.879648 40.941319
v -30.638556 5.410572 40.941319
v -31.140827 14.879648 40.941319
v -31.140827 5.410572 40.941319
v -30.966215 6.051997 47.667347
v -30.966215 14.238225 47.667347
v -30.838556 6.051997 47.667347
v -30.838556 14.238225 47.667347
v -30.838556 14.238225 54.212688
v -30.838556 14.379646 54.354115
v -30.838556 6.051997 54.212688
v -30.838556 5.910575 54.354115
v -30.838556 6.051997 47.667347
v -30.838556 14.238225 47.667347
v -30.838556 6.051997 48.128086
v -30.838556 14.238225 48.128082
v -30.838556 14.379646 54.354115
v -30.638556 14.379646 54.354115
v -30.838556 5.910575 54.354115
v -30.638556 5.910575 54.354115
v -30.838556 14.238225 54.212688
v -30.838556 14.238223 41.582745
v -30.838556 14.379646 54.354115
v -30.838556 14.379645 41.441319
v -30.838556 14.238223 41.582745
v -30.838556 14.238225 54.212688
v -30.966215 14.238223 41.582745
v -30.966215 14.238225 54.212688
v -30.638556 14.379645 41.441319
v -30.638556 14.379646 54.354115
v -30.838556 14.379645 41.441319
v -30.838556 14.379646 54.354115
v 31.724859 11.643373 -53.990902
v 31.423365 11.643373 -53.990902
v 31.724859 11.447339 -53.593231
v 31.423365 11.447339 -53.593231
v 31.725000 6.550851 -54.198719
v 31.423588 6.550851 -54.198719
v 31.725000 6.526387 -54.502369
v 31.423588 6.526387 -54.502369
v 31.707188 9.125744 -7.836241
v 31.405706 9.125744 -7.836241
v 31.707188 11.071233 -7.710241
v 31.405706 11.071233 -7.710241
v 31.707188 8.402291 7.870052
v 31.405706 8.402291 7.870052
v 31.707188 9.125744 -7.836241
v 31.405706 9.125744 -7.836241
v 31.707188 10.347781 7.996050
v 31.405706 10.347781 7.996050
v 31.707188 8.402291 7.870052
v 31.405706 8.402291 7.870052
v 31.405706 10.424539 6.329660
v 31.405706 10.347781 7.996050
v 31.707188 10.424539 6.329660
v 31.707188 10.347781 7.996050
v 31.707188 11.071233 -7.710241
v 31.405706 11.071233 -7.710241
v 31.707188 10.557250 3.448514
v 31.405706 10.557250 3.448514
v 31.405706 10.557250 3.448514
v 31.405706 10.385355 3.437380
v 31.707188 10.557250 3.448514
v 31.707188 10.385355 3.437380
v 31.656265 7.212575 -16.063749
v 31.354776 7.212575 -16.065725
v 31.657034 5.266302 -16.180769
v 31.355545 5.266302 -16.182745
v 31.725004 11.085649 -16.535015
v 31.725004 9.568589 -16.409151
v 31.725004 9.873583 -31.144297
v 31.725004 8.356524 -31.018433
v 31.725004 11.085649 -16.535015
v 31.423508 11.085649 -16.535015
v 31.725004 9.568589 -16.409151
v 31.423508 9.568589 -16.409151
v 31.423508 9.873583 -31.144297
v 31.423508 11.085649 -16.535015
v 31.725004 9.873583 -31.144297
v 31.725004 11.085649 -16.535015
v 31.725004 8.356524 -31.018433
v 31.423508 8.356524 -31.018433
v 31.725004 9.873583 -31.144297
v 31.423508 9.873583 -31.144297
v 31.725004 9.568589 -16.409151
v 31.423508 9.568589 -16.409151
v 31.725004 8.356524 -31.018433
v 31.423508 8.356524 -31.018433
v 31.423508 8.356524 -31.018433
v 31.423508 9.568589 -16.409151
v 31.423508 9.873583 -31.144297
v 31.423508 11.085649 -16.535015
v 31.423588 8.907372 -40.239613
v 31.725000 8.907372 -40.239613
v 31.423590 7.949722 -55.927193
v 31.725000 7.949722 -55.927193
v 31.423588 6.259477 -53.822712
v 31.725000 6.259477 -53.822712
v 31.423588 6.125068 -53.814510
v 31.725000 6.125068 -53.814510
v 31.423365 11.723868 -55.815456
v 31.724859 11.723868 -55.815456
v 31.423365 9.775025 -55.876171
v 31.724859 9.775025 -55.876171
v 31.724859 11.643373 -53.990902
v 31.724859 11.723868 -55.815456
v 31.423365 11.643373 -53.990902
v 31.423365 11.723868 -55.815456
v 31.725004 8.063368 7.084241
v 31.725004 6.544149 7.180601
v 31.725004 7.135417 -7.545835
v 31.725004 5.616199 -7.449474
v 31.725004 8.063368 7.084241
v 31.423508 8.063368 7.084241
v 31.725004 6.544149 7.180601
v 31.423508 6.544149 7.180601
v 31.423508 7.135417 -7.545835
v 31.423508 8.063368 7.084241
v 31.725004 7.135417 -7.545835
v 31.725004 8.063368 7.084241
v 31.725004 5.616199 -7.449474
v 31.423508 5.616199 -7.449474
v 31.725004 7.135417 -7.545835
v 31.423508 7.135417 -7.545835
v 31.725004 6.544149 7.180601
v 31.423508 6.544149 7.180601
v 31.725004 5.616199 -7.449474
v 31.423508 5.616199 -7.449474
v 31.423508 5.616199 -7.449474
v 31.423508 6.544149 7.180601
v 31.423508 7.135417 -7.545835
v 31.423508 8.063368 7.084241
v 31.423508 13.348618 -55.349689
v 31.423508 11.844012 -55.118439
v 31.423508 15.575561 -40.860348
v 31.423508 14.070955 -40.629101
v 31.423508 13.348618 -55.349689
v 31.725004 13.348618 -55.349689
v 31.423508 11.844012 -55.118439
v 31.725004 11.844012 -55.118439
v 31.725006 15.575561 -40.860348
v 31.725004 13.348618 -55.349689
v 31.423508 15.575561 -40.860348
v 31.423508 13.348618 -55.349689
v 31.725000 7.480411 -40.152504
v 31.725000 7.488129 -40.342815
v 31.423588 7.480411 -40.152504
v 31.423588 7.488129 -40.342815
v 31.423588 7.488129 -40.342815
v 31.725000 7.488129 -40.342815
v 31.423588 7.704428 -40.509247
v 31.725000 7.704428 -40.509247
v 31.423588 7.704428 -40.509247
v 31.725000 7.704428 -40.509247
v 31.423588 8.024251 -40.422451
v 31.725000 8.024251 -40.422451
v 31.423588 8.024251 -40.422451
v 31.725000 8.024251 -40.422451
v 31.423588 8.370582 -40.206844
v 31.725000 8.370582 -40.206844
v 31.725000 8.370582 -40.206844
v 31.725000 8.907372 -40.239613
v 31.423588 8.370582 -40.206844
v 31.423588 8.907372 -40.239613
v -31.544851 5.910573 41.441319
v -31.544851 14.379645 41.441319
v -30.966215 5.910573 41.441319
v -30.966215 14.379645 41.441319
v -30.966215 14.379645 41.441319
v -31.544851 14.379645 41.441319
v -30.966215 14.379646 54.354115
v -31.544851 14.379646 54.354115
v -30.966215 5.910575 54.354115
v -31.544851 5.910575 54.354115
v -30.966215 5.910573 41.441319
v -31.544851 5.910573 41.441319
v -31.544851 14.379646 54.354115
v -31.544851 5.910575 54.354115
v -30.966215 14.379646 54.354115
v -30.966215 5.910575 54.354115
v -31.544851 5.910573 17.492462
v -30.966215 5.910573 17.492462
v -31.544851 14.379645 17.492462
v -30.966215 14.379645 17.492462
v -30.966215 14.379645 17.492462
v -30.966215 14.379646 30.405256
v -31.544851 14.379645 17.492462
v -31.544851 14.379646 30.405256
v -30.966215 5.910575 30.405256
v -30.966215 5.910573 17.492462
v -31.544851 5.910575 30.405256
v -31.544851 5.910573 17.492462
v -31.544851 14.379646 30.405256
v -30.966215 14.379646 30.405256
v -31.544851 5.910575 30.405256
v -30.966215 5.910575 30.405256
v -31.544851 5.910573 -6.456397
v -30.966215 5.910573 -6.456397
v -31.544851 14.379645 -6.456397
v -30.966215 14.379645 -6.456397
v -30.966215 14.379645 -6.456397
v -30.966215 14.379646 6.456397
v -31.544851 14.379645 -6.456397
v -31.544851 14.379646 6.456397
v -30.966215 5.910575 6.456397
v -30.966215 5.910573 -6.456397
v -31.544851 5.910575 6.456397
v -31.544851 5.910573 -6.456397
v -31.544851 14.379646 6.456397
v -30.966215 14.379646 6.456397
v -31.544851 5.910575 6.456397
v -30.966215 5.910575 6.456397
v -31.544851 5.910573 -30.405252
v -30.966215 5.910573 -30.405252
v -31.544851 14.379645 -30.405252
v -30.966215 14.379645 -30.405252
v -30.966215 14.379645 -30.405252
v -30.966215 14.379646 -17.492460
v -31.544851 14.379645 -30.405252
v -31.544851 14.379646 -17.492460
v -30.966215 5.910575 -17.492460
v -30.966215 5.910573 -30.405252
v -31.544851 5.910575 -17.492460
v -31.544851 5.910573 -30.405252
v -31.544851 14.379646 -17.492460
v -30.966215 14.379646 -17.492460
v -31.544851 5.910575 -17.492460
v -30.966215 5.910575 -17.492460
v -31.544851 5.910573 -54.354115
v -30.966215 5.910573 -54.354115
v -31.544851 14.379645 -54.354115
v -30.966215 14.379645 -54.354115
v -30.966215 14.379645 -54.354115
v -30.966215 14.379646 -41.441319
v -31.544851 14.379645 -54.354115
v -31.544851 14.379646 -41.441319
v -30.966215 5.910575 -41.441319
v -30.966215 5.910573 -54.354115
v -31.544851 5.910575 -41.441319
v -31.544851 5.910573 -54.354115
v -31.544851 14.379646 -41.441319
v -30.966215 14.379646 -41.441319
v -31.544851 5.910575 -41.441319
v -30.966215 5.910575 -41.441319
v 30.876209 5.910573 41.441319
v 30.876209 14.379645 41.441319
v 31.454847 5.910573 41.441319
v 31.454847 14.379645 41.441319
v 31.454847 14.379645 41.441319
v 30.876209 14.379645 41.441319
v 31.454847 14.379646 54.354115
v 30.876209 14.379646 54.354115
v 31.454847 5.910575 54.354115
v 30.876209 5.910575 54.354115
v 31.454847 5.910573 41.441319
v 30.876209 5.910573 41.441319
v 30.876209 14.379646 54.354115
v 30.876209 5.910575 54.354115
v 31.454847 14.379646 54.354115
v 31.454847 5.910575 54.354115
v 30.876209 5.910573 17.492462
v 31.454847 5.910573 17.492462
v 30.876209 14.379645 17.492462
v 31.454847 14.379645 17.492462
v 31.454847 14.379645 17.492462
v 31.454847 14.379646 30.405256
v 30.876209 14.379645 17.492462
v 30.876209 14.379646 30.405256
v 31.454847 5.910575 30.405256
v 31.454847 5.910573 17.492462
v 30.876209 5.910575 30.405256
v 30.876209 5.910573 17.492462
v 30.876209 14.379646 30.405256
v 31.454847 14.379646 30.405256
v 30.876209 5.910575 30.405256
v 31.454847 5.910575 30.405256
v 30.876209 5.910573 -6.456397
v 31.454847 5.910573 -6.456397
v 30.876209 14.379645 -6.456397
v 31.454847 14.379645 -6.456397
v 31.454847 14.379645 -6.456397
v 31.454847 14.379646 6.456397
v 30.876209 14.379645 -6.456397
v 30.876209 14.379646 6.456397
v 31.454847 5.910575 6.456397
v 31.454847 5.910573 -6.456397
v 30.876209 5.910575 6.456397
v 30.876209 5.910573 -6.456397
v 30.876209 14.379646 6.456397
v 31.454847 14.379646 6.456397
v 30.876209 5.910575 6.456397
v 31.454847 5.910575 6.456397
v 30.876209 5.910573 -30.405252
v 31.454847 5.910573 -30.405252
v 30.876209 14.379645 -30.405252
v 31.454847 14.379645 -30.405252
v 31.454847 14.379645 -30.405252
v 31.454847 14.379646 -17.492460
v 30.876209 14.379645 -30.405252
v 30.876209 14.379646 -17.492460
v 31.454847 5.910575 -17.492460
v 31.454847 5.910573 -30.405252
v 30.876209 5.910575 -17.492460
v 30.876209 5.910573 -30.405252
v 30.876209 14.379646 -17.492460
v 31.454847 14.379646 -17.492460
v 30.876209 5.910575 -17.492460
v 31.454847 5.910575 -17.492460
v 30.876209 5.910573 -54.354115
v 31.454847 5.910573 -54.354115
v 30.876209 14.379645 -54.354115
v 31.454847 14.379645 -54.354115
v 31.454847 14.379645 -54.354115
v 31.454847 14.379646 -41.441319
v 30.876209 14.379645 -54.354115
v 30.876209 14.379646 -41.441319
v 31.454847 5.910575 -41.441319
v 31.454847 5.910573 -54.354115
v 30.876209 5.910575 -41.441319
v 30.876209 5.910573 -54.354115
v 30.876209 14.379646 -41.441319
v 31.454847 14.379646 -41.441319
v 30.876209 5.910575 -41.441319
v 31.454847 5.910575 -41.441319
v 12.457715 5.910575 -59.194771
v 12.457715 14.379646 -59.194771
v 12.457715 5.910575 -59.707985
v 12.457715 14.379646 -59.707985
v 12.457715 14.379646 -59.707985
v 12.457715 14.379646 -59.194771
v 25.370508 14.379648 -59.707985
v 25.370508 14.379648 -59.194771
v 25.370508 5.910577 -59.707985
v 25.370508 5.910577 -59.194771
v 12.457715 5.910575 -59.707985
v 12.457715 5.910575 -59.194771
v 25.370508 14.379648 -59.194771
v 25.370508 5.910577 -59.194771
v 25.370508 14.379648 -59.707985
v 25.370508 5.910577 -59.707985
v -24.743940 5.910575 -59.194771
v -24.743940 14.379646 -59.194771
v -24.743940 5.910575 -59.707985
v -24.743940 14.379646 -59.707985
v -24.743940 14.379646 -59.707985
v -24.743940 14.379646 -59.194771
v -11.831147 14.379648 -59.707985
v -11.831147 14.379648 -59.194771
v -11.831147 5.910577 -59.707985
v -11.831147 5.910577 -59.194771
v -24.743940 5.910575 -59.707985
v -24.743940 5.910575 -59.194771
v -11.831147 14.379648 -59.194771
v -11.831147 5.910577 -59.194771
v -11.831147 14.379648 -59.707985
v -11.831147 5.910577 -59.707985
v -31.171869 14.879646 6.956398
v -31.171869 13.644734 5.733501
v -31.171869 14.879646 -6.956397
v -31.171869 13.644732 -5.822726
v -31.171869 14.879646 6.956398
v -31.171869 5.410572 6.956397
v -31.171869 13.644734 5.733501
v -31.171869 6.556034 5.733501
v -31.171869 5.410572 -6.956398
v -31.171869 6.556032 -5.822726
v -31.171869 5.410572 6.956397
v -31.171869 6.556034 5.733501
v -31.171869 5.410572 -6.956398
v -31.171869 14.879646 -6.956397
v -31.171869 6.556032 -5.822726
v -31.171869 13.644732 -5.822726
v -31.371870 6.051996 -0.760895
v -31.371870 14.238223 -0.760896
v -31.371870 6.051996 0.631855
v -31.371870 14.238223 0.631854
v -31.171869 14.879646 -16.980722
v -31.171869 13.606109 -18.241377
v -31.171869 14.879646 -30.893515
v -31.171869 13.606107 -29.477972
v -31.171869 14.879646 -16.980722
v -31.171869 5.410572 -16.980724
v -31.171869 13.606109 -18.241377
v -31.171869 6.920808 -18.241377
v -31.171869 5.410572 -30.893518
v -31.171869 6.920807 -29.477972
v -31.171869 5.410572 -16.980724
v -31.171869 6.920808 -18.241377
v -31.171869 5.410572 -30.893518
v -31.171869 14.879646 -30.893515
v -31.171869 6.920807 -29.477972
v -31.171869 13.606107 -29.477972
v -31.371870 6.051996 -24.762510
v -31.371870 14.238223 -24.762510
v -31.371870 6.051996 -23.287985
v -31.371870 14.238223 -23.287985
v -31.171869 14.879646 -40.920071
v -31.171869 13.841657 -41.922222
v -31.171869 14.879646 -54.832863
v -31.171869 13.841655 -53.738934
v -31.171869 14.879646 -40.920071
v -31.171869 5.410572 -40.920074
v -31.171869 13.841657 -41.922222
v -31.171869 6.549292 -41.922222
v -31.171869 5.410573 -54.832867
v -31.171869 6.549291 -53.738941
v -31.171869 5.410572 -40.920074
v -31.171869 6.549292 -41.922222
v -31.171869 5.410573 -54.832867
v -31.171869 14.879646 -54.832863
v -31.171869 6.549291 -53.738941
v -31.171869 13.841655 -53.738934
v -31.371870 6.051996 -48.534046
v -31.371870 14.238223 -48.534050
v -31.371870 6.051997 -47.378704
v -31.371870 14.238223 -47.378704
v -31.171873 14.879643 30.921183
v -31.171873 13.818135 29.730070
v -31.171873 14.879643 17.008392
v -31.171873 13.818133 18.173157
v -31.171873 14.879643 30.921183
v -31.171873 5.410570 30.921179
v -31.171873 13.818135 29.730070
v -31.171873 6.612453 29.730070
v -31.171873 5.410571 17.008383
v -31.171873 6.612453 18.173151
v -31.171873 5.410570 30.921179
v -31.171873 6.612453 29.730070
v -31.171873 5.410571 17.008383
v -31.171873 14.879643 17.008392
v -31.171873 6.612453 18.173151
v -31.171873 13.818133 18.173157
v -31.371872 6.051994 23.299343
v -31.371872 14.238220 23.299347
v -31.371872 6.051995 24.631308
v -31.371872 14.238220 24.631308
v -31.171873 14.879643 54.838314
v -31.171873 13.483416 53.484295
v -31.171873 14.879643 40.925522
v -31.171873 13.483414 42.315907
v -31.171873 14.879643 54.838314
v -31.171873 5.410568 54.838306
v -31.171873 13.483416 53.484295
v -31.171873 6.648961 53.484295
v -31.171873 5.410570 40.925514
v -31.171873 6.648961 42.315899
v -31.171873 5.410568 54.838306
v -31.171873 6.648961 53.484295
v -31.171873 5.410570 40.925514
v -31.171873 14.879643 40.925522
v -31.171873 6.648961 42.315899
v -31.171873 13.483414 42.315907
v -31.371872 6.051992 47.020134
v -31.371872 14.238220 47.020138
v -31.371872 6.051994 48.617847
v -31.371872 14.238220 48.617851
v 31.236906 13.602676 -5.745324
v 31.236906 13.602678 5.779083
v 31.236906 14.879646 -6.956397
v 31.236906 14.879646 6.956398
v 31.236906 6.669312 5.779083
v 31.236906 5.410572 6.956397
v 31.236906 13.602678 5.779083
v 31.236906 14.879646 6.956398
v 31.236906 6.669312 5.779083
v 31.236906 6.669311 -5.745324
v 31.236906 5.410572 6.956397
v 31.236906 5.410572 -6.956398
v 31.236906 13.602676 -5.745324
v 31.236906 14.879646 -6.956397
v 31.236906 6.669311 -5.745324
v 31.236906 5.410572 -6.956398
v 31.036905 14.238223 0.579296
v 31.036905 14.238223 -0.627269
v 31.036905 6.051996 0.579297
v 31.036905 6.051996 -0.627269
v 31.236906 13.798759 -29.891523
v 31.236906 13.798759 -18.064222
v 31.236906 14.879646 -30.893515
v 31.236906 14.879646 -16.980722
v 31.236906 6.568933 -18.064222
v 31.236906 5.410572 -16.980724
v 31.236906 13.798759 -18.064222
v 31.236906 14.879646 -16.980722
v 31.236906 6.568933 -18.064222
v 31.236906 6.568932 -29.891523
v 31.236906 5.410572 -16.980724
v 31.236906 5.410572 -30.893518
v 31.236906 13.798759 -29.891523
v 31.236906 14.879646 -30.893515
v 31.236906 6.568932 -29.891523
v 31.236906 5.410572 -30.893518
v 31.036905 14.238223 -23.387571
v 31.036905 14.238223 -24.534491
v 31.036905 6.051996 -23.387571
v 31.036905 6.051996 -24.534491
v 31.236906 13.802943 -53.690254
v 31.236906 13.802945 -42.137825
v 31.236906 14.879646 -54.832863
v 31.236906 14.879646 -40.920071
v 31.236906 6.536242 -42.137825
v 31.236906 5.410572 -40.920074
v 31.236906 13.802945 -42.137825
v 31.236906 14.879646 -40.920071
v 31.236906 6.536242 -42.137825
v 31.236906 6.536241 -53.690258
v 31.236906 5.410572 -40.920074
v 31.236906 5.410573 -54.832867
v 31.236906 13.802943 -53.690254
v 31.236906 14.879646 -54.832863
v 31.236906 6.536241 -53.690258
v 31.236906 5.410573 -54.832867
v 31.036905 14.238223 -47.478367
v 31.036905 14.238223 -48.494614
v 31.036905 6.051997 -47.478367
v 31.036905 6.051996 -48.494610
v 31.236902 13.588553 18.177689
v 31.236902 13.588554 29.695505
v 31.236902 14.879643 17.008392
v 31.236902 14.879643 30.921183
v 31.236902 6.878346 29.695505
v 31.236902 5.410570 30.921179
v 31.236902 13.588554 29.695505
v 31.236902 14.879643 30.921183
v 31.236902 6.878346 29.695505
v 31.236902 6.878346 18.177683
v 31.236902 5.410570 30.921179
v 31.236902 5.410571 17.008383
v 31.236902 13.588553 18.177689
v 31.236902 14.879643 17.008392
v 31.236902 6.878346 18.177683
v 31.236902 5.410571 17.008383
v 31.036901 14.238220 24.522247
v 31.036901 14.238220 23.254253
v 31.036901 6.051995 24.522245
v 31.036901 6.051994 23.254248
v 31.236902 13.545424 42.104610
v 31.236902 13.545425 53.503498
v 31.236902 14.879643 40.925522
v 31.236902 14.879643 54.838314
v 31.236902 6.798354 53.503498
v 31.236902 5.410568 54.838306
v 31.236902 13.545425 53.503498
v 31.236902 14.879643 54.838314
v 31.236902 6.798354 53.503498
v 31.236902 6.798355 42.104607
v 31.236902 5.410568 54.838306
v 31.236902 5.410570 40.925514
v 31.236902 13.545424 42.104610
v 31.236902 14.879643 40.925522
v 31.236902 6.798355 42.104607
v 31.236902 5.410570 40.925514
v 31.036901 14.238220 48.692944
v 31.036901 14.238220 47.204952
v 31.036901 6.051994 48.692940
v 31.036901 6.051992 47.204945
v 13.304010 13.692101 -59.472034
v 24.776117 13.692102 -59.472034
v 11.941848 14.879646 -59.472034
v 25.854639 14.879646 -59.472034
v 24.776117 6.568508 -59.472034
v 25.854633 5.410571 -59.472034
v 24.776117 13.692102 -59.472034
v 25.854639 14.879646 -59.472034
v 24.776117 6.568508 -59.472034
v 13.304004 6.568506 -59.472034
v 25.854633 5.410571 -59.472034
v 11.941841 5.410572 -59.472034
v 13.304010 13.692101 -59.472034
v 11.941848 14.879646 -59.472034
v 13.304004 6.568506 -59.472034
v 11.941841 5.410572 -59.472034
v 19.497744 14.238223 -59.456665
v 18.417313 14.238223 -59.456665
v 19.497744 6.051996 -59.456665
v 18.417316 6.051996 -59.456665
v -24.148079 13.691675 -59.465668
v -12.347255 13.691676 -59.465668
v -25.248337 14.879646 -59.465668
v -11.335547 14.879646 -59.465668
v -12.347255 6.590616 -59.465668
v -11.335553 5.410571 -59.465668
v -12.347255 13.691676 -59.465668
v -11.335547 14.879646 -59.465668
v -12.347255 6.590616 -59.465668
v -24.148085 6.590614 -59.465668
v -11.335553 5.410571 -59.465668
v -25.248343 5.410572 -59.465668
v -24.148079 13.691675 -59.465668
v -25.248337 14.879646 -59.465668
v -24.148085 6.590614 -59.465668
v -25.248343 5.410572 -59.465668
v -17.735123 14.238223 -59.514717
v -18.906937 14.238223 -59.514717
v -17.735123 6.051995 -59.514717
v -18.906935 6.051995 -59.514717
v -4.228168 16.190800 -58.211231
v -4.228168 0.445575 -58.211231
v -4.228168 16.190800 -59.427547
v -4.228168 0.445576 -59.427547
v -4.861064 0.445575 -58.211231
v -4.228168 0.445575 -58.211231
v -4.861064 16.190802 -58.211231
v -4.228168 16.190800 -58.211231
v 5.959408 16.990799 -58.005501
v 5.959407 16.190800 -58.005501
v 5.959408 16.990799 -59.427547
v 5.959407 16.190800 -59.427547
v -5.176157 16.990801 -58.005501
v -5.176160 16.190802 -58.005501
v 5.959408 16.990799 -58.005501
v 5.959407 16.190800 -58.005501
v -5.176157 16.990801 -59.427547
v -5.176157 16.990801 -58.005501
v 5.959408 16.990799 -59.427547
v 5.959408 16.990799 -58.005501
v 5.808014 16.190800 -59.427547
v 5.808014 16.190800 -58.211231
v 5.808014 0.445576 -59.427547
v 5.808014 0.445575 -58.211231
v 5.808014 16.190800 -58.211231
v 5.175119 16.190802 -58.211231
v 5.808014 0.445575 -58.211231
v 5.175119 0.445575 -58.211231
v 5.100709 16.190800 34.750454
v 5.100709 0.445575 34.750454
v 5.100709 16.190802 35.966766
v 5.100709 0.445576 35.966766
v 5.733605 0.445575 34.750454
v 5.100709 0.445575 34.750454
v 5.733605 16.190802 34.750454
v 5.100709 16.190800 34.750454
v 6.048698 16.990801 34.544720
v 6.048701 16.190802 34.544720
v -5.086867 16.990799 34.544720
v -5.086866 16.190800 34.544720
v -4.935473 16.190802 35.966766
v -4.935473 16.190800 34.750454
v -4.935473 0.445576 35.966766
v -4.935473 0.445575 34.750454
v -4.935473 16.190800 34.750454
v -4.302577 16.190802 34.750454
v -4.935473 0.445575 34.750454
v -4.302577 0.445575 34.750454
v -4.935473 0.445576 35.966766
v -4.302577 0.445576 35.966766
v -4.935473 16.190802 35.966766
v -4.302578 16.190802 35.966766
v -5.086867 16.990799 36.172497
v -5.086868 16.190800 36.172497
v 6.048698 16.990799 36.172497
v 6.048698 16.190800 36.172497
v 5.733604 16.190802 35.966766
v 5.100709 16.190802 35.966766
v 5.733605 0.445576 35.966766
v 5.100709 0.445576 35.966766
v -30.913298 19.472399 59.427540
v -30.913298 19.472399 -59.427559
v -30.913298 21.245768 59.427540
v -30.913298 21.245768 -59.427559
v -31.140829 19.472399 59.427551
v -31.140827 19.472399 -59.427547
v -30.913298 19.472399 59.427540
v -30.913298 19.472399 -59.427559
v -30.913298 2.218944 -59.427551
v -30.913298 2.218944 59.427547
v -30.913298 0.445576 -59.427551
v -30.913298 0.445576 59.427547
v -31.140829 2.218944 -59.427563
v -31.140827 2.218944 59.427540
v -30.913298 2.218944 -59.427551
v -30.913298 2.218944 59.427547
v 31.140827 21.245768 -59.200012
v -31.140814 21.245768 -59.200012
v 31.140827 19.472399 -59.200012
v -31.140814 19.472399 -59.200012
v 31.140827 19.472399 -59.200012
v -31.140814 19.472399 -59.200012
v 31.140827 19.472399 -59.427547
v -31.140827 19.472399 -59.427547
v 31.140827 2.218944 -59.427547
v -31.140812 2.218944 -59.427547
v 31.140827 2.218944 -59.200012
v -31.140821 2.218944 -59.200012
v 31.140827 2.218944 -59.200012
v -31.140821 2.218944 -59.200012
v 31.140827 0.445576 -59.200012
v -31.140821 0.445576 -59.200012
v -31.140827 21.245768 59.200012
v 31.140814 21.245768 59.200012
v -31.140827 19.472399 59.200012
v 31.140814 19.472399 59.200012
v -31.140827 19.472399 59.200012
v 31.140814 19.472399 59.200012
v -31.140827 19.472399 59.427547
v 31.140827 19.472399 59.427547
v -31.140827 2.218944 59.427547
v 31.140812 2.218944 59.427547
v -31.140827 2.218944 59.200012
v 31.140821 2.218944 59.200012
v -31.140827 2.218944 59.200012
v 31.140821 2.218944 59.200012
v -31.140827 0.445576 59.200012
v 31.140821 0.445576 59.200012
v 30.913298 19.472399 -59.427551
v 30.913298 19.472399 59.427547
v 30.913298 21.245768 -59.427551
v 30.913298 21.245768 59.427547
v 31.140829 19.472399 -59.427563
v 31.140827 19.472399 59.427540
v 30.913298 19.472399 -59.427551
v 30.913298 19.472399 59.427547
v 30.913298 2.218944 59.427540
v 30.913298 2.218944 -59.427559
v 30.913298 0.445576 59.427540
v 30.913298 0.445576 -59.427559
v 31.140829 2.218944 59.427551
v 31.140827 2.218944 -59.427547
v 30.913298 2.218944 59.427540
v 30.913298 2.218944 -59.427559
v -31.140827 21.245768 34.898556
v 31.140814 21.245768 34.898556
v -31.140827 19.472399 34.898556
v 31.140814 19.472399 34.898556
v -31.140827 19.472399 34.898556
v 31.140814 19.472399 34.898556
v -31.140827 19.472399 35.126087
v 31.140827 19.472399 35.126087
v 5.156814 2.218944 35.126087
v 31.140812 2.218944 35.126087
v 5.156814 2.218944 34.898556
v 31.140821 2.218944 34.898556
v 5.156814 2.218944 34.898556
v 31.140821 2.218944 34.898556
v 5.156814 0.445576 34.898556
v 31.140821 0.445576 34.898556
v 31.140818 21.245768 35.845161
v -31.140823 21.245768 35.845161
v 31.140818 19.472399 35.845161
v -31.140823 19.472399 35.845161
v 31.140818 19.472399 35.845161
v -31.140823 19.472399 35.845161
v 31.140818 19.472399 35.617626
v -31.140839 19.472399 35.617626
v -4.574235 2.218944 35.617626
v -31.140821 2.218944 35.617626
v -4.574235 2.218944 35.845161
v -31.140829 2.218944 35.845161
v -4.574235 2.218944 35.845161
v -31.140829 2.218944 35.845161
v -4.574235 0.445576 35.845161
v -31.140829 0.445576 35.845161
v 5.156814 0.445576 35.845161
v 31.140818 0.445576 35.845161
v 5.156814 2.218944 35.845161
v 31.140818 2.218944 35.845161
v 5.156814 2.218944 35.845161
v 31.140818 2.218944 35.845161
v 5.156814 2.218944 35.617626
v 31.140818 2.218944 35.617626
v -4.574235 0.445576 34.898556
v -31.140827 0.445576 34.898556
v -4.574235 2.218944 34.898556
v -31.140827 2.218944 34.898556
v -4.574235 2.218944 34.898556
v -31.140827 2.218944 34.898556
v -4.574235 2.218944 35.126087
v -31.140827 2.218944 35.126087
v -14.950151 9.947085 -59.673248
v -15.261919 10.062678 -59.673248
v -26.409540 10.748557 -59.673248
v -15.250786 10.234573 -59.673248
v -12.369639 10.101863 -59.673248
v -12.687472 9.989094 -59.673248
v -10.703250 10.025105 -59.673248
v -10.829248 8.079616 -59.673248
v -26.535542 8.803068 -59.673248
v -31.517302 10.269761 -3.749149
v -31.517302 10.385355 -3.437380
v -31.517302 11.071233 7.710241
v -31.517302 10.557250 -3.448514
v -31.517302 10.424539 -6.329660
v -31.517302 10.311770 -6.011828
v -31.517302 10.347781 -7.996050
v -31.517302 8.402291 -7.870052
v -31.517302 9.125744 7.836241
v 31.405706 10.269761 3.749149
v 31.405706 10.385355 3.437380
v 31.405706 11.071233 -7.710241
v 31.405706 10.557250 3.448514
v 31.405706 10.424539 6.329660
v 31.405706 10.311770 6.011828
v 31.405706 10.347781 7.996050
v 31.405706 8.402291 7.870052
v 31.405706 9.125744 -7.836241
v -31.530872 13.984509 -54.488564
v -31.530872 13.960045 -54.184914
v -31.530872 13.861239 -54.606647
v -31.530872 12.561175 -55.913387
v -31.530872 13.882792 -55.348293
v -31.530872 13.799840 -55.738110
v -31.530872 13.702698 -55.843700
v -31.530872 6.526387 54.502369
v -31.530872 6.550851 54.198719
v -31.530872 6.649656 54.620453
v -31.530872 7.949722 55.927193
v -31.530872 6.628104 55.362099
v -31.530872 6.711057 55.751919
v -31.530872 6.808198 55.857510
v 31.423588 8.907372 -40.239613
v 31.423588 6.550851 -54.198719
v 31.423588 6.259477 -53.822712
v 31.423588 6.298934 -54.147961
v 31.423588 7.480411 -40.152504
v 31.423588 7.488129 -40.342815
v 31.423588 6.961002 -40.120796
v 31.423588 7.704428 -40.509247
v 31.423588 6.125068 -53.814510
v 31.423588 8.024251 -40.422451
v 31.423588 8.370582 -40.206844
v 31.423588 11.603525 40.225807
v 31.423588 13.960045 54.184914
v 31.423588 14.251419 53.808907
v 31.423588 14.211963 54.134155
v 31.423588 13.030486 40.138699
v 31.423588 13.022768 40.329010
v 31.423588 13.549893 40.106991
v 31.423588 12.806468 40.495441
v 31.423588 14.385828 53.800701
v 31.423588 12.486645 40.408646
v 31.423588 12.140315 40.193035
v 31.423365 11.643373 -53.990902
v 31.423365 11.723868 -55.815456
v 31.423365 11.447339 -53.593231
v 31.423365 9.775025 -55.876171
v 31.423365 11.317551 -50.451916
v 31.423365 8.867523 53.977093
v 31.423365 8.787028 55.801647
v 31.423365 9.063558 53.579426
v 31.423365 10.735871 55.862366
v 31.423365 9.193345 50.438107
v -30.561752 2.207150 36.196709
v -28.836884 19.456474 36.196709
v -30.561752 19.456474 36.196709
v -28.836884 21.245768 36.196709
v -30.561752 21.245768 36.196709
v 30.561752 21.245768 36.196709
v 28.836884 21.245768 36.196709
v 30.561752 19.456474 36.196709
v 28.836884 19.456474 36.196709
v 28.836884 2.207150 36.196709
v -31.832281 13.702704 -55.843700
v -31.832281 12.561175 -55.913387
v -31.832281 13.799840 -55.738110
v -31.832281 13.861239 -54.606647
v -31.832281 13.882792 -55.348293
v -31.832281 13.984509 -54.488564
v -31.832281 13.960045 -54.184914
v -31.832281 11.603525 -40.225807
v -31.832281 14.251419 -53.808907
v -31.832281 14.211963 -54.134155
v -31.832281 13.030486 -40.138699
v -31.832281 13.549895 -40.106991
v -31.832281 13.022768 -40.329010
v -31.832281 12.806468 -40.495441
v -31.832281 14.385828 -53.800701
v -31.832281 12.486645 -40.408646
v -31.832281 12.140315 -40.193035
v 31.725000 13.702704 55.843700
v 31.725000 12.561175 55.913387
v 31.725000 13.799840 55.738110
v 31.725000 13.861239 54.606647
v 31.725000 13.882792 55.348293
v 31.725000 13.984509 54.488564
v 31.725000 13.960045 54.184914
v 31.725000 11.603525 40.225807
v 31.725000 14.251419 53.808907
v 31.725000 14.211963 54.134155
v 31.725000 13.030486 40.138699
v 31.725000 13.549895 40.106991
v 31.725000 13.022768 40.329010
v 31.725000 12.806468 40.495441
v 31.725000 14.385828 53.800701
v 31.725000 12.486645 40.408646
v 31.725000 12.140315 40.193035
v 31.725000 6.808193 -55.857510
v 31.725000 7.949722 -55.927193
v 31.725000 6.711057 -55.751919
v 31.725000 6.649656 -54.620453
v 31.725000 6.628104 -55.362099
v 31.725000 6.526387 -54.502369
v 31.725000 6.550851 -54.198719
v 31.725000 8.907372 -40.239613
v 31.725000 6.259477 -53.822712
v 31.725000 6.298934 -54.147961
v 31.725000 8.370582 -40.206844
v 31.725000 8.024251 -40.422451
v 31.725000 6.125068 -53.814510
v 31.725000 7.704428 -40.509247
v 31.725000 6.961002 -40.120796
v 31.725000 7.488129 -40.342815
v 31.725000 7.480411 -40.152504
v -31.832281 6.808193 55.857510
v -31.832281 7.949722 55.927193
v -31.832281 6.711057 55.751919
v -31.832281 6.649656 54.620453
v -31.832281 6.628104 55.362099
v -31.832281 6.526387 54.502369
v -31.832281 6.550851 54.198719
v -31.832281 8.907372 40.239613
v -31.832281 6.259477 53.822712
v -31.832281 6.298934 54.147961
v -31.832281 7.480411 40.152504
v -31.832281 6.961002 40.120796
v -31.832281 7.488129 40.342815
v -31.832281 7.704428 40.509247
v -31.832281 6.125068 53.814510
v -31.832281 8.024251 40.422451
v -31.832281 8.370582 40.206844
v 31.724859 9.479846 40.097172
v 31.724859 11.428690 40.157894
v 31.724859 9.067636 49.440125
v 31.724859 9.193346 50.438107
v 31.724859 10.735871 55.862366
v 31.724859 9.063558 53.579426
v 31.724859 8.787028 55.801647
v 31.724859 8.867523 53.977093
v -31.832142 9.479846 -40.097172
v -31.832142 11.428690 -40.157894
v -31.832142 9.067636 -49.440125
v -31.832142 9.193346 -50.438107
v -31.832142 10.735871 -55.862366
v -31.832142 9.063558 -53.579426
v -31.832142 8.787028 -55.801647
v -31.832142 8.867523 -53.977093
v 12.616136 12.889635 -59.673248
v 13.030005 13.048636 -59.673248
v 10.791831 12.975644 -59.673248
v 10.908854 14.921918 -59.673248
v 16.170086 12.891792 -59.673248
v 26.611160 14.181582 -59.673248
v 17.152472 12.675715 -59.673248
v 26.494139 12.235309 -59.673248
v -31.832285 13.212311 -17.875109
v -31.832285 13.298320 -16.050806
v -31.832285 13.371312 -18.288980
v -31.832285 15.244594 -16.167830
v -31.832285 13.214469 -21.429060
v -31.832285 14.504252 -31.870136
v -31.832285 12.998443 -22.411207
v -31.832285 12.557984 -31.753113
v -31.530790 7.298585 17.888916
v -31.530790 7.139583 18.302786
v -31.530790 7.212575 16.064611
v -31.530790 5.266302 16.181635
v -31.530790 7.296428 21.442865
v -31.530790 6.006638 31.883942
v -31.530790 7.512506 22.425253
v -31.530790 7.952911 31.766920
v 31.724859 11.643373 -53.990902
v 31.724859 11.447339 -53.593231
v 31.724859 11.723868 -55.815456
v 31.724859 9.775025 -55.876171
v 31.724859 11.317550 -50.451916
v 31.724859 9.082207 -40.171700
v 31.724859 11.443259 -49.453930
v 31.724859 11.031050 -40.110977
v 31.725004 13.212311 17.875109
v 31.725004 13.298320 16.050806
v 31.725004 13.371312 18.288980
v 31.725004 15.244594 16.167830
v 31.725004 13.214469 21.429060
v 31.725004 14.504252 31.870136
v 31.725004 12.998443 22.411207
v 31.725004 12.557984 31.753113
v -31.530645 11.031050 40.110977
v -31.530645 11.443231 49.454174
v -31.530645 9.082213 40.171700
v -31.530645 11.317551 50.451916
v -31.530645 9.775025 55.876171
v -31.530645 11.447339 53.593231
v -31.530645 11.723868 55.815456
v -31.530645 11.643373 53.990902
v 31.423508 13.212311 17.875111
v 31.423508 13.371312 18.288980
v 31.423508 13.298320 16.050806
v 31.423508 15.244594 16.167830
v 31.423508 13.214469 21.429060
v 31.423508 14.504259 31.870136
v 31.423508 12.998390 22.411448
v 31.423508 12.557984 31.753113
v -31.530645 9.479846 -40.097172
v -31.530645 9.067666 -49.440369
v -31.530645 11.428683 -40.157894
v -31.530645 9.193345 -50.438107
v -31.530645 10.735871 -55.862366
v -31.530645 9.063558 -53.579426
v -31.530645 8.787028 -55.801647
v -31.530645 8.867523 -53.977093
v 26.494139 12.235309 -59.974743
v 17.152233 12.675766 -59.974743
v 26.611160 14.181575 -59.974743
v 16.170086 12.891792 -59.974743
v 10.908854 14.921918 -59.974743
v 13.030005 13.048636 -59.974743
v 10.791831 12.975644 -59.974743
v 12.616134 12.889635 -59.974743
v 30.561752 21.245768 -58.848469
v 28.836884 21.245768 -58.848469
v 30.561752 19.456474 -58.848469
v 28.836884 19.456474 -58.848469
v 28.836884 2.207150 -58.848469
v 30.561752 2.207150 -58.848469
v 28.836884 0.445576 -58.848469
v 30.561752 0.445576 -58.848469
v -31.832285 7.298585 17.888914
v -31.832285 7.212575 16.064611
v -31.832285 7.139584 18.302786
v -31.832285 5.266302 16.181635
v -31.832285 7.296428 21.442865
v -31.832285 6.006644 31.883940
v -31.832285 7.512454 22.425014
v -31.832285 7.952911 31.766920
v -31.832142 11.031050 40.110977
v -31.832142 9.082207 40.171700
v -31.832142 11.443259 49.453930
v -31.832142 11.317550 50.451916
v -31.832142 9.775025 55.876171
v -31.832142 11.447339 53.593231
v -31.832142 11.723868 55.815456
v -31.832142 11.643373 53.990902
v 28.836884 21.245768 -58.848469
v 28.836884 21.245768 -59.427551
v 28.836884 19.456474 -58.848469
v 28.836884 19.456474 -59.427547
v 28.836884 2.207150 -59.427551
v 28.836884 2.207150 -58.848469
v 28.836884 0.445576 -59.427551
v 28.836884 0.445576 -58.848469
v 30.561752 21.245768 -57.123596
v 30.561752 21.245768 -58.848469
v 30.561752 19.456474 -57.123596
v 30.561752 19.456474 -58.848469
v 30.561752 2.207150 -58.848469
v 30.561752 2.207150 -57.123596
v 30.561752 0.445576 -58.848469
v 30.561752 0.445576 -57.123596
v -30.561752 21.245768 58.848469
v -28.836884 21.245768 58.848469
v -30.561752 19.456474 58.848469
v -28.836884 19.456474 58.848469
v -28.836884 2.207150 58.848469
v -30.561752 2.207150 58.848469
v -28.836884 0.445576 58.848469
v -30.561752 0.445576 58.848469
v 31.140827 21.245768 -57.123596
v 30.561752 21.245768 -57.123596
v 31.140827 19.456474 -57.123596
v 30.561752 19.456474 -57.123596
v 30.561752 2.207150 -57.123596
v 31.140827 2.207150 -57.123596
v 30.561752 0.445576 -57.123596
v 31.140827 0.445576 -57.123596
v -28.836884 21.245768 58.848469
v -28.836884 21.245768 59.427551
v -28.836884 19.456474 58.848469
v -28.836884 19.456474 59.427547
v -28.836884 2.207150 59.427551
v -28.836884 2.207150 58.848469
v -28.836884 0.445576 59.427551
v -28.836884 0.445576 58.848469
v -30.561752 21.245768 57.123596
v -30.561752 21.245768 58.848469
v -30.561752 19.456474 57.123596
v -30.561752 19.456474 58.848469
v -30.561752 2.207150 58.848469
v -30.561752 2.207150 57.123596
v -30.561752 0.445576 58.848469
v -30.561752 0.445576 57.123596
v -30.561752 0.445576 -58.848469
v -28.836884 0.445576 -58.848469
v -30.561752 2.207150 -58.848469
v -28.836884 2.207150 -58.848469
v -28.836884 19.456474 -58.848469
v -30.561752 19.456474 -58.848469
v -28.836884 21.245768 -58.848469
v -30.561752 21.245768 -58.848469
v -31.140827 21.245768 57.123596
v -30.561752 21.245768 57.123596
v -31.140827 19.456474 57.123596
v -30.561752 19.456474 57.123596
v -30.561752 2.207150 57.123596
v -31.140827 2.207150 57.123596
v -30.561752 0.445576 57.123596
v -31.140827 0.445576 57.123596
v -28.836884 0.445576 -58.848469
v -28.836884 0.445576 -59.427551
v -28.836884 2.207150 -58.848469
v -28.836884 2.207150 -59.427551
v -28.836884 19.456474 -59.427551
v -28.836884 19.456474 -58.848469
v -28.836884 21.245768 -59.427551
v -28.836884 21.245768 -58.848469
v -30.561752 0.445576 -57.123596
v -30.561752 0.445576 -58.848469
v -30.561752 2.207150 -57.123596
v -30.561752 2.207150 -58.848469
v -30.561752 19.456474 -58.848469
v -30.561752 19.456474 -57.123596
v -30.561752 21.245768 -58.848469
v -30.561752 21.245768 -57.123596
v -31.140827 0.445576 -57.123596
v -30.561752 0.445576 -57.123596
v -31.140827 2.207150 -57.123596
v -30.561752 2.207150 -57.123596
v -30.561752 19.456474 -57.123596
v -31.140827 19.456474 -57.123596
v -30.561752 21.245768 -57.123596
v -31.140827 21.245768 -57.123596
v 30.561752 0.445576 58.848469
v 28.836884 0.445576 58.848469
v 30.561752 2.207150 58.848469
v 28.836884 2.207150 58.848469
v 28.836884 19.456474 58.848469
v 30.561752 19.456474 58.848469
v 28.836884 21.245768 58.848469
v 30.561752 21.245768 58.848469
v 28.836884 0.445576 58.848469
v 28.836884 0.445576 59.427551
v 28.836884 2.207150 58.848469
v 28.836884 2.207150 59.427551
v 28.836884 19.456474 59.427551
v 28.836884 19.456474 58.848469
v 28.836884 21.245768 59.427551
v 28.836884 21.245768 58.848469
v 30.561752 0.445576 57.123596
v 30.561752 0.445576 58.848469
v 30.561752 2.207150 57.123596
v 30.561752 2.207150 58.848469
v 30.561752 19.456474 58.848469
v 30.561752 19.456474 57.123596
v 30.561752 21.245768 58.848469
v 30.561752 21.245768 57.123596
v 31.140827 0.445576 57.123596
v 30.561752 0.445576 57.123596
v 31.140827 2.207150 57.123596
v 30.561752 2.207150 57.123596
v 30.561752 19.456474 57.123596
v 31.140827 19.456474 57.123596
v 30.561752 21.245768 57.123596
v 31.140827 21.245768 57.123596
v -30.561752 21.245768 34.547009
v -28.836884 21.245768 34.547009
v -30.561752 19.456474 34.547009
v -28.836884 19.456474 34.547009
v -28.836884 2.207150 34.547009
v -30.561752 2.207150 34.547009
v -28.836884 0.445576 34.547009
v -30.561752 0.445576 34.547009
v -28.836884 21.245768 34.547009
v -28.836884 21.245768 35.126087
v -28.836884 19.456474 34.547009
v -28.836884 19.456474 35.126087
v -28.836884 2.207150 35.126087
v -28.836884 2.207150 34.547009
v -28.836884 0.445576 35.126087
v -28.836884 0.445576 34.547009
v -30.561752 21.245768 32.822140
v -30.561752 21.245768 34.547009
v -30.561752 19.456474 32.822140
v -30.561752 19.456474 34.547009
v -30.561752 2.207150 34.547009
v -30.561752 2.207150 32.822140
v -30.561752 0.445576 34.547009
v -30.561752 0.445576 32.822140
v -31.140827 21.245768 32.822140
v -30.561752 21.245768 32.822140
v -31.140827 19.456474 32.822140
v -30.561752 19.456474 32.822140
v -30.561752 2.207150 32.822140
v -31.140827 2.207150 32.822140
v -30.561752 0.445576 32.822140
v -31.140827 0.445576 32.822140
v 30.561752 0.445576 34.547009
v 28.836884 0.445576 34.547009
v 30.561752 2.207150 34.547009
v 28.836884 2.207150 34.547009
v 28.836884 19.456474 34.547009
v 30.561752 19.456474 34.547009
v 28.836884 21.245768 34.547009
v 30.561752 21.245768 34.547009
v 28.836884 0.445576 34.547009
v 28.836884 0.445576 35.126087
v 28.836884 2.207150 34.547009
v 28.836884 2.207150 35.126087
v 28.836884 19.456474 35.126087
v 28.836884 19.456474 34.547009
v 28.836884 21.245768 35.126087
v 28.836884 21.245768 34.547009
v 30.561752 0.445576 32.822140
v 30.561752 0.445576 34.547009
v 30.561752 2.207150 32.822140
v 30.561752 2.207150 34.547009
v 30.561752 19.456474 34.547009
v 30.561752 19.456474 32.822140
v 30.561752 21.245768 34.547009
v 30.561752 21.245768 32.822140
v 31.140827 0.445576 32.822140
v 30.561752 0.445576 32.822140
v 31.140827 2.207150 32.822140
v 30.561752 2.207150 32.822140
v 30.561752 19.456474 32.822140
v 31.140827 19.456474 32.822140
v 30.561752 21.245768 32.822140
v 31.140827 21.245768 32.822140
v 28.836884 21.245768 36.196709
v 28.836884 21.245768 35.617626
v 28.836884 19.456474 36.196709
v 28.836884 19.456474 35.617626
v 28.836884 2.207150 35.617626
v 28.836884 2.207150 36.196709
v 28.836884 0.445576 35.617626
v 28.836884 0.445576 36.196709
v 30.561752 21.245768 37.921577
v 30.561752 21.245768 36.196709
v 30.561752 19.456474 37.921577
v 30.561752 19.456474 36.196709
v 30.561752 2.207150 36.196712
v 30.561752 2.207150 37.921577
v 30.561752 0.445576 36.196709
v 30.561752 0.445576 37.921577
v 31.140827 21.245768 37.921577
v 30.561752 21.245768 37.921577
v 31.140827 19.456474 37.921577
v 30.561752 19.456474 37.921577
v 30.561752 2.207150 37.921577
v 31.140827 2.207150 37.921577
v 30.561752 0.445576 37.921577
v 31.140827 0.445576 37.921577
v -28.836884 0.445576 36.196709
v -28.836884 0.445576 35.617626
v -28.836884 2.207150 36.196712
v -28.836884 2.207150 35.617626
v -28.836884 19.456474 35.617626
v -28.836884 19.456474 36.196709
v -28.836884 21.245768 35.617626
v -28.836884 21.245768 36.196709
v -30.561752 0.445576 37.921577
v -30.561752 0.445576 36.196709
v -30.561752 2.207150 37.921577
v -30.561752 2.207150 36.196709
v -30.561752 19.456474 36.196709
v -30.561752 19.456474 37.921577
v -30.561752 21.245768 36.196709
v -30.561752 21.245768 37.921577
v -31.140827 0.445576 37.921577
v -30.561752 0.445576 37.921577
v -31.140827 2.207150 37.921577
v -30.561752 2.207150 37.921577
v -30.561752 19.456474 37.921577
v -31.140827 19.456474 37.921577
v -30.561752 21.245768 37.921577
v -31.140827 21.245768 37.921577
v -31.530790 13.212311 -17.875111
v -31.530790 13.371312 -18.288980
v -31.530790 13.298320 -16.050806
v -31.530790 15.244594 -16.167830
v -31.530790 13.214469 -21.429060
v -31.530790 14.504259 -31.870136
v -31.530790 12.998390 -22.411448
v -31.530790 12.557984 -31.753113
v 31.707188 10.424539 6.329660
v 31.707188 10.347781 7.996050
v 31.707188 10.311538 6.011175
v 31.707188 8.402291 7.870052
v 31.707188 10.269761 3.749149
v 31.707188 10.385355 3.437380
v 31.707188 9.125744 -7.836241
v 31.707188 11.071233 -7.710241
v 31.707188 10.557250 3.448514
v -31.818781 10.424539 -6.329660
v -31.818781 10.347781 -7.996050
v -31.818781 10.311538 -6.011175
v -31.818781 8.402291 -7.870052
v -31.818781 10.269761 -3.749149
v -31.818781 10.385355 -3.437380
v -31.818781 9.125744 7.836241
v -31.818781 11.071233 7.710241
v -31.818781 10.557250 -3.448514
v -12.369639 10.101863 -59.974728
v -10.703250 10.025105 -59.974728
v -12.688125 9.988862 -59.974728
v -10.829248 8.079616 -59.974728
v -14.950151 9.947085 -59.974728
v -15.261919 10.062678 -59.974728
v -26.535542 8.803068 -59.974728
v -26.409540 10.748557 -59.974728
v -15.250786 10.234573 -59.974728
vt 1.253599 0.762678
vt 0.000000 0.828179
vt 0.000000 0.762678
vt 0.000000 0.828179
vt 1.253599 0.762678
vt 1.253599 0.828179
vt 0.259907 0.510238
vt 0.131341 0.462908
vt 0.259907 0.462908
vt 0.131341 0.462908
vt 0.259907 0.510238
vt 0.131341 0.510238
vt 0.281355 0.606320
vt 1.113094 0.678837
vt 0.281355 0.678837
vt 1.113094 0.678837
vt 0.281355 0.606320
vt 1.113094 0.606320
vt 1.253599 0.679047
vt 0.000000 0.746044
vt 0.000000 0.679047
vt 0.000000 0.746044
vt 1.253599 0.679047
vt 1.253599 0.746044
vt 1.253599 0.762678
vt 0.000000 0.844523
vt 0.000000 0.762678
vt 0.000000 0.844523
vt 1.253599 0.762678
vt 1.253599 0.844523
vt 0.259907 0.510238
vt 0.131341 0.462908
vt 0.259907 0.462908
vt 0.131341 0.462908
vt 0.259907 0.510238
vt 0.131341 0.510238
vt 0.281355 0.760474
vt 1.113094 0.841650
vt 0.281355 0.841650
vt 1.113094 0.841650
vt 0.281355 0.760474
vt 1.113094 0.760474
vt 0.281355 0.593691
vt 1.113094 0.678837
vt 0.281355 0.678837
vt 1.113094 0.678837
vt 0.281355 0.593691
vt 1.113094 0.593691
vt 0.131341 0.510238
vt 0.259907 0.462908
vt 0.131341 0.462908
vt 0.259907 0.462908
vt 0.131341 0.510238
vt 0.259907 0.510238
vt 1.253599 0.679047
vt 0.000000 0.760902
vt 0.000000 0.679047
vt 0.000000 0.760902
vt 1.253599 0.679047
vt 1.253599 0.760902
vt -0.876916 0.772535
vt -1.040753 0.841650
vt -0.877116 0.841704
vt -1.040753 0.841650
vt -0.876916 0.772535
vt -1.040552 0.772481
vt 1.771440 0.884317
vt 0.416487 0.923960
vt 0.416487 0.893591
vt 0.416487 0.923960
vt 1.771440 0.884317
vt 1.771440 0.923960
vt 0.109870 0.923907
vt 0.910102 0.895888
vt 0.910102 0.923907
vt 0.910102 0.895888
vt 0.109870 0.923907
vt 0.109870 0.895888
vt 0.139151 0.914518
vt 0.829125 0.925263
vt 0.139171 0.925263
vt 0.829125 0.925263
vt 0.139151 0.914518
vt 0.829144 0.914518
vt -0.453319 0.914518
vt 0.236654 0.925263
vt -0.453300 0.925263
vt 0.236654 0.925263
vt -0.453319 0.914518
vt 0.236674 0.914518
vt 0.035585 0.926587
vt 1.268712 0.914143
vt 1.268683 0.926587
vt 1.268712 0.914143
vt 0.035585 0.926587
vt 0.035556 0.914144
vt 0.623941 0.011557
vt 0.672411 0.011557
vt 0.672411 0.026619
vt 0.118381 0.006347
vt 0.118381 0.026362
vt 0.002200 0.026362
vt 1.002200 0.026362
vt 0.407262 0.026362
vt 0.407262 0.006347
vt 0.252379 0.026619
vt 0.135694 0.026619
vt 0.135666 0.011557
vt 1.000640 0.310060
vt 1.000640 0.438132
vt 0.950435 0.438132
vt 0.672411 0.026619
vt 0.623941 0.026619
vt 0.623941 0.011557
vt 0.135666 0.011557
vt 0.252379 0.011557
vt 0.252379 0.026619
vt 0.002200 0.006347
vt 1.002200 0.006347
vt 1.002200 0.026362
vt 0.950435 0.438132
vt 0.950435 0.310060
vt 1.000640 0.310060
vt 1.002200 0.026362
vt 0.002200 0.026362
vt 0.002200 0.006347
vt 0.879754 0.279637
vt 0.919895 0.279636
vt 0.919895 0.296044
vt 0.919895 0.296044
vt 0.879671 0.296045
vt 0.879754 0.279637
vt 0.879671 0.296045
vt 0.570486 0.296050
vt 0.570486 0.279642
vt 0.570486 0.279642
vt 0.879754 0.279637
vt 0.879671 0.296045
vt 0.949857 0.437886
vt 1.002200 0.364681
vt 0.949857 0.364681
vt 0.949857 0.364681
vt 1.002200 0.323897
vt 0.949857 0.323897
vt 1.002200 0.364681
vt 0.949857 0.437886
vt 1.002200 0.437886
vt 1.002200 0.323897
vt 0.949857 0.364681
vt 1.002200 0.364681
vt 0.949857 0.323897
vt 1.002200 0.323897
vt 0.949857 0.311622
vt 1.002200 0.311622
vt 0.949857 0.311622
vt 1.002200 0.323897
vt 0.951216 0.356989
vt 0.999681 0.356989
vt 0.951216 0.345195
vt 0.999681 0.345195
vt 0.951216 0.345195
vt 0.999681 0.356989
vt 0.013143 0.139829
vt 0.084762 0.132808
vt 0.037578 0.134085
vt 0.748649 0.111329
vt 0.828094 0.091141
vt 0.748649 0.091141
vt 0.037578 0.134085
vt 0.084762 0.132808
vt 0.013143 0.139829
vt 0.013143 0.139829
vt 0.006814 0.207058
vt 0.006814 0.145403
vt 0.006814 0.145403
vt 0.006814 0.207058
vt 0.013143 0.139829
vt 0.949568 0.309997
vt 1.001401 0.403893
vt 0.949568 0.403893
vt 0.951216 0.374640
vt 0.999681 0.356989
vt 0.951216 0.356989
vt 1.006814 0.129986
vt 0.994757 0.131027
vt 1.006814 0.101933
vt 1.006814 0.101933
vt 0.994757 0.131027
vt 1.006814 0.129986
vt 0.999681 0.312015
vt 0.951216 0.345195
vt 0.999681 0.345195
vt 0.084762 0.132808
vt 0.013143 0.139829
vt 0.006814 0.207058
vt 0.091784 0.125787
vt 0.084762 0.132808
vt 0.111163 0.126106
vt 0.828094 0.091141
vt 0.748649 0.111329
vt 0.828094 0.111329
vt 0.999681 0.408987
vt 0.951216 0.408987
vt 0.999681 0.436351
vt 0.999681 0.388465
vt 0.951216 0.408987
vt 0.999681 0.408987
vt 0.006814 0.207058
vt 0.013143 0.139829
vt 0.084762 0.132808
vt 1.001401 0.403893
vt 0.949568 0.309997
vt 1.001401 0.309997
vt 0.994757 0.131027
vt 1.006814 0.101933
vt 0.985026 0.143213
vt 0.999681 0.356989
vt 0.951216 0.374640
vt 0.999681 0.374640
vt 1.006814 0.207058
vt 0.006814 0.207058
vt 0.111163 0.126106
vt 0.133912 0.109192
vt 1.006814 0.207058
vt 0.111163 0.126106
vt 0.111163 0.126106
vt 0.113410 0.112384
vt 0.133912 0.109192
vt 0.006814 0.145403
vt 0.013143 0.139829
vt 0.006814 0.207058
vt 0.084762 0.132808
vt 0.006814 0.207058
vt 0.013143 0.139829
vt 0.013143 0.139829
vt 0.037578 0.134085
vt 0.084762 0.132808
vt 0.999681 0.388465
vt 0.999681 0.408987
vt 0.951216 0.408987
vt 0.951216 0.408987
vt 0.951216 0.388465
vt 0.999681 0.388465
vt 0.999681 0.374640
vt 0.999681 0.388465
vt 0.951216 0.388465
vt 0.951216 0.388465
vt 0.951216 0.374640
vt 0.999681 0.374640
vt 0.999681 0.356989
vt 0.999681 0.374640
vt 0.951216 0.374640
vt 0.999681 0.436351
vt 0.951216 0.408987
vt 0.951216 0.436351
vt 0.951216 0.408987
vt 0.999681 0.388465
vt 0.951216 0.388465
vt 0.999681 0.374640
vt 0.951216 0.388465
vt 0.999681 0.388465
vt 0.985026 0.143213
vt 1.006814 0.101933
vt 0.994757 0.131027
vt 0.951216 0.345195
vt 0.999681 0.312015
vt 0.951216 0.312015
vt 0.006814 0.207058
vt 0.111163 0.126106
vt 0.084762 0.132808
vt 1.006814 0.109228
vt 0.006814 0.129243
vt 0.006814 0.109228
vt 0.111163 0.126106
vt 0.084762 0.132808
vt 0.091784 0.125787
vt 0.748649 0.141325
vt 0.828094 0.111329
vt 0.748649 0.111329
vt 1.006814 0.207058
vt 0.991778 0.160137
vt 1.006814 0.178065
vt 0.084762 0.132808
vt 0.111163 0.126106
vt 0.006814 0.207058
vt 0.006814 0.129243
vt 1.006814 0.109228
vt 1.006814 0.129243
vt 0.133912 0.101933
vt 0.985026 0.143213
vt 1.006814 0.101933
vt 0.951216 0.388465
vt 0.999681 0.374640
vt 0.951216 0.374640
vt 0.991778 0.160137
vt 1.006814 0.207058
vt 1.006814 0.178065
vt 0.991778 0.160137
vt 0.133912 0.101933
vt 0.985026 0.143213
vt 1.006814 0.101933
vt 0.985026 0.143213
vt 0.133912 0.101933
vt 1.006814 0.129243
vt 0.133913 0.109228
vt 1.006814 0.109228
vt 1.006814 0.207058
vt 0.111163 0.126106
vt 0.006814 0.207058
vt 0.828094 0.111329
vt 0.748649 0.141325
vt 0.828094 0.141325
vt 0.133912 0.109192
vt 0.991778 0.160137
vt 1.006814 0.207058
vt 0.006814 0.207058
vt 0.111163 0.126106
vt 1.006814 0.207058
vt 0.985026 0.143213
vt 0.133912 0.101933
vt 0.991778 0.160137
vt 1.006814 0.207058
vt 0.991778 0.160137
vt 0.133912 0.109192
vt 0.133912 0.101933
vt 0.991778 0.160137
vt 0.133912 0.109192
vt 0.133913 0.109228
vt 1.006814 0.129243
vt 0.133912 0.129243
vt 0.133912 0.109192
vt 0.111163 0.126106
vt 1.006814 0.207058
vt 0.748649 0.162772
vt 0.828094 0.141325
vt 0.748649 0.141325
vt 1.006814 0.207058
vt 0.111163 0.126106
vt 0.133912 0.109192
vt 0.133912 0.109192
vt 0.991778 0.160137
vt 0.133912 0.101933
vt 0.828094 0.199117
vt 0.748649 0.208598
vt 0.828094 0.208598
vt 0.111163 0.126106
vt 0.133912 0.109192
vt 0.113410 0.112384
vt 0.828094 0.141325
vt 0.748649 0.162772
vt 0.828094 0.162772
vt 0.113410 0.112384
vt 0.133912 0.109192
vt 0.111163 0.126106
vt 0.748649 0.208598
vt 0.828094 0.199117
vt 0.748649 0.199117
vt 0.748649 0.199117
vt 0.828094 0.162772
vt 0.748649 0.162772
vt 0.828094 0.162772
vt 0.748649 0.199117
vt 0.828094 0.199117
vt 1.002200 0.399211
vt 0.002200 0.399211
vt 0.002200 0.374087
vt 1.002200 0.374087
vt 1.002200 0.399211
vt 0.002200 0.399211
vt 0.002200 0.374087
vt 1.002200 0.374087
vt 1.002200 0.399211
vt 0.002200 0.399211
vt 0.002200 0.374087
vt 1.002200 0.374087
vt 0.949857 0.323897
vt 0.949857 0.311622
vt 1.002200 0.323897
vt 1.002200 0.311622
vt 1.002200 0.323897
vt 0.949857 0.311622
vt 0.949568 0.309997
vt 0.949568 0.403893
vt 1.001401 0.403893
vt 0.999681 0.312015
vt 0.999681 0.345195
vt 0.951216 0.345195
vt 1.001401 0.403893
vt 1.001401 0.309997
vt 0.949568 0.309997
vt 0.951216 0.345195
vt 0.951216 0.312015
vt 0.999681 0.312015
vt 0.133912 0.101933
vt 1.006814 0.101933
vt 0.985026 0.143213
vt 0.991778 0.160137
vt 1.006814 0.178065
vt 1.006814 0.207058
vt 1.006814 0.129243
vt 1.006814 0.109228
vt 0.133913 0.109228
vt 1.006814 0.207058
vt 0.006814 0.207058
vt 0.111163 0.126106
vt 0.985026 0.143213
vt 0.991778 0.160137
vt 0.133912 0.101933
vt 1.006814 0.207058
vt 0.133912 0.109192
vt 0.991778 0.160137
vt 0.133913 0.109228
vt 0.133912 0.129243
vt 1.006814 0.129243
vt 0.133912 0.109192
vt 1.006814 0.207058
vt 0.111163 0.126106
vt 0.133912 0.109192
vt 0.133912 0.101933
vt 0.991778 0.160137
vt 0.111163 0.126106
vt 0.113410 0.112384
vt 0.133912 0.109192
vt 1.000640 0.310060
vt 1.000640 0.438132
vt 0.950435 0.438132
vt 1.002200 0.026362
vt 0.407262 0.026362
vt 0.407262 0.006347
vt 0.407262 0.006347
vt 1.002200 0.006347
vt 1.002200 0.026362
vt 0.950435 0.438132
vt 0.950435 0.310060
vt 1.000640 0.310060
vt 1.002200 0.026362
vt 0.002200 0.026362
vt 0.002200 0.006347
vt 0.252379 0.026619
vt 0.135694 0.026619
vt 0.135666 0.011557
vt 0.135666 0.011557
vt 0.252379 0.011557
vt 0.252379 0.026619
vt 0.002200 0.006347
vt 1.002200 0.006347
vt 1.002200 0.026362
vt 0.623941 0.026619
vt 0.252379 0.026619
vt 0.252379 0.011557
vt 0.252379 0.011557
vt 0.623941 0.011557
vt 0.623941 0.026619
vt 0.291736 0.212108
vt 1.002200 0.212108
vt 1.002200 0.232123
vt 1.002200 0.232123
vt 0.291736 0.232123
vt 0.291736 0.212108
vt 0.712664 0.309939
vt 0.712664 0.300651
vt 0.002200 0.309939
vt 0.513703 0.296049
vt 0.513703 0.279641
vt 0.524124 0.279642
vt 0.002200 0.204813
vt 0.002200 0.309939
vt 0.712664 0.300651
vt 0.949694 0.437583
vt 0.949694 0.311050
vt 1.000341 0.311050
vt 1.000341 0.311050
vt 1.000341 0.437583
vt 0.949694 0.437583
vt 0.712664 0.300651
vt 0.712664 0.309939
vt 0.002200 0.309939
vt 0.524124 0.279642
vt 0.524124 0.296050
vt 0.513703 0.296049
vt 1.002200 0.204813
vt 0.002200 0.204813
vt 0.712664 0.300651
vt 1.002200 0.232123
vt 0.002200 0.232123
vt 0.002200 0.212108
vt 0.002200 0.204813
vt 1.002200 0.204813
vt 0.002200 0.309939
vt 0.712664 0.300651
vt 0.732930 0.295197
vt 1.002200 0.204813
vt 0.002200 0.309939
vt 0.732930 0.295197
vt 0.712664 0.300651
vt 0.002200 0.212108
vt 1.002200 0.212108
vt 1.002200 0.232123
vt 0.732930 0.295197
vt 0.002200 0.309939
vt 1.002200 0.204813
vt 0.732930 0.295197
vt 0.876310 0.303046
vt 1.002200 0.204813
vt 1.000849 0.309564
vt 1.000849 0.437637
vt 0.950235 0.437637
vt 0.950235 0.437637
vt 0.950235 0.309564
vt 1.000849 0.309564
vt 1.002200 0.309939
vt 1.002200 0.204813
vt 0.876310 0.303046
vt 0.876391 0.303075
vt 0.732930 0.295197
vt 1.002200 0.204813
vt 0.879671 0.296045
vt 0.570486 0.296050
vt 0.570486 0.279642
vt 1.002200 0.204813
vt 1.002200 0.309939
vt 0.876391 0.303075
vt 0.876310 0.303046
vt 0.896103 0.309939
vt 1.002200 0.309939
vt 0.570486 0.279642
vt 0.879754 0.279637
vt 0.879671 0.296045
vt 1.002200 0.309939
vt 0.896103 0.309939
vt 0.876391 0.303075
vt 0.919895 0.296044
vt 0.879671 0.296045
vt 0.879754 0.279637
vt 0.879754 0.279637
vt 0.919895 0.279636
vt 0.919895 0.296044
vt 0.002200 0.026362
vt 0.002200 0.006347
vt 0.118381 0.006347
vt 0.407262 0.006347
vt 1.002200 0.006347
vt 1.002200 0.026362
vt 0.623941 0.011557
vt 0.672411 0.011557
vt 0.672411 0.026619
vt 0.118381 0.006347
vt 0.118381 0.026362
vt 0.002200 0.026362
vt 1.002200 0.026362
vt 0.407262 0.026362
vt 0.407262 0.006347
vt 0.252379 0.026619
vt 0.135694 0.026619
vt 0.135666 0.011557
vt 1.000640 0.310060
vt 1.000640 0.438132
vt 0.950435 0.438132
vt 0.672411 0.026619
vt 0.623941 0.026619
vt 0.623941 0.011557
vt 0.135666 0.011557
vt 0.252379 0.011557
vt 0.252379 0.026619
vt 0.002200 0.006347
vt 1.002200 0.006347
vt 1.002200 0.026362
vt 0.950435 0.438132
vt 0.950435 0.310060
vt 1.000640 0.310060
vt 1.002200 0.026362
vt 0.002200 0.026362
vt 0.002200 0.006347
vt 1.002200 0.316356
vt 1.002200 0.448318
vt 0.002200 0.448318
vt 0.002200 0.448318
vt 0.002200 0.316356
vt 1.002200 0.316356
vt 1.002200 0.399211
vt 0.002200 0.399211
vt 0.002200 0.374087
vt 0.123716 0.510915
vt 0.003834 0.510915
vt 0.003834 0.466357
vt 0.123716 0.510915
vt 0.003834 0.510915
vt 0.003834 0.466357
vt 1.002200 0.325514
vt 1.002200 0.350638
vt 0.002200 0.350638
vt 0.002200 0.374087
vt 1.002200 0.374087
vt 1.002200 0.399211
vt 0.003834 0.466357
vt 0.123716 0.466357
vt 0.123716 0.510915
vt 0.879754 0.279637
vt 0.919895 0.279636
vt 0.919895 0.296044
vt 0.919895 0.296044
vt 0.879671 0.296045
vt 0.879754 0.279637
vt 0.879671 0.296045
vt 0.570486 0.296050
vt 0.570486 0.279642
vt 0.570486 0.279642
vt 0.879754 0.279637
vt 0.879671 0.296045
vt 0.949857 0.437886
vt 0.949857 0.364681
vt 1.002200 0.364681
vt 0.949857 0.364681
vt 0.949857 0.323897
vt 1.002200 0.323897
vt 1.002200 0.364681
vt 1.002200 0.437886
vt 0.949857 0.437886
vt 1.002200 0.323897
vt 1.002200 0.364681
vt 0.949857 0.364681
vt 0.949857 0.323897
vt 0.949857 0.311622
vt 1.002200 0.323897
vt 1.002200 0.311622
vt 1.002200 0.323897
vt 0.949857 0.311622
vt 0.951216 0.356989
vt 0.951216 0.345195
vt 0.999681 0.356989
vt 0.999681 0.345195
vt 0.999681 0.356989
vt 0.951216 0.345195
vt 0.013143 0.139829
vt 0.037578 0.134085
vt 0.084762 0.132808
vt 0.037578 0.134085
vt 0.013143 0.139829
vt 0.084762 0.132808
vt 0.013143 0.139829
vt 0.006814 0.145403
vt 0.006814 0.207058
vt 0.006814 0.145403
vt 0.013143 0.139829
vt 0.006814 0.207058
vt 0.949568 0.309997
vt 0.949568 0.403893
vt 1.001401 0.403893
vt 0.951216 0.374640
vt 0.951216 0.356989
vt 0.999681 0.356989
vt 1.006814 0.129986
vt 1.006814 0.101933
vt 0.994757 0.131027
vt 1.006814 0.101933
vt 1.006814 0.129986
vt 0.994757 0.131027
vt 0.999681 0.312015
vt 0.999681 0.345195
vt 0.951216 0.345195
vt 0.084762 0.132808
vt 0.006814 0.207058
vt 0.013143 0.139829
vt 0.091784 0.125787
vt 0.111163 0.126106
vt 0.084762 0.132808
vt 0.999681 0.408987
vt 0.999681 0.436351
vt 0.951216 0.408987
vt 0.006814 0.207058
vt 0.084762 0.132808
vt 0.013143 0.139829
vt 1.001401 0.403893
vt 1.001401 0.309997
vt 0.949568 0.309997
vt 0.994757 0.131027
vt 0.985026 0.143213
vt 1.006814 0.101933
vt 0.999681 0.356989
vt 0.999681 0.374640
vt 0.951216 0.374640
vt 0.999681 0.436351
vt 0.951216 0.436351
vt 0.951216 0.408987
vt 0.999681 0.374640
vt 0.999681 0.388465
vt 0.951216 0.388465
vt 0.985026 0.143213
vt 0.994757 0.131027
vt 1.006814 0.101933
vt 0.951216 0.345195
vt 0.951216 0.312015
vt 0.999681 0.312015
vt 0.006814 0.207058
vt 0.084762 0.132808
vt 0.111163 0.126106
vt 1.006814 0.109228
vt 0.006814 0.109228
vt 0.006814 0.129243
vt 0.111163 0.126106
vt 0.091784 0.125787
vt 0.084762 0.132808
vt 0.748649 0.141325
vt 0.748649 0.111329
vt 0.828094 0.111329
vt 1.006814 0.207058
vt 1.006814 0.178065
vt 0.991778 0.160137
vt 0.084762 0.132808
vt 0.006814 0.207058
vt 0.111163 0.126106
vt 0.006814 0.129243
vt 1.006814 0.129243
vt 1.006814 0.109228
vt 0.133912 0.101933
vt 1.006814 0.101933
vt 0.985026 0.143213
vt 0.951216 0.388465
vt 0.951216 0.374640
vt 0.999681 0.374640
vt 0.991778 0.160137
vt 1.006814 0.178065
vt 1.006814 0.207058
vt 0.991778 0.160137
vt 0.985026 0.143213
vt 0.133912 0.101933
vt 1.006814 0.101933
vt 0.133912 0.101933
vt 0.985026 0.143213
vt 1.006814 0.129243
vt 1.006814 0.109228
vt 0.133913 0.109228
vt 1.006814 0.207058
vt 0.006814 0.207058
vt 0.111163 0.126106
vt 0.828094 0.111329
vt 0.828094 0.141325
vt 0.748649 0.141325
vt 0.133912 0.109192
vt 1.006814 0.207058
vt 0.991778 0.160137
vt 0.006814 0.207058
vt 1.006814 0.207058
vt 0.111163 0.126106
vt 0.985026 0.143213
vt 0.991778 0.160137
vt 0.133912 0.101933
vt 1.006814 0.207058
vt 0.133912 0.109192
vt 0.991778 0.160137
vt 0.133912 0.101933
vt 0.133912 0.109192
vt 0.991778 0.160137
vt 0.133913 0.109228
vt 0.133912 0.129243
vt 1.006814 0.129243
vt 0.133912 0.109192
vt 1.006814 0.207058
vt 0.111163 0.126106
vt 0.748649 0.162772
vt 0.748649 0.141325
vt 0.828094 0.141325
vt 1.006814 0.207058
vt 0.133912 0.109192
vt 0.111163 0.126106
vt 0.133912 0.109192
vt 0.133912 0.101933
vt 0.991778 0.160137
vt 0.828094 0.199117
vt 0.828094 0.208598
vt 0.748649 0.208598
vt 0.111163 0.126106
vt 0.113410 0.112384
vt 0.133912 0.109192
vt 0.828094 0.141325
vt 0.828094 0.162772
vt 0.748649 0.162772
vt 0.113410 0.112384
vt 0.111163 0.126106
vt 0.133912 0.109192
vt 0.748649 0.208598
vt 0.748649 0.199117
vt 0.828094 0.199117
vt 0.748649 0.199117
vt 0.748649 0.162772
vt 0.828094 0.162772
vt 0.828094 0.162772
vt 0.828094 0.199117
vt 0.748649 0.199117
vt 0.949857 0.323897
vt 0.949857 0.311622
vt 1.002200 0.323897
vt 1.002200 0.311622
vt 1.002200 0.323897
vt 0.949857 0.311622
vt 0.949568 0.309997
vt 0.949568 0.403893
vt 1.001401 0.403893
vt 0.999681 0.312015
vt 0.999681 0.345195
vt 0.951216 0.345195
vt 1.001401 0.403893
vt 1.001401 0.309997
vt 0.949568 0.309997
vt 0.951216 0.345195
vt 0.951216 0.312015
vt 0.999681 0.312015
vt 0.133912 0.101933
vt 1.006814 0.101933
vt 0.985026 0.143213
vt 0.991778 0.160137
vt 1.006814 0.178065
vt 1.006814 0.207058
vt 1.006814 0.129243
vt 1.006814 0.109228
vt 0.133913 0.109228
vt 1.006814 0.207058
vt 0.006814 0.207058
vt 0.111163 0.126106
vt 0.985026 0.143213
vt 0.991778 0.160137
vt 0.133912 0.101933
vt 1.006814 0.207058
vt 0.133912 0.109192
vt 0.991778 0.160137
vt 0.133913 0.109228
vt 0.133912 0.129243
vt 1.006814 0.129243
vt 0.133912 0.109192
vt 1.006814 0.207058
vt 0.111163 0.126106
vt 0.748649 0.162772
vt 0.748649 0.141325
vt 0.828094 0.141325
vt 0.133912 0.109192
vt 0.133912 0.101933
vt 0.991778 0.160137
vt 0.111163 0.126106
vt 0.113410 0.112384
vt 0.133912 0.109192
vt 0.828094 0.141325
vt 0.828094 0.162772
vt 0.748649 0.162772
vt 0.748649 0.199117
vt 0.748649 0.162772
vt 0.828094 0.162772
vt 0.828094 0.162772
vt 0.828094 0.199117
vt 0.748649 0.199117
vt 1.000640 0.310060
vt 1.000640 0.438132
vt 0.950435 0.438132
vt 1.002200 0.026362
vt 0.407262 0.026362
vt 0.407262 0.006347
vt 0.407262 0.006347
vt 1.002200 0.006347
vt 1.002200 0.026362
vt 0.950435 0.438132
vt 0.950435 0.310060
vt 1.000640 0.310060
vt 1.002200 0.026362
vt 0.002200 0.026362
vt 0.002200 0.006347
vt 0.252379 0.026619
vt 0.135694 0.026619
vt 0.135666 0.011557
vt 0.135666 0.011557
vt 0.252379 0.011557
vt 0.252379 0.026619
vt 0.002200 0.006347
vt 1.002200 0.006347
vt 1.002200 0.026362
vt 0.623941 0.026619
vt 0.252379 0.026619
vt 0.252379 0.011557
vt 0.252379 0.011557
vt 0.623941 0.011557
vt 0.623941 0.026619
vt 0.291736 0.212108
vt 1.002200 0.212108
vt 1.002200 0.232123
vt 1.002200 0.232123
vt 0.291736 0.232123
vt 0.291736 0.212108
vt 0.712664 0.309939
vt 0.712664 0.300651
vt 0.002200 0.309939
vt 0.513703 0.296049
vt 0.513703 0.279641
vt 0.524124 0.279642
vt 0.002200 0.204813
vt 0.002200 0.309939
vt 0.712664 0.300651
vt 0.949694 0.437583
vt 0.949694 0.311050
vt 1.000341 0.311050
vt 1.000341 0.311050
vt 1.000341 0.437583
vt 0.949694 0.437583
vt 0.712664 0.300651
vt 0.712664 0.309939
vt 0.002200 0.309939
vt 0.524124 0.279642
vt 0.524124 0.296050
vt 0.513703 0.296049
vt 1.002200 0.204813
vt 0.002200 0.204813
vt 0.712664 0.300651
vt 1.002200 0.232123
vt 0.002200 0.232123
vt 0.002200 0.212108
vt 0.002200 0.204813
vt 1.002200 0.204813
vt 0.002200 0.309939
vt 0.712664 0.300651
vt 0.732930 0.295197
vt 1.002200 0.204813
vt 0.002200 0.309939
vt 0.732930 0.295197
vt 0.712664 0.300651
vt 0.570486 0.296050
vt 0.524124 0.296050
vt 0.524124 0.279642
vt 0.002200 0.212108
vt 1.002200 0.212108
vt 1.002200 0.232123
vt 0.732930 0.295197
vt 0.002200 0.309939
vt 1.002200 0.204813
vt 0.732930 0.295197
vt 0.876310 0.303046
vt 1.002200 0.204813
vt 0.524124 0.279642
vt 0.570486 0.279642
vt 0.570486 0.296050
vt 1.000849 0.309564
vt 1.000849 0.437637
vt 0.950235 0.437637
vt 0.950235 0.437637
vt 0.950235 0.309564
vt 1.000849 0.309564
vt 1.002200 0.309939
vt 1.002200 0.204813
vt 0.876310 0.303046
vt 0.876391 0.303075
vt 0.732930 0.295197
vt 1.002200 0.204813
vt 0.879671 0.296045
vt 0.570486 0.296050
vt 0.570486 0.279642
vt 1.002200 0.204813
vt 1.002200 0.309939
vt 0.876391 0.303075
vt 0.002200 0.232123
vt 0.002200 0.212108
vt 0.108297 0.212108
vt 0.876310 0.303046
vt 0.896103 0.309939
vt 1.002200 0.309939
vt 0.570486 0.279642
vt 0.879754 0.279637
vt 0.879671 0.296045
vt 1.002200 0.309939
vt 0.896103 0.309939
vt 0.876391 0.303075
vt 0.108297 0.212108
vt 0.108297 0.232123
vt 0.002200 0.232123
vt 0.919895 0.296044
vt 0.879671 0.296045
vt 0.879754 0.279637
vt 0.879754 0.279637
vt 0.919895 0.279636
vt 0.919895 0.296044
vt 0.002200 0.026362
vt 0.002200 0.006347
vt 0.118381 0.006347
vt 0.407262 0.006347
vt 1.002200 0.006347
vt 1.002200 0.026362
vt 0.623941 0.011557
vt 0.672411 0.011557
vt 0.672411 0.026619
vt 0.118381 0.006347
vt 0.118381 0.026362
vt 0.002200 0.026362
vt 1.002200 0.026362
vt 0.407262 0.026362
vt 0.407262 0.006347
vt 0.252379 0.026619
vt 0.135694 0.026619
vt 0.135666 0.011557
vt 1.000640 0.310060
vt 1.000640 0.438132
vt 0.950435 0.438132
vt 0.003834 0.466357
vt 0.123716 0.466357
vt 0.123716 0.510915
vt 0.002200 0.350638
vt 0.002200 0.325514
vt 1.002200 0.325514
vt 0.291736 0.212108
vt 1.002200 0.212108
vt 1.002200 0.232123
vt 0.623941 0.026619
vt 0.252379 0.026619
vt 0.252379 0.011557
vt 0.672411 0.026619
vt 0.623941 0.026619
vt 0.623941 0.011557
vt 0.135666 0.011557
vt 0.252379 0.011557
vt 0.252379 0.026619
vt 0.002200 0.006347
vt 1.002200 0.006347
vt 1.002200 0.026362
vt 0.950435 0.438132
vt 0.950435 0.310060
vt 1.000640 0.310060
vt 0.252379 0.011557
vt 0.623941 0.011557
vt 0.623941 0.026619
vt 1.002200 0.026362
vt 0.002200 0.026362
vt 0.002200 0.006347
vt 1.002200 0.316356
vt 1.002200 0.448318
vt 0.002200 0.448318
vt 0.002200 0.448318
vt 0.002200 0.316356
vt 1.002200 0.316356
vt 1.002200 0.399211
vt 0.002200 0.399211
vt 0.002200 0.374087
vt 0.123716 0.510915
vt 0.003834 0.510915
vt 0.003834 0.466357
vt 1.002200 0.374087
vt 1.002200 0.399211
vt 0.002200 0.399211
vt 1.002200 0.232123
vt 0.291736 0.232123
vt 0.291736 0.212108
vt 0.712664 0.309939
vt 0.712664 0.300651
vt 0.002200 0.309939
vt 0.513703 0.296049
vt 0.513703 0.279641
vt 0.524124 0.279642
vt 0.002200 0.204813
vt 0.002200 0.309939
vt 0.712664 0.300651
vt 0.949694 0.437583
vt 0.949694 0.311050
vt 1.000341 0.311050
vt 1.000341 0.311050
vt 1.000341 0.437583
vt 0.949694 0.437583
vt 0.712664 0.300651
vt 0.712664 0.309939
vt 0.002200 0.309939
vt 0.524124 0.279642
vt 0.524124 0.296050
vt 0.513703 0.296049
vt 1.002200 0.204813
vt 0.002200 0.204813
vt 0.712664 0.300651
vt 0.002200 0.204813
vt 1.002200 0.204813
vt 0.002200 0.309939
vt 0.712664 0.300651
vt 0.732930 0.295197
vt 1.002200 0.204813
vt 0.002200 0.309939
vt 0.732930 0.295197
vt 0.712664 0.300651
vt 0.570486 0.296050
vt 0.524124 0.296050
vt 0.524124 0.279642
vt 0.732930 0.295197
vt 0.002200 0.309939
vt 1.002200 0.204813
vt 0.732930 0.295197
vt 0.876310 0.303046
vt 1.002200 0.204813
vt 0.524124 0.279642
vt 0.570486 0.279642
vt 0.570486 0.296050
vt 1.002200 0.309939
vt 1.002200 0.204813
vt 0.876310 0.303046
vt 0.876391 0.303075
vt 0.732930 0.295197
vt 1.002200 0.204813
vt 0.879671 0.296045
vt 0.570486 0.296050
vt 0.570486 0.279642
vt 1.002200 0.204813
vt 1.002200 0.309939
vt 0.876391 0.303075
vt 0.002200 0.232123
vt 0.002200 0.212108
vt 0.108297 0.212108
vt 0.876310 0.303046
vt 0.896103 0.309939
vt 1.002200 0.309939
vt 0.570486 0.279642
vt 0.879754 0.279637
vt 0.879671 0.296045
vt 1.002200 0.309939
vt 0.896103 0.309939
vt 0.876391 0.303075
vt 0.108297 0.212108
vt 0.108297 0.232123
vt 0.002200 0.232123
vt 0.919895 0.296044
vt 0.879671 0.296045
vt 0.879754 0.279637
vt 0.879754 0.279637
vt 0.919895 0.279636
vt 0.919895 0.296044
vt 0.002200 0.026362
vt 0.002200 0.006347
vt 0.118381 0.006347
vt 0.407262 0.006347
vt 1.002200 0.006347
vt 1.002200 0.026362
vt 0.002200 -0.000948
vt 0.002200 0.104177
vt 0.144056 0.008667
vt 0.144056 0.008667
vt 0.118381 -0.000948
vt 0.002200 -0.000948
vt 0.252379 0.026619
vt 0.135694 0.026619
vt 0.135666 0.011557
vt 0.135666 0.011557
vt 0.252379 0.011557
vt 0.252379 0.026619
vt 0.623941 0.026619
vt 0.252379 0.026619
vt 0.252379 0.011557
vt 0.252379 0.011557
vt 0.623941 0.011557
vt 0.623941 0.026619
vt 0.091784 0.125787
vt 0.111163 0.126106
vt 0.084762 0.132808
vt 0.006814 0.207058
vt 0.084762 0.132808
vt 0.111163 0.126106
vt 1.006814 0.207058
vt 0.006814 0.207058
vt 0.111163 0.126106
vt 0.006814 0.145403
vt 0.013143 0.139829
vt 0.006814 0.207058
vt 0.084762 0.132808
vt 0.006814 0.207058
vt 0.013143 0.139829
vt 0.013143 0.139829
vt 0.037578 0.134085
vt 0.084762 0.132808
vt 0.672411 0.026619
vt 0.623941 0.026619
vt 0.623941 0.011557
vt 0.623941 0.011557
vt 0.672411 0.011557
vt 0.672411 0.026619
vt 0.876310 0.303046
vt 0.896103 0.309939
vt 1.002200 0.309939
vt 1.002200 0.309939
vt 1.002200 0.204813
vt 0.876310 0.303046
vt 0.732930 0.295197
vt 0.876310 0.303046
vt 1.002200 0.204813
vt 0.712664 0.300651
vt 0.732930 0.295197
vt 1.002200 0.204813
vt 1.002200 0.204813
vt 0.002200 0.204813
vt 0.712664 0.300651
vt 0.002200 0.204813
vt 0.002200 0.309939
vt 0.712664 0.300651
vt 0.712664 0.309939
vt 0.712664 0.300651
vt 0.002200 0.309939
vt 0.999681 0.436351
vt 0.951216 0.436351
vt 0.951216 0.408987
vt 0.999681 0.408987
vt 0.999681 0.436351
vt 0.951216 0.408987
vt 1.006814 0.129986
vt 1.006814 0.101933
vt 0.994757 0.131027
vt 0.985026 0.143213
vt 0.994757 0.131027
vt 1.006814 0.101933
vt 1.006814 0.101933
vt 0.133912 0.101933
vt 0.985026 0.143213
vt 0.991778 0.160137
vt 0.985026 0.143213
vt 0.133912 0.101933
vt 0.133912 0.101933
vt 0.133912 0.109192
vt 0.991778 0.160137
vt 0.133912 0.109192
vt 1.006814 0.207058
vt 0.991778 0.160137
vt 1.006814 0.207058
vt 1.006814 0.178065
vt 0.991778 0.160137
vt 0.113410 0.112384
vt 0.111163 0.126106
vt 0.133912 0.109192
vt 1.006814 0.207058
vt 0.133912 0.109192
vt 0.111163 0.126106
vt 0.006814 0.207058
vt 1.006814 0.207058
vt 0.111163 0.126106
vt 0.084762 0.132808
vt 0.006814 0.207058
vt 0.111163 0.126106
vt 0.111163 0.126106
vt 0.091784 0.125787
vt 0.084762 0.132808
vt 0.037578 0.134085
vt 0.013143 0.139829
vt 0.084762 0.132808
vt 0.006814 0.207058
vt 0.084762 0.132808
vt 0.013143 0.139829
vt 0.013143 0.139829
vt 0.006814 0.145403
vt 0.006814 0.207058
vt 1.006814 0.101933
vt 1.006814 0.129986
vt 0.994757 0.131027
vt 0.994757 0.131027
vt 0.985026 0.143213
vt 1.006814 0.101933
vt 0.133912 0.101933
vt 1.006814 0.101933
vt 0.985026 0.143213
vt 0.985026 0.143213
vt 0.991778 0.160137
vt 0.133912 0.101933
vt 0.133912 0.109192
vt 0.133912 0.101933
vt 0.991778 0.160137
vt 1.006814 0.207058
vt 0.133912 0.109192
vt 0.991778 0.160137
vt 0.991778 0.160137
vt 1.006814 0.178065
vt 1.006814 0.207058
vt 0.091784 0.125787
vt 0.111163 0.126106
vt 0.084762 0.132808
vt 0.006814 0.207058
vt 0.084762 0.132808
vt 0.111163 0.126106
vt 0.002200 0.374087
vt 1.002200 0.374087
vt 1.002200 0.399211
vt 0.003834 0.466357
vt 0.123716 0.466357
vt 0.123716 0.510915
vt 0.002200 0.399211
vt 0.002200 0.374087
vt 1.002200 0.374087
vt 0.949857 0.323897
vt 0.949857 0.311622
vt 1.002200 0.323897
vt 1.002200 0.311622
vt 1.002200 0.323897
vt 0.949857 0.311622
vt 0.013143 0.139829
vt 0.037578 0.134085
vt 0.084762 0.132808
vt 0.006814 0.145403
vt 0.013143 0.139829
vt 0.006814 0.207058
vt 0.949568 0.309997
vt 0.949568 0.403893
vt 1.001401 0.403893
vt 0.999681 0.312015
vt 0.999681 0.345195
vt 0.951216 0.345195
vt 0.084762 0.132808
vt 0.006814 0.207058
vt 0.013143 0.139829
vt 0.091784 0.125787
vt 0.111163 0.126106
vt 0.084762 0.132808
vt 1.001401 0.403893
vt 1.001401 0.309997
vt 0.949568 0.309997
vt 0.951216 0.345195
vt 0.951216 0.312015
vt 0.999681 0.312015
vt 0.006814 0.207058
vt 0.084762 0.132808
vt 0.111163 0.126106
vt 1.006814 0.129243
vt 1.006814 0.109228
vt 0.133913 0.109228
vt 1.006814 0.207058
vt 0.006814 0.207058
vt 0.111163 0.126106
vt 0.133913 0.109228
vt 0.133912 0.129243
vt 1.006814 0.129243
vt 1.000640 0.310060
vt 1.000640 0.438132
vt 0.950435 0.438132
vt 1.002200 0.026362
vt 0.407262 0.026362
vt 0.407262 0.006347
vt 0.407262 0.006347
vt 1.002200 0.006347
vt 1.002200 0.026362
vt 0.950435 0.438132
vt 0.950435 0.310060
vt 1.000640 0.310060
vt 1.002200 0.026362
vt 0.002200 0.026362
vt 0.002200 0.006347
vt 0.252379 0.026619
vt 0.135694 0.026619
vt 0.135666 0.011557
vt 1.002200 0.104177
vt 1.002200 -0.000948
vt 0.407262 -0.000948
vt 0.135666 0.011557
vt 0.252379 0.011557
vt 0.252379 0.026619
vt 0.002200 0.006347
vt 1.002200 0.006347
vt 1.002200 0.026362
vt 0.407262 -0.000948
vt 0.344066 0.008193
vt 1.002200 0.104177
vt 0.623941 0.026619
vt 0.252379 0.026619
vt 0.252379 0.011557
vt 0.002200 0.104177
vt 1.002200 0.104177
vt 0.344066 0.008193
vt 0.252379 0.011557
vt 0.623941 0.011557
vt 0.623941 0.026619
vt 0.291736 0.212108
vt 1.002200 0.212108
vt 1.002200 0.232123
vt 1.002200 0.232123
vt 0.291736 0.232123
vt 0.291736 0.212108
vt 0.712664 0.309939
vt 0.712664 0.300651
vt 0.002200 0.309939
vt 0.513703 0.296049
vt 0.513703 0.279641
vt 0.524124 0.279642
vt 0.002200 0.204813
vt 0.002200 0.309939
vt 0.712664 0.300651
vt 0.712664 0.300651
vt 0.712664 0.309939
vt 0.002200 0.309939
vt 0.524124 0.279642
vt 0.524124 0.296050
vt 0.513703 0.296049
vt 1.002200 0.204813
vt 0.002200 0.204813
vt 0.712664 0.300651
vt 1.002200 0.232123
vt 0.002200 0.232123
vt 0.002200 0.212108
vt 0.002200 0.204813
vt 1.002200 0.204813
vt 0.002200 0.309939
vt 0.712664 0.300651
vt 0.732930 0.295197
vt 1.002200 0.204813
vt 0.002200 0.309939
vt 0.732930 0.295197
vt 0.712664 0.300651
vt 0.570486 0.296050
vt 0.524124 0.296050
vt 0.524124 0.279642
vt 0.002200 0.212108
vt 1.002200 0.212108
vt 1.002200 0.232123
vt 0.732930 0.295197
vt 0.002200 0.309939
vt 1.002200 0.204813
vt 0.732930 0.295197
vt 0.876310 0.303046
vt 1.002200 0.204813
vt 0.524124 0.279642
vt 0.570486 0.279642
vt 0.570486 0.296050
vt 1.002200 0.309939
vt 1.002200 0.204813
vt 0.876310 0.303046
vt 0.876391 0.303075
vt 0.732930 0.295197
vt 1.002200 0.204813
vt 0.879671 0.296045
vt 0.570486 0.296050
vt 0.570486 0.279642
vt 1.002200 0.204813
vt 1.002200 0.309939
vt 0.876391 0.303075
vt 0.876310 0.303046
vt 0.896103 0.309939
vt 1.002200 0.309939
vt 0.570486 0.279642
vt 0.879754 0.279637
vt 0.879671 0.296045
vt 1.002200 0.309939
vt 0.896103 0.309939
vt 0.876391 0.303075
vt 0.919895 0.296044
vt 0.879671 0.296045
vt 0.879754 0.279637
vt 0.879754 0.279637
vt 0.919895 0.279636
vt 0.919895 0.296044
vt 0.002200 0.026362
vt 0.002200 0.006347
vt 0.118381 0.006347
vt 0.407262 0.006347
vt 1.002200 0.006347
vt 1.002200 0.026362
vt 0.623941 0.011557
vt 0.672411 0.011557
vt 0.672411 0.026619
vt 0.118381 0.006347
vt 0.118381 0.026362
vt 0.002200 0.026362
vt 1.002200 0.026362
vt 0.407262 0.026362
vt 0.407262 0.006347
vt 0.252379 0.026619
vt 0.135694 0.026619
vt 0.135666 0.011557
vt 1.000640 0.310060
vt 1.000640 0.438132
vt 0.950435 0.438132
vt 0.672411 0.026619
vt 0.623941 0.026619
vt 0.623941 0.011557
vt 0.135666 0.011557
vt 0.252379 0.011557
vt 0.252379 0.026619
vt 0.002200 0.006347
vt 1.002200 0.006347
vt 1.002200 0.026362
vt 0.950435 0.438132
vt 0.950435 0.310060
vt 1.000640 0.310060
vt 1.002200 0.026362
vt 0.002200 0.026362
vt 0.002200 0.006347
vt 0.344066 0.008193
vt 0.407262 -0.000948
vt 1.002200 0.104177
vt 1.002200 -0.000948
vt 1.002200 0.104177
vt 0.407262 -0.000948
vt 1.002200 0.364681
vt 1.002200 0.437886
vt 0.949857 0.437886
vt 0.949857 0.437886
vt 0.949857 0.364681
vt 1.002200 0.364681
vt 1.002200 0.323897
vt 1.002200 0.364681
vt 0.949857 0.364681
vt 0.949857 0.364681
vt 0.949857 0.323897
vt 1.002200 0.323897
vt 0.949857 0.323897
vt 0.949857 0.311622
vt 1.002200 0.323897
vt 1.002200 0.311622
vt 1.002200 0.323897
vt 0.949857 0.311622
vt 0.949857 0.323897
vt 0.949857 0.311622
vt 1.002200 0.323897
vt 1.002200 0.311622
vt 1.002200 0.323897
vt 0.949857 0.311622
vt 0.879671 0.296045
vt 0.570486 0.296050
vt 0.570486 0.279642
vt 0.570486 0.279642
vt 0.879754 0.279637
vt 0.879671 0.296045
vt 0.919895 0.296044
vt 0.879671 0.296045
vt 0.879754 0.279637
vt 0.879754 0.279637
vt 0.919895 0.279636
vt 0.919895 0.296044
vt 1.002200 0.104177
vt 1.002200 -0.000948
vt 0.407262 -0.000948
vt 0.407262 -0.000948
vt 0.344066 0.008193
vt 1.002200 0.104177
vt 0.002200 0.104177
vt 1.002200 0.104177
vt 0.344066 0.008193
vt 0.344066 0.008193
vt 0.144056 0.008667
vt 0.002200 0.104177
vt 0.109870 0.923907
vt 0.910102 0.895888
vt 0.910102 0.923907
vt 0.910102 0.895888
vt 0.109870 0.923907
vt 0.109870 0.895888
vt -0.631646 0.926587
vt 0.601482 0.914143
vt 0.601453 0.926587
vt 0.601482 0.914143
vt -0.631646 0.926587
vt -0.631675 0.914144
vt 0.139151 0.914518
vt 0.829125 0.925263
vt 0.139171 0.925263
vt 0.829125 0.925263
vt 0.139151 0.914518
vt 0.829144 0.914518
vt -0.453319 0.914518
vt 0.236654 0.925263
vt -0.453300 0.925263
vt 0.236654 0.925263
vt -0.453319 0.914518
vt 0.236674 0.914518
vt 0.035585 0.926587
vt 1.268712 0.914143
vt 1.268683 0.926587
vt 1.268712 0.914143
vt 0.035585 0.926587
vt 0.035556 0.914144
vt -0.631646 0.926587
vt 0.601482 0.914143
vt 0.601453 0.926587
vt 0.601482 0.914143
vt -0.631646 0.926587
vt -0.631675 0.914144
vt 0.035585 0.926587
vt 1.268712 0.914143
vt 1.268683 0.926587
vt 1.268712 0.914143
vt 0.035585 0.926587
vt 0.035556 0.914144
vt 1.771440 0.884317
vt 0.416487 0.923960
vt 0.416487 0.893591
vt 0.416487 0.923960
vt 1.771440 0.884317
vt 1.771440 0.923960
vt -0.631646 0.926587
vt 0.601482 0.914143
vt 0.601453 0.926587
vt 0.601482 0.914143
vt -0.631646 0.926587
vt -0.631675 0.914144
vt -0.453319 0.914518
vt 0.236654 0.925263
vt -0.453300 0.925263
vt 0.236654 0.925263
vt -0.453319 0.914518
vt 0.236674 0.914518
vt 0.035585 0.926587
vt 1.268712 0.914143
vt 1.268683 0.926587
vt 1.268712 0.914143
vt 0.035585 0.926587
vt 0.035556 0.914144
vt 0.109870 0.923907
vt 0.910102 0.895888
vt 0.910102 0.923907
vt 0.910102 0.895888
vt 0.109870 0.923907
vt 0.109870 0.895888
vt -0.631646 0.926587
vt 0.601482 0.914143
vt 0.601453 0.926587
vt 0.601482 0.914143
vt -0.631646 0.926587
vt -0.631675 0.914144
vt 0.139151 0.914518
vt 0.829125 0.925263
vt 0.139171 0.925263
vt 0.829125 0.925263
vt 0.139151 0.914518
vt 0.829144 0.914518
vt -0.453319 0.914518
vt 0.236654 0.925263
vt -0.453300 0.925263
vt 0.236654 0.925263
vt -0.453319 0.914518
vt 0.236674 0.914518
vt 0.035585 0.926587
vt 1.268712 0.914143
vt 1.268683 0.926587
vt 1.268712 0.914143
vt 0.035585 0.926587
vt 0.035556 0.914144
vt 1.771440 0.884317
vt 0.416487 0.923960
vt 0.416487 0.893591
vt 0.416487 0.923960
vt 1.771440 0.884317
vt 1.771440 0.923960
vt 0.109870 0.923907
vt 0.910102 0.895888
vt 0.910102 0.923907
vt 0.910102 0.895888
vt 0.109870 0.923907
vt 0.109870 0.895888
vt 0.139151 0.914518
vt 0.829125 0.925263
vt 0.139171 0.925263
vt 0.829125 0.925263
vt 0.139151 0.914518
vt 0.829144 0.914518
vt -0.453319 0.914518
vt 0.236654 0.925263
vt -0.453300 0.925263
vt 0.236654 0.925263
vt -0.453319 0.914518
vt 0.236674 0.914518
vt 0.035585 0.926587
vt 1.268712 0.914143
vt 1.268683 0.926587
vt 1.268712 0.914143
vt 0.035585 0.926587
vt 0.035556 0.914144
vt -0.631646 0.926587
vt 0.601482 0.914143
vt 0.601453 0.926587
vt 0.601482 0.914143
vt -0.631646 0.926587
vt -0.631675 0.914144
vt -0.631646 0.926587
vt 0.601482 0.914143
vt 0.601453 0.926587
vt 0.601482 0.914143
vt -0.631646 0.926587
vt -0.631675 0.914144
vt 0.035585 0.926587
vt 1.268712 0.914143
vt 1.268683 0.926587
vt 1.268712 0.914143
vt 0.035585 0.926587
vt 0.035556 0.914144
vt 1.771440 0.884317
vt 0.416487 0.923960
vt 0.416487 0.893591
vt 0.416487 0.923960
vt 1.771440 0.884317
vt 1.771440 0.923960
vt -0.631646 0.926587
vt 0.601482 0.914143
vt 0.601453 0.926587
vt 0.601482 0.914143
vt -0.631646 0.926587
vt -0.631675 0.914144
vt -0.453319 0.914518
vt 0.236654 0.925263
vt -0.453300 0.925263
vt 0.236654 0.925263
vt -0.453319 0.914518
vt 0.236674 0.914518
vt 0.035585 0.926587
vt 1.268712 0.914143
vt 1.268683 0.926587
vt 1.268712 0.914143
vt 0.035585 0.926587
vt 0.035556 0.914144
vt 0.109870 0.923907
vt 0.910102 0.895888
vt 0.910102 0.923907
vt 0.910102 0.895888
vt 0.109870 0.923907
vt 0.109870 0.895888
vt -0.631646 0.926587
vt 0.601482 0.914143
vt 0.601453 0.926587
vt 0.601482 0.914143
vt -0.631646 0.926587
vt -0.631675 0.914144
vt 0.139151 0.914518
vt 0.829125 0.925263
vt 0.139171 0.925263
vt 0.829125 0.925263
vt 0.139151 0.914518
vt 0.829144 0.914518
vt -0.453319 0.914518
vt 0.236654 0.925263
vt -0.453300 0.925263
vt 0.236654 0.925263
vt -0.453319 0.914518
vt 0.236674 0.914518
vt 0.035585 0.926587
vt 1.268712 0.914143
vt 1.268683 0.926587
vt 1.268712 0.914143
vt 0.035585 0.926587
vt 0.035556 0.914144
vt 1.771440 0.884317
vt 0.416487 0.923960
vt 0.416487 0.893591
vt 0.416487 0.923960
vt 1.771440 0.884317
vt 1.771440 0.923960
vt 0.109870 0.923907
vt 0.910102 0.895888
vt 0.910102 0.923907
vt 0.910102 0.895888
vt 0.109870 0.923907
vt 0.109870 0.895888
vt 0.139151 0.914518
vt 0.829125 0.925263
vt 0.139171 0.925263
vt 0.829125 0.925263
vt 0.139151 0.914518
vt 0.829144 0.914518
vt -0.453319 0.914518
vt 0.236654 0.925263
vt -0.453300 0.925263
vt 0.236654 0.925263
vt -0.453319 0.914518
vt 0.236674 0.914518
vt 0.035585 0.926587
vt 1.268712 0.914143
vt 1.268683 0.926587
vt 1.268712 0.914143
vt 0.035585 0.926587
vt 0.035556 0.914144
vt -0.631646 0.926587
vt 0.601482 0.914143
vt 0.601453 0.926587
vt 0.601482 0.914143
vt -0.631646 0.926587
vt -0.631675 0.914144
vt 1.002200 0.104177
vt 0.002200 0.104177
vt 0.344066 0.008193
vt 0.144056 0.008667
vt 0.344066 0.008193
vt 0.002200 0.104177
vt 0.002200 0.104177
vt 0.002200 -0.000948
vt 0.144056 0.008667
vt 0.002200 -0.000948
vt 0.118381 -0.000948
vt 0.144056 0.008667
vt 0.879754 0.279637
vt 0.919895 0.279636
vt 0.919895 0.296044
vt 0.919895 0.296044
vt 0.879671 0.296045
vt 0.879754 0.279637
vt 0.570486 0.279642
vt 0.879754 0.279637
vt 0.879671 0.296045
vt 0.879671 0.296045
vt 0.570486 0.296050
vt 0.570486 0.279642
vt 0.524124 0.279642
vt 0.570486 0.279642
vt 0.570486 0.296050
vt 0.570486 0.296050
vt 0.524124 0.296050
vt 0.524124 0.279642
vt 0.002200 0.104177
vt 1.002200 0.104177
vt 0.344066 0.008193
vt 0.407262 -0.000948
vt 0.344066 0.008193
vt 1.002200 0.104177
vt 1.002200 0.104177
vt 1.002200 -0.000948
vt 0.407262 -0.000948
vt 0.252379 0.011557
vt 0.623941 0.011557
vt 0.623941 0.026619
vt 0.623941 0.026619
vt 0.252379 0.026619
vt 0.252379 0.011557
vt 0.135666 0.011557
vt 0.252379 0.011557
vt 0.252379 0.026619
vt 0.252379 0.026619
vt 0.135694 0.026619
vt 0.135666 0.011557
vt 0.828094 0.162772
vt 0.828094 0.199117
vt 0.748649 0.199117
vt 0.748649 0.199117
vt 0.748649 0.162772
vt 0.828094 0.162772
vt 0.828094 0.141325
vt 0.828094 0.162772
vt 0.748649 0.162772
vt 0.748649 0.162772
vt 0.748649 0.141325
vt 0.828094 0.141325
vt 0.828094 0.162772
vt 0.828094 0.199117
vt 0.748649 0.199117
vt 0.748649 0.199117
vt 0.748649 0.162772
vt 0.828094 0.162772
vt 0.828094 0.141325
vt 0.828094 0.162772
vt 0.748649 0.162772
vt 0.748649 0.162772
vt 0.748649 0.141325
vt 0.828094 0.141325
vt 0.828094 0.111329
vt 0.828094 0.141325
vt 0.748649 0.141325
vt 0.748649 0.141325
vt 0.748649 0.111329
vt 0.828094 0.111329
vt 0.828094 0.091141
vt 0.828094 0.111329
vt 0.748649 0.111329
vt 0.748649 0.111329
vt 0.748649 0.091141
vt 0.828094 0.091141
vt 0.949694 0.437583
vt 0.949694 0.311050
vt 1.000341 0.311050
vt 1.000341 0.311050
vt 1.000341 0.437583
vt 0.949694 0.437583
vt 0.002200 0.212108
vt 1.002200 0.212108
vt 1.002200 0.232123
vt 1.002200 0.232123
vt 0.002200 0.232123
vt 0.002200 0.212108
vt 0.950235 0.437637
vt 0.950235 0.309564
vt 1.000849 0.309564
vt 1.000849 0.309564
vt 1.000849 0.437637
vt 0.950235 0.437637
vt 0.108297 0.212108
vt 0.108297 0.232123
vt 0.002200 0.232123
vt 0.002200 0.232123
vt 0.002200 0.212108
vt 0.108297 0.212108
vt 0.291736 0.212108
vt 1.002200 0.212108
vt 1.002200 0.232123
vt 1.002200 0.232123
vt 0.291736 0.232123
vt 0.291736 0.212108
vt 0.513703 0.296049
vt 0.513703 0.279641
vt 0.524124 0.279642
vt 0.524124 0.279642
vt 0.524124 0.296050
vt 0.513703 0.296049
vt 0.118381 0.006347
vt 0.118381 0.026362
vt 0.002200 0.026362
vt 0.002200 0.026362
vt 0.002200 0.006347
vt 0.118381 0.006347
vt 0.950435 0.438132
vt 0.950435 0.310060
vt 1.000640 0.310060
vt 1.000640 0.310060
vt 1.000640 0.438132
vt 0.950435 0.438132
vt 0.002200 0.006347
vt 1.002200 0.006347
vt 1.002200 0.026362
vt 1.002200 0.026362
vt 0.002200 0.026362
vt 0.002200 0.006347
vt 0.407262 0.006347
vt 1.002200 0.006347
vt 1.002200 0.026362
vt 1.002200 0.026362
vt 0.407262 0.026362
vt 0.407262 0.006347
vt 0.951216 0.345195
vt 0.951216 0.312015
vt 0.999681 0.312015
vt 0.999681 0.312015
vt 0.999681 0.345195
vt 0.951216 0.345195
vt 0.133913 0.109228
vt 0.133912 0.129243
vt 1.006814 0.129243
vt 1.006814 0.129243
vt 1.006814 0.109228
vt 0.133913 0.109228
vt 1.006814 0.109228
vt 0.006814 0.109228
vt 0.006814 0.129243
vt 0.006814 0.129243
vt 1.006814 0.129243
vt 1.006814 0.109228
vt 1.001401 0.403893
vt 1.001401 0.309997
vt 0.949568 0.309997
vt 0.949568 0.309997
vt 0.949568 0.403893
vt 1.001401 0.403893
vt 0.748649 0.208598
vt 0.748649 0.199117
vt 0.828094 0.199117
vt 0.828094 0.199117
vt 0.828094 0.208598
vt 0.748649 0.208598
vt 0.951216 0.345195
vt 0.951216 0.312015
vt 0.999681 0.312015
vt 0.999681 0.312015
vt 0.999681 0.345195
vt 0.951216 0.345195
vt 0.133913 0.109228
vt 0.133912 0.129243
vt 1.006814 0.129243
vt 1.006814 0.129243
vt 1.006814 0.109228
vt 0.133913 0.109228
vt 1.001401 0.403893
vt 1.001401 0.309997
vt 0.949568 0.309997
vt 0.949568 0.309997
vt 0.949568 0.403893
vt 1.001401 0.403893
vt 0.950435 0.438132
vt 0.950435 0.310060
vt 1.000640 0.310060
vt 1.000640 0.310060
vt 1.000640 0.438132
vt 0.950435 0.438132
vt 0.002200 0.006347
vt 1.002200 0.006347
vt 1.002200 0.026362
vt 1.002200 0.026362
vt 0.002200 0.026362
vt 0.002200 0.006347
vt 0.407262 0.006347
vt 1.002200 0.006347
vt 1.002200 0.026362
vt 1.002200 0.026362
vt 0.407262 0.026362
vt 0.407262 0.006347
vt 0.003834 0.466357
vt 0.123716 0.466357
vt 0.123716 0.510915
vt 0.123716 0.510915
vt 0.003834 0.510915
vt 0.003834 0.466357
vt 0.002200 0.374087
vt 1.002200 0.374087
vt 1.002200 0.399211
vt 1.002200 0.399211
vt 0.002200 0.399211
vt 0.002200 0.374087
vt 1.002200 0.316356
vt 1.002200 0.448318
vt 0.002200 0.448318
vt 0.002200 0.448318
vt 0.002200 0.316356
vt 1.002200 0.316356
vt 0.002200 0.309939
vt 0.732930 0.295197
vt 0.712664 0.300651
vt 0.712664 0.300651
vt 0.712664 0.309939
vt 0.002200 0.309939
vt 1.002200 0.309939
vt 0.896103 0.309939
vt 0.876391 0.303075
vt 1.002200 0.204813
vt 1.002200 0.309939
vt 0.876391 0.303075
vt 0.876391 0.303075
vt 0.732930 0.295197
vt 1.002200 0.204813
vt 0.732930 0.295197
vt 0.002200 0.309939
vt 1.002200 0.204813
vt 0.002200 0.204813
vt 1.002200 0.204813
vt 0.002200 0.309939
vt 0.999681 0.345195
vt 0.999681 0.356989
vt 0.951216 0.345195
vt 0.951216 0.356989
vt 0.951216 0.345195
vt 0.999681 0.356989
vt 0.951216 0.374640
vt 0.951216 0.356989
vt 0.999681 0.356989
vt 0.725405 0.773067
vt -0.877116 0.841704
vt -0.876916 0.772535
vt 0.725218 0.842233
vt -0.876916 0.772535
vt -0.877116 0.841704
vt -0.876916 0.772535
vt -1.040753 0.841650
vt -1.040552 0.772481
vt -1.040753 0.841650
vt -0.876916 0.772535
vt -0.877116 0.841704
vt 1.771440 0.923960
vt 1.722745 0.972655
vt 0.416487 0.923960
vt 0.465182 0.972655
vt 0.889602 0.972436
vt 0.004762 0.972436
vt 0.889601 0.986197
vt 0.004763 0.986197
vt -0.631646 0.926587
vt 0.601453 0.926587
vt -0.645484 0.940313
vt 0.615292 0.940313
vt 0.601453 0.926587
vt -0.631646 0.926587
vt 0.601482 0.914143
vt -0.631675 0.914144
vt 0.109870 0.923907
vt 0.910102 0.923907
vt 0.152125 0.972655
vt 0.867847 0.972655
vt 0.236654 0.925263
vt 0.248594 0.937134
vt -0.453300 0.925263
vt -0.465240 0.937134
vt -0.202049 0.972655
vt 1.055514 0.972655
vt -0.202049 0.994607
vt 1.055514 0.994607
vt -0.440346 0.994607
vt -0.440346 0.972655
vt 0.275376 0.994607
vt 0.275376 0.972655
vt -0.250743 0.893591
vt 1.104209 0.893591
vt -0.250743 0.923960
vt 1.104209 0.923960
vt 1.104209 0.923960
vt 1.055514 0.972655
vt -0.250743 0.923960
vt -0.202049 0.972655
vt -0.482601 0.923907
vt 0.317631 0.923907
vt -0.440346 0.972655
vt 0.275376 0.972655
vt 0.317631 0.923907
vt -0.482601 0.923907
vt 0.317631 0.895888
vt -0.482601 0.895888
vt 0.889601 0.908930
vt 0.004763 0.908930
vt 0.889602 0.922691
vt 0.004762 0.922691
vt 0.829125 0.925263
vt 0.841065 0.937134
vt 0.139171 0.925263
vt 0.127231 0.937134
vt 0.889602 0.922691
vt 0.004762 0.922691
vt 0.889602 0.972436
vt 0.004762 0.972436
vt 0.152125 0.994607
vt 0.152125 0.972655
vt 0.867847 0.994607
vt 0.867847 0.972655
vt 0.035585 0.926587
vt 1.268683 0.926587
vt 0.021746 0.940313
vt 1.282522 0.940313
vt 0.465182 0.972655
vt 1.722745 0.972655
vt 0.465182 0.994607
vt 1.722745 0.994607
vt 0.252379 0.026619
vt 0.252379 0.011557
vt 0.623941 0.026619
vt 0.623941 0.011557
vt 1.000640 0.438132
vt 0.950435 0.438132
vt 1.000640 0.310060
vt 0.950435 0.310060
vt 1.002200 0.448318
vt 0.002200 0.448318
vt 1.002200 0.316356
vt 0.002200 0.316356
vt 0.002200 0.399211
vt 0.002200 0.374087
vt 1.002200 0.399211
vt 1.002200 0.374087
vt 0.003834 0.510915
vt 0.003834 0.466357
vt 0.123716 0.510915
vt 0.123716 0.466357
vt 1.002200 0.399211
vt 0.002200 0.399211
vt 1.002200 0.374087
vt 0.002200 0.374087
vt 0.003834 0.510915
vt 0.003834 0.466357
vt 0.123716 0.510915
vt 0.123716 0.466357
vt 1.002200 0.448318
vt 1.002200 0.316356
vt 0.002200 0.448318
vt 0.002200 0.316356
vt 0.108297 0.232123
vt 0.002200 0.232123
vt 0.108297 0.212108
vt 0.002200 0.212108
vt 0.570486 0.279642
vt 0.570486 0.296050
vt 0.524124 0.279642
vt 0.524124 0.296050
vt 0.950235 0.309564
vt 1.000849 0.309564
vt 0.950235 0.437637
vt 1.000849 0.437637
vt 0.513703 0.279641
vt 0.524124 0.279642
vt 0.513703 0.296049
vt 0.524124 0.296050
vt 0.291736 0.232123
vt 0.291736 0.212108
vt 1.002200 0.232123
vt 1.002200 0.212108
vt 1.002200 0.212108
vt 1.002200 0.232123
vt 0.002200 0.212108
vt 0.002200 0.232123
vt 1.000341 0.437583
vt 0.949694 0.437583
vt 1.000341 0.311050
vt 0.949694 0.311050
vt 1.002200 0.448318
vt 0.002200 0.448318
vt 1.002200 0.316356
vt 0.002200 0.316356
vt 0.003834 0.510915
vt 0.003834 0.466357
vt 0.123716 0.510915
vt 0.123716 0.466357
vt 0.003834 0.510915
vt 0.003834 0.466357
vt 0.123716 0.510915
vt 0.123716 0.466357
vt 1.002200 0.448318
vt 1.002200 0.316356
vt 0.002200 0.448318
vt 0.002200 0.316356
vt 1.002200 0.448318
vt 0.002200 0.448318
vt 1.002200 0.316356
vt 0.002200 0.316356
vt 0.002200 0.350638
vt 0.002200 0.325514
vt 1.002200 0.350638
vt 1.002200 0.325514
vt 0.003834 0.510915
vt 0.003834 0.466357
vt 0.123716 0.510915
vt 0.123716 0.466357
vt 1.002200 0.350638
vt 0.002200 0.350638
vt 1.002200 0.325514
vt 0.002200 0.325514
vt 0.003834 0.510915
vt 0.003834 0.466357
vt 0.123716 0.510915
vt 0.123716 0.466357
vt 1.002200 0.448318
vt 1.002200 0.316356
vt 0.002200 0.448318
vt 0.002200 0.316356
vt 0.949857 0.364681
vt 1.002200 0.364681
vt 0.949857 0.437886
vt 1.002200 0.437886
vt 0.949857 0.323897
vt 1.002200 0.323897
vt 0.949857 0.364681
vt 1.002200 0.364681
vt 0.951216 0.356989
vt 0.951216 0.345195
vt 0.999681 0.356989
vt 0.999681 0.345195
vt 0.748649 0.091141
vt 0.828094 0.091141
vt 0.748649 0.111329
vt 0.828094 0.111329
vt 0.951216 0.356989
vt 0.999681 0.356989
vt 0.951216 0.374640
vt 0.999681 0.374640
vt 1.006814 0.129986
vt 0.994757 0.131027
vt 1.006814 0.101933
vt 0.985026 0.143213
vt 0.999681 0.408987
vt 0.999681 0.436351
vt 0.951216 0.408987
vt 0.951216 0.436351
vt 0.999681 0.408987
vt 0.951216 0.408987
vt 0.999681 0.388465
vt 0.951216 0.388465
vt 0.999681 0.388465
vt 0.951216 0.388465
vt 0.999681 0.374640
vt 0.951216 0.374640
vt 0.006814 0.109228
vt 0.006814 0.129243
vt 1.006814 0.109228
vt 1.006814 0.129243
vt 0.748649 0.111329
vt 0.828094 0.111329
vt 0.748649 0.141325
vt 0.828094 0.141325
vt 0.748649 0.141325
vt 0.828094 0.141325
vt 0.748649 0.162772
vt 0.828094 0.162772
vt 0.828094 0.208598
vt 0.748649 0.208598
vt 0.828094 0.199117
vt 0.748649 0.199117
vt 0.748649 0.162772
vt 0.828094 0.162772
vt 0.748649 0.199117
vt 0.828094 0.199117
vt 1.000640 0.438132
vt 0.950435 0.438132
vt 1.000640 0.310060
vt 0.950435 0.310060
vt 0.118381 0.026362
vt 0.002200 0.026362
vt 0.118381 0.006347
vt 0.002200 0.006347
vt 0.672411 0.011557
vt 0.672411 0.026619
vt 0.623941 0.011557
vt 0.623941 0.026619
vt 0.524124 0.296050
vt 0.524124 0.279642
vt 0.570486 0.296050
vt 0.570486 0.279642
vt 0.002200 0.212108
vt 0.108297 0.212108
vt 0.002200 0.232123
vt 0.108297 0.232123
vt 0.950435 0.310060
vt 1.000640 0.310060
vt 0.950435 0.438132
vt 1.000640 0.438132
vt 0.252379 0.026619
vt 0.252379 0.011557
vt 0.623941 0.026619
vt 0.623941 0.011557
vt 1.002200 0.448318
vt 0.002200 0.448318
vt 1.002200 0.316356
vt 0.002200 0.316356
vt 0.002200 0.350638
vt 0.002200 0.325514
vt 1.002200 0.350638
vt 1.002200 0.325514
vt 0.003834 0.510915
vt 0.003834 0.466357
vt 0.123716 0.510915
vt 0.123716 0.466357
vt 1.002200 0.399211
vt 0.002200 0.399211
vt 1.002200 0.374087
vt 0.002200 0.374087
vt 0.003834 0.510915
vt 0.003834 0.466357
vt 0.123716 0.510915
vt 0.123716 0.466357
vt 1.002200 0.448318
vt 1.002200 0.316356
vt 0.002200 0.448318
vt 0.002200 0.316356
vt 1.002200 0.448318
vt 0.002200 0.448318
vt 1.002200 0.316356
vt 0.002200 0.316356
vt 0.002200 0.399211
vt 0.002200 0.374087
vt 1.002200 0.399211
vt 1.002200 0.374087
vt 0.003834 0.510915
vt 0.003834 0.466357
vt 0.123716 0.510915
vt 0.123716 0.466357
vt 1.002200 0.399211
vt 0.002200 0.399211
vt 1.002200 0.374087
vt 0.002200 0.374087
vt 0.003834 0.510915
vt 0.003834 0.466357
vt 0.123716 0.510915
vt 0.123716 0.466357
vt 1.002200 0.448318
vt 1.002200 0.316356
vt 0.002200 0.448318
vt 0.002200 0.316356
vt 1.002200 0.448318
vt 0.002200 0.448318
vt 1.002200 0.316356
vt 0.002200 0.316356
vt 0.002200 0.350638
vt 0.002200 0.325514
vt 1.002200 0.350638
vt 1.002200 0.325514
vt 0.003834 0.510915
vt 0.003834 0.466357
vt 0.123716 0.510915
vt 0.123716 0.466357
vt 1.002200 0.350638
vt 0.002200 0.350638
vt 1.002200 0.325514
vt 0.002200 0.325514
vt 0.003834 0.510915
vt 0.003834 0.466357
vt 0.123716 0.510915
vt 0.123716 0.466357
vt 1.002200 0.448318
vt 1.002200 0.316356
vt 0.002200 0.448318
vt 0.002200 0.316356
vt 0.108297 0.232123
vt 0.002200 0.232123
vt 0.108297 0.212108
vt 0.002200 0.212108
vt 0.570486 0.279642
vt 0.570486 0.296050
vt 0.524124 0.279642
vt 0.524124 0.296050
vt 0.950235 0.309564
vt 1.000849 0.309564
vt 0.950235 0.437637
vt 1.000849 0.437637
vt 0.513703 0.279641
vt 0.524124 0.279642
vt 0.513703 0.296049
vt 0.524124 0.296050
vt 0.291736 0.232123
vt 0.291736 0.212108
vt 1.002200 0.232123
vt 1.002200 0.212108
vt 1.002200 0.212108
vt 1.002200 0.232123
vt 0.002200 0.212108
vt 0.002200 0.232123
vt 1.000341 0.437583
vt 0.949694 0.437583
vt 1.000341 0.311050
vt 0.949694 0.311050
vt 0.748649 0.091141
vt 0.828094 0.091141
vt 0.748649 0.111329
vt 0.828094 0.111329
vt 0.999681 0.408987
vt 0.951216 0.408987
vt 0.999681 0.388465
vt 0.951216 0.388465
vt 0.949857 0.364681
vt 1.002200 0.364681
vt 0.949857 0.437886
vt 1.002200 0.437886
vt 0.949857 0.323897
vt 1.002200 0.323897
vt 0.949857 0.364681
vt 1.002200 0.364681
vt 0.951216 0.356989
vt 0.951216 0.345195
vt 0.999681 0.356989
vt 0.999681 0.345195
vt 0.748649 0.091141
vt 0.828094 0.091141
vt 0.748649 0.111329
vt 0.828094 0.111329
vt 0.951216 0.356989
vt 0.999681 0.356989
vt 0.951216 0.374640
vt 0.999681 0.374640
vt 1.006814 0.129986
vt 0.994757 0.131027
vt 1.006814 0.101933
vt 0.985026 0.143213
vt 0.999681 0.408987
vt 0.999681 0.436351
vt 0.951216 0.408987
vt 0.951216 0.436351
vt 0.999681 0.408987
vt 0.951216 0.408987
vt 0.999681 0.388465
vt 0.951216 0.388465
vt 0.999681 0.388465
vt 0.951216 0.388465
vt 0.999681 0.374640
vt 0.951216 0.374640
vt 0.006814 0.109228
vt 0.006814 0.129243
vt 1.006814 0.109228
vt 1.006814 0.129243
vt 0.748649 0.111329
vt 0.828094 0.111329
vt 0.748649 0.141325
vt 0.828094 0.141325
vt 0.828094 0.208598
vt 0.748649 0.208598
vt 0.828094 0.199117
vt 0.748649 0.199117
vt 1.000640 0.438132
vt 0.950435 0.438132
vt 1.000640 0.310060
vt 0.950435 0.310060
vt 0.118381 0.026362
vt 0.002200 0.026362
vt 0.118381 0.006347
vt 0.002200 0.006347
vt 0.672411 0.011557
vt 0.672411 0.026619
vt 0.623941 0.011557
vt 0.623941 0.026619
vt 0.950435 0.310060
vt 1.000640 0.310060
vt 0.950435 0.438132
vt 1.000640 0.438132
vt 1.002200 0.448318
vt 1.002200 0.316356
vt 0.002200 0.448318
vt 0.002200 0.316356
vt 0.003834 0.510915
vt 0.003834 0.466357
vt 0.123716 0.510915
vt 0.123716 0.466357
vt 0.002200 0.232123
vt 0.002200 0.212108
vt 1.002200 0.232123
vt 1.002200 0.212108
vt 1.000849 0.437637
vt 0.950235 0.437637
vt 1.000849 0.309564
vt 0.950235 0.309564
vt 1.002200 0.448318
vt 1.002200 0.316356
vt 0.002200 0.448318
vt 0.002200 0.316356
vt 1.002200 0.448318
vt 0.002200 0.448318
vt 1.002200 0.316356
vt 0.002200 0.316356
vt 0.002200 0.350638
vt 0.002200 0.325514
vt 1.002200 0.350638
vt 1.002200 0.325514
vt 0.003834 0.510915
vt 0.003834 0.466357
vt 0.123716 0.510915
vt 0.123716 0.466357
vt 1.002200 0.350638
vt 0.002200 0.350638
vt 1.002200 0.325514
vt 0.002200 0.325514
vt 0.003834 0.510915
vt 0.003834 0.466357
vt 0.123716 0.510915
vt 0.123716 0.466357
vt 1.002200 0.448318
vt 1.002200 0.316356
vt 0.002200 0.448318
vt 0.002200 0.316356
vt 0.949857 0.364681
vt 1.002200 0.364681
vt 0.949857 0.437886
vt 1.002200 0.437886
vt 0.949857 0.323897
vt 1.002200 0.323897
vt 0.949857 0.364681
vt 1.002200 0.364681
vt 0.951216 0.356989
vt 0.951216 0.345195
vt 0.999681 0.356989
vt 0.999681 0.345195
vt 0.748649 0.091141
vt 0.828094 0.091141
vt 0.748649 0.111329
vt 0.828094 0.111329
vt 0.951216 0.356989
vt 0.999681 0.356989
vt 0.951216 0.374640
vt 0.999681 0.374640
vt 0.999681 0.408987
vt 0.999681 0.436351
vt 0.951216 0.408987
vt 0.951216 0.436351
vt 0.999681 0.408987
vt 0.951216 0.408987
vt 0.999681 0.388465
vt 0.951216 0.388465
vt 0.999681 0.388465
vt 0.951216 0.388465
vt 0.999681 0.374640
vt 0.951216 0.374640
vt 0.006814 0.109228
vt 0.006814 0.129243
vt 1.006814 0.109228
vt 1.006814 0.129243
vt 0.748649 0.111329
vt 0.828094 0.111329
vt 0.748649 0.141325
vt 0.828094 0.141325
vt 0.748649 0.141325
vt 0.828094 0.141325
vt 0.748649 0.162772
vt 0.828094 0.162772
vt 0.828094 0.208598
vt 0.748649 0.208598
vt 0.828094 0.199117
vt 0.748649 0.199117
vt 0.748649 0.162772
vt 0.828094 0.162772
vt 0.748649 0.199117
vt 0.828094 0.199117
vt 1.000640 0.438132
vt 0.950435 0.438132
vt 1.000640 0.310060
vt 0.950435 0.310060
vt 0.118381 0.026362
vt 0.002200 0.026362
vt 0.118381 0.006347
vt 0.002200 0.006347
vt 0.672411 0.011557
vt 0.672411 0.026619
vt 0.623941 0.011557
vt 0.623941 0.026619
vt 0.949694 0.311050
vt 1.000341 0.311050
vt 0.949694 0.437583
vt 1.000341 0.437583
vt 1.000849 0.437637
vt 0.950235 0.437637
vt 1.000849 0.309564
vt 0.950235 0.309564
vt 0.002200 0.212108
vt 0.108297 0.212108
vt 0.002200 0.232123
vt 0.108297 0.232123
vt 0.950435 0.310060
vt 1.000640 0.310060
vt 0.950435 0.438132
vt 1.000640 0.438132
vt 0.252379 0.026619
vt 0.252379 0.011557
vt 0.623941 0.026619
vt 0.623941 0.011557
vt 0.828094 0.111329
vt 0.748649 0.111329
vt 0.828094 0.091141
vt 0.748649 0.091141
vt 1.002200 0.437886
vt 0.949857 0.437886
vt 1.002200 0.364681
vt 0.949857 0.364681
vt 1.002200 0.364681
vt 0.949857 0.364681
vt 1.002200 0.323897
vt 0.949857 0.323897
vt 0.524124 0.296050
vt 0.524124 0.279642
vt 0.570486 0.296050
vt 0.570486 0.279642
vt 0.416487 0.893591
vt 1.771440 0.884317
vt 0.416487 0.923960
vt 1.771440 0.923960
vt 1.771440 0.923960
vt 1.722745 0.972655
vt 0.416487 0.923960
vt 0.465182 0.972655
vt 0.889602 0.972436
vt 0.004762 0.972436
vt 0.889601 0.986197
vt 0.004763 0.986197
vt -0.631646 0.926587
vt 0.601453 0.926587
vt -0.645484 0.940313
vt 0.615292 0.940313
vt 0.109870 0.923907
vt 0.910102 0.923907
vt 0.152125 0.972655
vt 0.867847 0.972655
vt 0.236654 0.925263
vt 0.248594 0.937134
vt -0.453300 0.925263
vt -0.465240 0.937134
vt -0.202049 0.972655
vt 1.055514 0.972655
vt -0.202049 0.994607
vt 1.055514 0.994607
vt -0.440346 0.994607
vt -0.440346 0.972655
vt 0.275376 0.994607
vt 0.275376 0.972655
vt -0.250743 0.893591
vt 1.104209 0.893591
vt -0.250743 0.923960
vt 1.104209 0.923960
vt 1.104209 0.923960
vt 1.055514 0.972655
vt -0.250743 0.923960
vt -0.202049 0.972655
vt -0.482601 0.923907
vt 0.317631 0.923907
vt -0.440346 0.972655
vt 0.275376 0.972655
vt 0.317631 0.923907
vt -0.482601 0.923907
vt 0.317631 0.895888
vt -0.482601 0.895888
vt 0.889601 0.908930
vt 0.004763 0.908930
vt 0.889602 0.922691
vt 0.004762 0.922691
vt 0.829125 0.925263
vt 0.841065 0.937134
vt 0.139171 0.925263
vt 0.127231 0.937134
vt 0.889602 0.922691
vt 0.004762 0.922691
vt 0.889602 0.972436
vt 0.004762 0.972436
vt 0.152125 0.994607
vt 0.152125 0.972655
vt 0.867847 0.994607
vt 0.867847 0.972655
vt 0.035585 0.926587
vt 1.268683 0.926587
vt 0.021746 0.940313
vt 1.282522 0.940313
vt 0.465182 0.972655
vt 1.722745 0.972655
vt 0.465182 0.994607
vt 1.722745 0.994607
vt 0.416487 0.893591
vt 1.771440 0.884317
vt 0.416487 0.923960
vt 1.771440 0.923960
vt 1.771440 0.923960
vt 1.722745 0.972655
vt 0.416487 0.923960
vt 0.465182 0.972655
vt 0.889602 0.972436
vt 0.004762 0.972436
vt 0.889601 0.986197
vt 0.004763 0.986197
vt 0.910102 0.923907
vt 0.109870 0.923907
vt 0.910102 0.895888
vt 0.109870 0.895888
vt -0.631646 0.926587
vt 0.601453 0.926587
vt -0.645484 0.940313
vt 0.615292 0.940313
vt 0.139171 0.925263
vt 0.139151 0.914518
vt 0.829125 0.925263
vt 0.829144 0.914518
vt 0.109870 0.923907
vt 0.910102 0.923907
vt 0.152125 0.972655
vt 0.867847 0.972655
vt -0.453300 0.925263
vt -0.453319 0.914518
vt 0.236654 0.925263
vt 0.236674 0.914518
vt 0.236654 0.925263
vt 0.248594 0.937134
vt -0.453300 0.925263
vt -0.465240 0.937134
vt -0.202049 0.972655
vt 1.055514 0.972655
vt -0.202049 0.994607
vt 1.055514 0.994607
vt -0.440346 0.994607
vt -0.440346 0.972655
vt 0.275376 0.994607
vt 0.275376 0.972655
vt -0.250743 0.893591
vt 1.104209 0.893591
vt -0.250743 0.923960
vt 1.104209 0.923960
vt 1.104209 0.923960
vt 1.055514 0.972655
vt -0.250743 0.923960
vt -0.202049 0.972655
vt -0.482601 0.923907
vt 0.317631 0.923907
vt -0.440346 0.972655
vt 0.275376 0.972655
vt 0.317631 0.923907
vt -0.482601 0.923907
vt 0.317631 0.895888
vt -0.482601 0.895888
vt 0.889601 0.908930
vt 0.004763 0.908930
vt 0.889602 0.922691
vt 0.004762 0.922691
vt 0.829125 0.925263
vt 0.841065 0.937134
vt 0.139171 0.925263
vt 0.127231 0.937134
vt 0.889602 0.922691
vt 0.004762 0.922691
vt 0.889602 0.972436
vt 0.004762 0.972436
vt 0.152125 0.994607
vt 0.152125 0.972655
vt 0.867847 0.994607
vt 0.867847 0.972655
vt 0.035585 0.926587
vt 1.268683 0.926587
vt 0.021746 0.940313
vt 1.282522 0.940313
vt 0.465182 0.972655
vt 1.722745 0.972655
vt 0.465182 0.994607
vt 1.722745 0.994607
vt 1.771440 0.923960
vt 1.722745 0.972655
vt 0.416487 0.923960
vt 0.465182 0.972655
vt 0.889602 0.972436
vt 0.004762 0.972436
vt 0.889601 0.986197
vt 0.004763 0.986197
vt 0.910102 0.923907
vt 0.109870 0.923907
vt 0.910102 0.895888
vt 0.109870 0.895888
vt -0.631646 0.926587
vt 0.601453 0.926587
vt -0.645484 0.940313
vt 0.615292 0.940313
vt 0.139171 0.925263
vt 0.139151 0.914518
vt 0.829125 0.925263
vt 0.829144 0.914518
vt 0.109870 0.923907
vt 0.910102 0.923907
vt 0.152125 0.972655
vt 0.867847 0.972655
vt 0.236654 0.925263
vt 0.248594 0.937134
vt -0.453300 0.925263
vt -0.465240 0.937134
vt -0.202049 0.972655
vt 1.055514 0.972655
vt -0.202049 0.994607
vt 1.055514 0.994607
vt -0.440346 0.994607
vt -0.440346 0.972655
vt 0.275376 0.994607
vt 0.275376 0.972655
vt -0.250743 0.893591
vt 1.104209 0.893591
vt -0.250743 0.923960
vt 1.104209 0.923960
vt 1.104209 0.923960
vt 1.055514 0.972655
vt -0.250743 0.923960
vt -0.202049 0.972655
vt -0.482601 0.923907
vt 0.317631 0.923907
vt -0.440346 0.972655
vt 0.275376 0.972655
vt 0.317631 0.923907
vt -0.482601 0.923907
vt 0.317631 0.895888
vt -0.482601 0.895888
vt 0.889601 0.908930
vt 0.004763 0.908930
vt 0.889602 0.922691
vt 0.004762 0.922691
vt 0.829125 0.925263
vt 0.841065 0.937134
vt 0.139171 0.925263
vt 0.127231 0.937134
vt 0.889602 0.922691
vt 0.004762 0.922691
vt 0.889602 0.972436
vt 0.004762 0.972436
vt 0.152125 0.994607
vt 0.152125 0.972655
vt 0.867847 0.994607
vt 0.867847 0.972655
vt 0.035585 0.926587
vt 1.268683 0.926587
vt 0.021746 0.940313
vt 1.282522 0.940313
vt 0.465182 0.972655
vt 1.722745 0.972655
vt 0.465182 0.994607
vt 1.722745 0.994607
vt 0.416487 0.893591
vt 1.771440 0.884317
vt 0.416487 0.923960
vt 1.771440 0.923960
vt 1.771440 0.923960
vt 1.722745 0.972655
vt 0.416487 0.923960
vt 0.465182 0.972655
vt 0.889602 0.972436
vt 0.004762 0.972436
vt 0.889601 0.986197
vt 0.004763 0.986197
vt -0.631646 0.926587
vt 0.601453 0.926587
vt -0.645484 0.940313
vt 0.615292 0.940313
vt 0.109870 0.923907
vt 0.910102 0.923907
vt 0.152125 0.972655
vt 0.867847 0.972655
vt 0.236654 0.925263
vt 0.248594 0.937134
vt -0.453300 0.925263
vt -0.465240 0.937134
vt -0.202049 0.972655
vt 1.055514 0.972655
vt -0.202049 0.994607
vt 1.055514 0.994607
vt -0.440346 0.994607
vt -0.440346 0.972655
vt 0.275376 0.994607
vt 0.275376 0.972655
vt -0.250743 0.893591
vt 1.104209 0.893591
vt -0.250743 0.923960
vt 1.104209 0.923960
vt 1.104209 0.923960
vt 1.055514 0.972655
vt -0.250743 0.923960
vt -0.202049 0.972655
vt -0.482601 0.923907
vt 0.317631 0.923907
vt -0.440346 0.972655
vt 0.275376 0.972655
vt 0.317631 0.923907
vt -0.482601 0.923907
vt 0.317631 0.895888
vt -0.482601 0.895888
vt 0.889601 0.908930
vt 0.004763 0.908930
vt 0.889602 0.922691
vt 0.004762 0.922691
vt 0.829125 0.925263
vt 0.841065 0.937134
vt 0.139171 0.925263
vt 0.127231 0.937134
vt 0.889602 0.922691
vt 0.004762 0.922691
vt 0.889602 0.972436
vt 0.004762 0.972436
vt 0.152125 0.994607
vt 0.152125 0.972655
vt 0.867847 0.994607
vt 0.867847 0.972655
vt 0.035585 0.926587
vt 1.268683 0.926587
vt 0.021746 0.940313
vt 1.282522 0.940313
vt 0.465182 0.972655
vt 1.722745 0.972655
vt 0.465182 0.994607
vt 1.722745 0.994607
vt 1.771440 0.923960
vt 1.722745 0.972655
vt 0.416487 0.923960
vt 0.465182 0.972655
vt 0.889602 0.972436
vt 0.004762 0.972436
vt 0.889601 0.986197
vt 0.004763 0.986197
vt -0.631646 0.926587
vt 0.601453 0.926587
vt -0.645484 0.940313
vt 0.615292 0.940313
vt 0.601453 0.926587
vt -0.631646 0.926587
vt 0.601482 0.914143
vt -0.631675 0.914144
vt 0.109870 0.923907
vt 0.910102 0.923907
vt 0.152125 0.972655
vt 0.867847 0.972655
vt 0.236654 0.925263
vt 0.248594 0.937134
vt -0.453300 0.925263
vt -0.465240 0.937134
vt -0.202049 0.972655
vt 1.055514 0.972655
vt -0.202049 0.994607
vt 1.055514 0.994607
vt -0.440346 0.994607
vt -0.440346 0.972655
vt 0.275376 0.994607
vt 0.275376 0.972655
vt -0.250743 0.893591
vt 1.104209 0.893591
vt -0.250743 0.923960
vt 1.104209 0.923960
vt 1.104209 0.923960
vt 1.055514 0.972655
vt -0.250743 0.923960
vt -0.202049 0.972655
vt -0.482601 0.923907
vt 0.317631 0.923907
vt -0.440346 0.972655
vt 0.275376 0.972655
vt 0.317631 0.923907
vt -0.482601 0.923907
vt 0.317631 0.895888
vt -0.482601 0.895888
vt 0.889601 0.908930
vt 0.004763 0.908930
vt 0.889602 0.922691
vt 0.004762 0.922691
vt 0.829125 0.925263
vt 0.841065 0.937134
vt 0.139171 0.925263
vt 0.127231 0.937134
vt 0.889602 0.922691
vt 0.004762 0.922691
vt 0.889602 0.972436
vt 0.004762 0.972436
vt 0.152125 0.994607
vt 0.152125 0.972655
vt 0.867847 0.994607
vt 0.867847 0.972655
vt 0.035585 0.926587
vt 1.268683 0.926587
vt 0.021746 0.940313
vt 1.282522 0.940313
vt 0.465182 0.972655
vt 1.722745 0.972655
vt 0.465182 0.994607
vt 1.722745 0.994607
vt 0.416487 0.893591
vt 1.771440 0.884317
vt 0.416487 0.923960
vt 1.771440 0.923960
vt 1.771440 0.923960
vt 1.722745 0.972655
vt 0.416487 0.923960
vt 0.465182 0.972655
vt 0.889602 0.972436
vt 0.004762 0.972436
vt 0.889601 0.986197
vt 0.004763 0.986197
vt 0.910102 0.923907
vt 0.109870 0.923907
vt 0.910102 0.895888
vt 0.109870 0.895888
vt -0.631646 0.926587
vt 0.601453 0.926587
vt -0.645484 0.940313
vt 0.615292 0.940313
vt 0.139171 0.925263
vt 0.139151 0.914518
vt 0.829125 0.925263
vt 0.829144 0.914518
vt 0.109870 0.923907
vt 0.910102 0.923907
vt 0.152125 0.972655
vt 0.867847 0.972655
vt -0.453300 0.925263
vt -0.453319 0.914518
vt 0.236654 0.925263
vt 0.236674 0.914518
vt 0.236654 0.925263
vt 0.248594 0.937134
vt -0.453300 0.925263
vt -0.465240 0.937134
vt -0.202049 0.972655
vt 1.055514 0.972655
vt -0.202049 0.994607
vt 1.055514 0.994607
vt -0.440346 0.994607
vt -0.440346 0.972655
vt 0.275376 0.994607
vt 0.275376 0.972655
vt -0.250743 0.893591
vt 1.104209 0.893591
vt -0.250743 0.923960
vt 1.104209 0.923960
vt 1.104209 0.923960
vt 1.055514 0.972655
vt -0.250743 0.923960
vt -0.202049 0.972655
vt -0.482601 0.923907
vt 0.317631 0.923907
vt -0.440346 0.972655
vt 0.275376 0.972655
vt 0.317631 0.923907
vt -0.482601 0.923907
vt 0.317631 0.895888
vt -0.482601 0.895888
vt 0.889601 0.908930
vt 0.004763 0.908930
vt 0.889602 0.922691
vt 0.004762 0.922691
vt 0.829125 0.925263
vt 0.841065 0.937134
vt 0.139171 0.925263
vt 0.127231 0.937134
vt 0.889602 0.922691
vt 0.004762 0.922691
vt 0.889602 0.972436
vt 0.004762 0.972436
vt 0.152125 0.994607
vt 0.152125 0.972655
vt 0.867847 0.994607
vt 0.867847 0.972655
vt 0.035585 0.926587
vt 1.268683 0.926587
vt 0.021746 0.940313
vt 1.282522 0.940313
vt 1.268683 0.926587
vt 0.035585 0.926587
vt 1.268712 0.914143
vt 0.035556 0.914144
vt 0.465182 0.972655
vt 1.722745 0.972655
vt 0.465182 0.994607
vt 1.722745 0.994607
vt 0.416487 0.893591
vt 1.771440 0.884317
vt 0.416487 0.923960
vt 1.771440 0.923960
vt 1.771440 0.923960
vt 1.722745 0.972655
vt 0.416487 0.923960
vt 0.465182 0.972655
vt 0.889602 0.972436
vt 0.004762 0.972436
vt 0.889601 0.986197
vt 0.004763 0.986197
vt 0.910102 0.923907
vt 0.109870 0.923907
vt 0.910102 0.895888
vt 0.109870 0.895888
vt -0.631646 0.926587
vt 0.601453 0.926587
vt -0.645484 0.940313
vt 0.615292 0.940313
vt 0.139171 0.925263
vt 0.139151 0.914518
vt 0.829125 0.925263
vt 0.829144 0.914518
vt 0.109870 0.923907
vt 0.910102 0.923907
vt 0.152125 0.972655
vt 0.867847 0.972655
vt -0.453300 0.925263
vt -0.453319 0.914518
vt 0.236654 0.925263
vt 0.236674 0.914518
vt 0.236654 0.925263
vt 0.248594 0.937134
vt -0.453300 0.925263
vt -0.465240 0.937134
vt -0.202049 0.972655
vt 1.055514 0.972655
vt -0.202049 0.994607
vt 1.055514 0.994607
vt -0.440346 0.994607
vt -0.440346 0.972655
vt 0.275376 0.994607
vt 0.275376 0.972655
vt -0.250743 0.893591
vt 1.104209 0.893591
vt -0.250743 0.923960
vt 1.104209 0.923960
vt 1.104209 0.923960
vt 1.055514 0.972655
vt -0.250743 0.923960
vt -0.202049 0.972655
vt -0.482601 0.923907
vt 0.317631 0.923907
vt -0.440346 0.972655
vt 0.275376 0.972655
vt 0.317631 0.923907
vt -0.482601 0.923907
vt 0.317631 0.895888
vt -0.482601 0.895888
vt 0.889601 0.908930
vt 0.004763 0.908930
vt 0.889602 0.922691
vt 0.004762 0.922691
vt 0.829125 0.925263
vt 0.841065 0.937134
vt 0.139171 0.925263
vt 0.127231 0.937134
vt 0.889602 0.922691
vt 0.004762 0.922691
vt 0.889602 0.972436
vt 0.004762 0.972436
vt 0.152125 0.994607
vt 0.152125 0.972655
vt 0.867847 0.994607
vt 0.867847 0.972655
vt 0.035585 0.926587
vt 1.268683 0.926587
vt 0.021746 0.940313
vt 1.282522 0.940313
vt 0.465182 0.972655
vt 1.722745 0.972655
vt 0.465182 0.994607
vt 1.722745 0.994607
vt 1.771440 0.923960
vt 1.722745 0.972655
vt 0.416487 0.923960
vt 0.465182 0.972655
vt 0.889602 0.972436
vt 0.004762 0.972436
vt 0.889601 0.986197
vt 0.004763 0.986197
vt 0.910102 0.923907
vt 0.109870 0.923907
vt 0.910102 0.895888
vt 0.109870 0.895888
vt -0.631646 0.926587
vt 0.601453 0.926587
vt -0.645484 0.940313
vt 0.615292 0.940313
vt 0.139171 0.925263
vt 0.139151 0.914518
vt 0.829125 0.925263
vt 0.829144 0.914518
vt 0.109870 0.923907
vt 0.910102 0.923907
vt 0.152125 0.972655
vt 0.867847 0.972655
vt 0.236654 0.925263
vt 0.248594 0.937134
vt -0.453300 0.925263
vt -0.465240 0.937134
vt -0.202049 0.972655
vt 1.055514 0.972655
vt -0.202049 0.994607
vt 1.055514 0.994607
vt -0.440346 0.994607
vt -0.440346 0.972655
vt 0.275376 0.994607
vt 0.275376 0.972655
vt -0.250743 0.893591
vt 1.104209 0.893591
vt -0.250743 0.923960
vt 1.104209 0.923960
vt 1.104209 0.923960
vt 1.055514 0.972655
vt -0.250743 0.923960
vt -0.202049 0.972655
vt -0.482601 0.923907
vt 0.317631 0.923907
vt -0.440346 0.972655
vt 0.275376 0.972655
vt 0.317631 0.923907
vt -0.482601 0.923907
vt 0.317631 0.895888
vt -0.482601 0.895888
vt 0.889601 0.908930
vt 0.004763 0.908930
vt 0.889602 0.922691
vt 0.004762 0.922691
vt 0.829125 0.925263
vt 0.841065 0.937134
vt 0.139171 0.925263
vt 0.127231 0.937134
vt 0.889602 0.922691
vt 0.004762 0.922691
vt 0.889602 0.972436
vt 0.004762 0.972436
vt 0.152125 0.994607
vt 0.152125 0.972655
vt 0.867847 0.994607
vt 0.867847 0.972655
vt 0.035585 0.926587
vt 1.268683 0.926587
vt 0.021746 0.940313
vt 1.282522 0.940313
vt 0.465182 0.972655
vt 1.722745 0.972655
vt 0.465182 0.994607
vt 1.722745 0.994607
vt 0.416487 0.893591
vt 1.771440 0.884317
vt 0.416487 0.923960
vt 1.771440 0.923960
vt 1.771440 0.923960
vt 1.722745 0.972655
vt 0.416487 0.923960
vt 0.465182 0.972655
vt 0.889602 0.972436
vt 0.004762 0.972436
vt 0.889601 0.986197
vt 0.004763 0.986197
vt -0.631646 0.926587
vt 0.601453 0.926587
vt -0.645484 0.940313
vt 0.615292 0.940313
vt 0.109870 0.923907
vt 0.910102 0.923907
vt 0.152125 0.972655
vt 0.867847 0.972655
vt 0.236654 0.925263
vt 0.248594 0.937134
vt -0.453300 0.925263
vt -0.465240 0.937134
vt -0.202049 0.972655
vt 1.055514 0.972655
vt -0.202049 0.994607
vt 1.055514 0.994607
vt -0.440346 0.994607
vt -0.440346 0.972655
vt 0.275376 0.994607
vt 0.275376 0.972655
vt -0.250743 0.893591
vt 1.104209 0.893591
vt -0.250743 0.923960
vt 1.104209 0.923960
vt 1.104209 0.923960
vt 1.055514 0.972655
vt -0.250743 0.923960
vt -0.202049 0.972655
vt -0.482601 0.923907
vt 0.317631 0.923907
vt -0.440346 0.972655
vt 0.275376 0.972655
vt 0.317631 0.923907
vt -0.482601 0.923907
vt 0.317631 0.895888
vt -0.482601 0.895888
vt 0.889601 0.908930
vt 0.004763 0.908930
vt 0.889602 0.922691
vt 0.004762 0.922691
vt 0.829125 0.925263
vt 0.841065 0.937134
vt 0.139171 0.925263
vt 0.127231 0.937134
vt 0.889602 0.922691
vt 0.004762 0.922691
vt 0.889602 0.972436
vt 0.004762 0.972436
vt 0.152125 0.994607
vt 0.152125 0.972655
vt 0.867847 0.994607
vt 0.867847 0.972655
vt 0.035585 0.926587
vt 1.268683 0.926587
vt 0.021746 0.940313
vt 1.282522 0.940313
vt 0.465182 0.972655
vt 1.722745 0.972655
vt 0.465182 0.994607
vt 1.722745 0.994607
vt 1.771440 0.923960
vt 1.722745 0.972655
vt 0.416487 0.923960
vt 0.465182 0.972655
vt 0.889602 0.972436
vt 0.004762 0.972436
vt 0.889601 0.986197
vt 0.004763 0.986197
vt -0.631646 0.926587
vt 0.601453 0.926587
vt -0.645484 0.940313
vt 0.615292 0.940313
vt 0.601453 0.926587
vt -0.631646 0.926587
vt 0.601482 0.914143
vt -0.631675 0.914144
vt 0.109870 0.923907
vt 0.910102 0.923907
vt 0.152125 0.972655
vt 0.867847 0.972655
vt 0.236654 0.925263
vt 0.248594 0.937134
vt -0.453300 0.925263
vt -0.465240 0.937134
vt -0.202049 0.972655
vt 1.055514 0.972655
vt -0.202049 0.994607
vt 1.055514 0.994607
vt -0.440346 0.994607
vt -0.440346 0.972655
vt 0.275376 0.994607
vt 0.275376 0.972655
vt -0.250743 0.893591
vt 1.104209 0.893591
vt -0.250743 0.923960
vt 1.104209 0.923960
vt 1.104209 0.923960
vt 1.055514 0.972655
vt -0.250743 0.923960
vt -0.202049 0.972655
vt -0.482601 0.923907
vt 0.317631 0.923907
vt -0.440346 0.972655
vt 0.275376 0.972655
vt 0.317631 0.923907
vt -0.482601 0.923907
vt 0.317631 0.895888
vt -0.482601 0.895888
vt 0.889601 0.908930
vt 0.004763 0.908930
vt 0.889602 0.922691
vt 0.004762 0.922691
vt 0.829125 0.925263
vt 0.841065 0.937134
vt 0.139171 0.925263
vt 0.127231 0.937134
vt 0.889602 0.922691
vt 0.004762 0.922691
vt 0.889602 0.972436
vt 0.004762 0.972436
vt 0.152125 0.994607
vt 0.152125 0.972655
vt 0.867847 0.994607
vt 0.867847 0.972655
vt 0.035585 0.926587
vt 1.268683 0.926587
vt 0.021746 0.940313
vt 1.282522 0.940313
vt 0.465182 0.972655
vt 1.722745 0.972655
vt 0.465182 0.994607
vt 1.722745 0.994607
vt 0.416487 0.893591
vt 1.771440 0.884317
vt 0.416487 0.923960
vt 1.771440 0.923960
vt 1.771440 0.923960
vt 1.722745 0.972655
vt 0.416487 0.923960
vt 0.465182 0.972655
vt 0.889602 0.972436
vt 0.004762 0.972436
vt 0.889601 0.986197
vt 0.004763 0.986197
vt 0.910102 0.923907
vt 0.109870 0.923907
vt 0.910102 0.895888
vt 0.109870 0.895888
vt -0.631646 0.926587
vt 0.601453 0.926587
vt -0.645484 0.940313
vt 0.615292 0.940313
vt 0.139171 0.925263
vt 0.139151 0.914518
vt 0.829125 0.925263
vt 0.829144 0.914518
vt 0.109870 0.923907
vt 0.910102 0.923907
vt 0.152125 0.972655
vt 0.867847 0.972655
vt -0.453300 0.925263
vt -0.453319 0.914518
vt 0.236654 0.925263
vt 0.236674 0.914518
vt 0.236654 0.925263
vt 0.248594 0.937134
vt -0.453300 0.925263
vt -0.465240 0.937134
vt -0.202049 0.972655
vt 1.055514 0.972655
vt -0.202049 0.994607
vt 1.055514 0.994607
vt -0.440346 0.994607
vt -0.440346 0.972655
vt 0.275376 0.994607
vt 0.275376 0.972655
vt -0.250743 0.893591
vt 1.104209 0.893591
vt -0.250743 0.923960
vt 1.104209 0.923960
vt 1.104209 0.923960
vt 1.055514 0.972655
vt -0.250743 0.923960
vt -0.202049 0.972655
vt -0.482601 0.923907
vt 0.317631 0.923907
vt -0.440346 0.972655
vt 0.275376 0.972655
vt 0.317631 0.923907
vt -0.482601 0.923907
vt 0.317631 0.895888
vt -0.482601 0.895888
vt 0.889601 0.908930
vt 0.004763 0.908930
vt 0.889602 0.922691
vt 0.004762 0.922691
vt 0.829125 0.925263
vt 0.841065 0.937134
vt 0.139171 0.925263
vt 0.127231 0.937134
vt 0.889602 0.922691
vt 0.004762 0.922691
vt 0.889602 0.972436
vt 0.004762 0.972436
vt 0.152125 0.994607
vt 0.152125 0.972655
vt 0.867847 0.994607
vt 0.867847 0.972655
vt 0.035585 0.926587
vt 1.268683 0.926587
vt 0.021746 0.940313
vt 1.282522 0.940313
vt 1.268683 0.926587
vt 0.035585 0.926587
vt 1.268712 0.914143
vt 0.035556 0.914144
vt 0.465182 0.972655
vt 1.722745 0.972655
vt 0.465182 0.994607
vt 1.722745 0.994607
vt 0.672411 0.011557
vt 0.672411 0.026619
vt 0.623941 0.011557
vt 0.623941 0.026619
vt 0.828094 0.141325
vt 0.748649 0.141325
vt 0.828094 0.111329
vt 0.748649 0.111329
vt 0.949694 0.311050
vt 1.000341 0.311050
vt 0.949694 0.437583
vt 1.000341 0.437583
vt 1.002200 0.212108
vt 1.002200 0.232123
vt 0.002200 0.212108
vt 0.002200 0.232123
vt 0.950235 0.309564
vt 1.000849 0.309564
vt 0.950235 0.437637
vt 1.000849 0.437637
vt 0.108297 0.232123
vt 0.002200 0.232123
vt 0.108297 0.212108
vt 0.002200 0.212108
vt 1.002200 0.212108
vt 1.002200 0.232123
vt 0.291736 0.212108
vt 0.291736 0.232123
vt 0.513703 0.279641
vt 0.524124 0.279642
vt 0.513703 0.296049
vt 0.524124 0.296050
vt 0.950435 0.310060
vt 1.000640 0.310060
vt 0.950435 0.438132
vt 1.000640 0.438132
vt 0.002200 0.316356
vt 0.002200 0.448318
vt 1.002200 0.316356
vt 1.002200 0.448318
vt 0.123716 0.466357
vt 0.123716 0.510915
vt 0.003834 0.466357
vt 0.003834 0.510915
vt 1.002200 0.350638
vt 0.002200 0.350638
vt 1.002200 0.325514
vt 0.002200 0.325514
vt 0.123716 0.466357
vt 0.123716 0.510915
vt 0.003834 0.466357
vt 0.003834 0.510915
vt 1.002200 0.325514
vt 1.002200 0.350638
vt 0.002200 0.325514
vt 0.002200 0.350638
vt 1.002200 0.448318
vt 0.002200 0.448318
vt 1.002200 0.316356
vt 0.002200 0.316356
vt 0.006814 0.109228
vt 0.006814 0.129243
vt 1.006814 0.109228
vt 1.006814 0.129243
vt 0.748649 0.199117
vt 0.828094 0.199117
vt 0.748649 0.208598
vt 0.828094 0.208598
vt 0.950435 0.310060
vt 1.000640 0.310060
vt 0.950435 0.438132
vt 1.000640 0.438132
vt 0.118381 0.026362
vt 0.002200 0.026362
vt 0.118381 0.006347
vt 0.002200 0.006347
vt 0.002200 0.316356
vt 0.002200 0.448318
vt 1.002200 0.316356
vt 1.002200 0.448318
vt 0.123716 0.466357
vt 0.123716 0.510915
vt 0.003834 0.466357
vt 0.003834 0.510915
vt 1.002200 0.399211
vt 0.002200 0.399211
vt 1.002200 0.374087
vt 0.002200 0.374087
vt 0.123716 0.466357
vt 0.123716 0.510915
vt 0.003834 0.466357
vt 0.003834 0.510915
vt 1.002200 0.374087
vt 1.002200 0.399211
vt 0.002200 0.374087
vt 0.002200 0.399211
vt 1.002200 0.448318
vt 0.002200 0.448318
vt 1.002200 0.316356
vt 0.002200 0.316356
vt 0.002200 0.316356
vt 0.002200 0.448318
vt 1.002200 0.316356
vt 1.002200 0.448318
vt 0.123716 0.466357
vt 0.123716 0.510915
vt 0.003834 0.466357
vt 0.003834 0.510915
vt 1.002200 0.399211
vt 0.002200 0.399211
vt 1.002200 0.374087
vt 0.002200 0.374087
vt 0.999681 0.345195
vt 0.999681 0.356989
vt 0.951216 0.345195
vt 0.951216 0.356989
vt 0.951216 0.356989
vt 0.999681 0.356989
vt 0.951216 0.374640
vt 0.999681 0.374640
vt 0.951216 0.374640
vt 0.999681 0.374640
vt 0.951216 0.388465
vt 0.999681 0.388465
vt 0.951216 0.388465
vt 0.999681 0.388465
vt 0.951216 0.408987
vt 0.999681 0.408987
vt 0.999681 0.408987
vt 0.999681 0.436351
vt 0.951216 0.408987
vt 0.951216 0.436351
vt -0.440346 0.828682
vt 0.275376 0.828682
vt -0.440346 0.775194
vt 0.275376 0.775194
vt 0.465182 0.775194
vt 0.465182 0.828682
vt 1.722745 0.775194
vt 1.722745 0.828682
vt -0.202049 0.775194
vt -0.202049 0.828682
vt 1.055514 0.775194
vt 1.055514 0.828682
vt 0.152125 0.828682
vt 0.867847 0.828682
vt 0.152125 0.775194
vt 0.867847 0.775194
vt -0.440346 0.828682
vt -0.440346 0.775194
vt 0.275376 0.828682
vt 0.275376 0.775194
vt 0.465182 0.775194
vt 1.722745 0.775194
vt 0.465182 0.828682
vt 1.722745 0.828682
vt -0.202049 0.775194
vt 1.055514 0.775194
vt -0.202049 0.828682
vt 1.055514 0.828682
vt 0.152125 0.828682
vt 0.152125 0.775194
vt 0.867847 0.828682
vt 0.867847 0.775194
vt -0.440346 0.828682
vt -0.440346 0.775194
vt 0.275376 0.828682
vt 0.275376 0.775194
vt 0.465182 0.775194
vt 1.722745 0.775194
vt 0.465182 0.828682
vt 1.722745 0.828682
vt -0.202049 0.775194
vt 1.055514 0.775194
vt -0.202049 0.828682
vt 1.055514 0.828682
vt 0.152125 0.828682
vt 0.152125 0.775194
vt 0.867847 0.828682
vt 0.867847 0.775194
vt -0.440346 0.828682
vt -0.440346 0.775194
vt 0.275376 0.828682
vt 0.275376 0.775194
vt 0.465182 0.775194
vt 1.722745 0.775194
vt 0.465182 0.828682
vt 1.722745 0.828682
vt -0.202049 0.775194
vt 1.055514 0.775194
vt -0.202049 0.828682
vt 1.055514 0.828682
vt 0.152125 0.828682
vt 0.152125 0.775194
vt 0.867847 0.828682
vt 0.867847 0.775194
vt -0.440346 0.828682
vt -0.440346 0.775194
vt 0.275376 0.828682
vt 0.275376 0.775194
vt 0.465182 0.775194
vt 1.722745 0.775194
vt 0.465182 0.828682
vt 1.722745 0.828682
vt -0.202049 0.775194
vt 1.055514 0.775194
vt -0.202049 0.828682
vt 1.055514 0.828682
vt 0.152125 0.828682
vt 0.152125 0.775194
vt 0.867847 0.828682
vt 0.867847 0.775194
vt -0.440346 0.828682
vt 0.275376 0.828682
vt -0.440346 0.775194
vt 0.275376 0.775194
vt 0.465182 0.775194
vt 0.465182 0.828682
vt 1.722745 0.775194
vt 1.722745 0.828682
vt -0.202049 0.775194
vt -0.202049 0.828682
vt 1.055514 0.775194
vt 1.055514 0.828682
vt 0.152125 0.828682
vt 0.867847 0.828682
vt 0.152125 0.775194
vt 0.867847 0.775194
vt -0.440346 0.828682
vt -0.440346 0.775194
vt 0.275376 0.828682
vt 0.275376 0.775194
vt 0.465182 0.775194
vt 1.722745 0.775194
vt 0.465182 0.828682
vt 1.722745 0.828682
vt -0.202049 0.775194
vt 1.055514 0.775194
vt -0.202049 0.828682
vt 1.055514 0.828682
vt 0.152125 0.828682
vt 0.152125 0.775194
vt 0.867847 0.828682
vt 0.867847 0.775194
vt -0.440346 0.828682
vt -0.440346 0.775194
vt 0.275376 0.828682
vt 0.275376 0.775194
vt 0.465182 0.775194
vt 1.722745 0.775194
vt 0.465182 0.828682
vt 1.722745 0.828682
vt -0.202049 0.775194
vt 1.055514 0.775194
vt -0.202049 0.828682
vt 1.055514 0.828682
vt 0.152125 0.828682
vt 0.152125 0.775194
vt 0.867847 0.828682
vt 0.867847 0.775194
vt -0.440346 0.828682
vt -0.440346 0.775194
vt 0.275376 0.828682
vt 0.275376 0.775194
vt 0.465182 0.775194
vt 1.722745 0.775194
vt 0.465182 0.828682
vt 1.722745 0.828682
vt -0.202049 0.775194
vt 1.055514 0.775194
vt -0.202049 0.828682
vt 1.055514 0.828682
vt 0.152125 0.828682
vt 0.152125 0.775194
vt 0.867847 0.828682
vt 0.867847 0.775194
vt -0.440346 0.828682
vt -0.440346 0.775194
vt 0.275376 0.828682
vt 0.275376 0.775194
vt 0.465182 0.775194
vt 1.722745 0.775194
vt 0.465182 0.828682
vt 1.722745 0.828682
vt -0.202049 0.775194
vt 1.055514 0.775194
vt -0.202049 0.828682
vt 1.055514 0.828682
vt 0.152125 0.828682
vt 0.152125 0.775194
vt 0.867847 0.828682
vt 0.867847 0.775194
vt -0.440346 0.828682
vt 0.275376 0.828682
vt -0.440346 0.775194
vt 0.275376 0.775194
vt 0.465182 0.775194
vt 0.465182 0.828682
vt 1.722745 0.775194
vt 1.722745 0.828682
vt -0.202049 0.775194
vt -0.202049 0.828682
vt 1.055514 0.775194
vt 1.055514 0.828682
vt 0.152125 0.828682
vt 0.867847 0.828682
vt 0.152125 0.775194
vt 0.867847 0.775194
vt -0.440346 0.828682
vt 0.275376 0.828682
vt -0.440346 0.775194
vt 0.275376 0.775194
vt 0.465182 0.775194
vt 0.465182 0.828682
vt 1.722745 0.775194
vt 1.722745 0.828682
vt -0.202049 0.775194
vt -0.202049 0.828682
vt 1.055514 0.775194
vt 1.055514 0.828682
vt 0.152125 0.828682
vt 0.867847 0.828682
vt 0.152125 0.775194
vt 0.867847 0.775194
vt 1.771440 0.923960
vt 1.722745 0.972655
vt 0.416487 0.923960
vt 0.465182 0.972655
vt 0.109870 0.923907
vt 0.910102 0.923907
vt 0.152125 0.972655
vt 0.867847 0.972655
vt 1.104209 0.923960
vt 1.055514 0.972655
vt -0.250743 0.923960
vt -0.202049 0.972655
vt -0.482601 0.923907
vt 0.317631 0.923907
vt -0.440346 0.972655
vt 0.275376 0.972655
vt 0.889602 0.922691
vt 0.004762 0.922691
vt 0.889602 0.972436
vt 0.004762 0.972436
vt 1.771440 0.923960
vt 1.722745 0.972655
vt 0.416487 0.923960
vt 0.465182 0.972655
vt 0.109870 0.923907
vt 0.910102 0.923907
vt 0.152125 0.972655
vt 0.867847 0.972655
vt 1.104209 0.923960
vt 1.055514 0.972655
vt -0.250743 0.923960
vt -0.202049 0.972655
vt -0.482601 0.923907
vt 0.317631 0.923907
vt -0.440346 0.972655
vt 0.275376 0.972655
vt 0.889602 0.922691
vt 0.004762 0.922691
vt 0.889602 0.972436
vt 0.004762 0.972436
vt 1.771440 0.923960
vt 1.722745 0.972655
vt 0.416487 0.923960
vt 0.465182 0.972655
vt 0.109870 0.923907
vt 0.910102 0.923907
vt 0.152125 0.972655
vt 0.867847 0.972655
vt 1.104209 0.923960
vt 1.055514 0.972655
vt -0.250743 0.923960
vt -0.202049 0.972655
vt -0.482601 0.923907
vt 0.317631 0.923907
vt -0.440346 0.972655
vt 0.275376 0.972655
vt 0.889602 0.922691
vt 0.004762 0.922691
vt 0.889602 0.972436
vt 0.004762 0.972436
vt 1.771440 0.923960
vt 1.722745 0.972655
vt 0.416487 0.923960
vt 0.465182 0.972655
vt 0.109870 0.923907
vt 0.910102 0.923907
vt 0.152125 0.972655
vt 0.867847 0.972655
vt 1.104209 0.923960
vt 1.055514 0.972655
vt -0.250743 0.923960
vt -0.202049 0.972655
vt -0.482601 0.923907
vt 0.317631 0.923907
vt -0.440346 0.972655
vt 0.275376 0.972655
vt 0.889602 0.922691
vt 0.004762 0.922691
vt 0.889602 0.972436
vt 0.004762 0.972436
vt 1.771440 0.923960
vt 1.722745 0.972655
vt 0.416487 0.923960
vt 0.465182 0.972655
vt 0.109870 0.923907
vt 0.910102 0.923907
vt 0.152125 0.972655
vt 0.867847 0.972655
vt 1.104209 0.923960
vt 1.055514 0.972655
vt -0.250743 0.923960
vt -0.202049 0.972655
vt -0.482601 0.923907
vt 0.317631 0.923907
vt -0.440346 0.972655
vt 0.275376 0.972655
vt 0.889602 0.922691
vt 0.004762 0.922691
vt 0.889602 0.972436
vt 0.004762 0.972436
vt 0.465182 0.972655
vt 1.722745 0.972655
vt 0.416487 0.923960
vt 1.771440 0.923960
vt 0.867847 0.972655
vt 0.910102 0.923907
vt 0.152125 0.972655
vt 0.109870 0.923907
vt -0.202049 0.972655
vt 1.055514 0.972655
vt -0.250743 0.923960
vt 1.104209 0.923960
vt 0.275376 0.972655
vt 0.317631 0.923907
vt -0.440346 0.972655
vt -0.482601 0.923907
vt 0.004762 0.972436
vt 0.004762 0.922691
vt 0.889602 0.972436
vt 0.889602 0.922691
vt 0.465182 0.972655
vt 1.722745 0.972655
vt 0.416487 0.923960
vt 1.771440 0.923960
vt 0.867847 0.972655
vt 0.910102 0.923907
vt 0.152125 0.972655
vt 0.109870 0.923907
vt -0.202049 0.972655
vt 1.055514 0.972655
vt -0.250743 0.923960
vt 1.104209 0.923960
vt 0.275376 0.972655
vt 0.317631 0.923907
vt -0.440346 0.972655
vt -0.482601 0.923907
vt 0.004762 0.972436
vt 0.004762 0.922691
vt 0.889602 0.972436
vt 0.889602 0.922691
vt 0.465182 0.972655
vt 1.722745 0.972655
vt 0.416487 0.923960
vt 1.771440 0.923960
vt 0.867847 0.972655
vt 0.910102 0.923907
vt 0.152125 0.972655
vt 0.109870 0.923907
vt -0.202049 0.972655
vt 1.055514 0.972655
vt -0.250743 0.923960
vt 1.104209 0.923960
vt 0.275376 0.972655
vt 0.317631 0.923907
vt -0.440346 0.972655
vt -0.482601 0.923907
vt 0.004762 0.972436
vt 0.004762 0.922691
vt 0.889602 0.972436
vt 0.889602 0.922691
vt 0.465182 0.972655
vt 1.722745 0.972655
vt 0.416487 0.923960
vt 1.771440 0.923960
vt 0.867847 0.972655
vt 0.910102 0.923907
vt 0.152125 0.972655
vt 0.109870 0.923907
vt -0.202049 0.972655
vt 1.055514 0.972655
vt -0.250743 0.923960
vt 1.104209 0.923960
vt 0.275376 0.972655
vt 0.317631 0.923907
vt -0.440346 0.972655
vt -0.482601 0.923907
vt 0.004762 0.972436
vt 0.004762 0.922691
vt 0.889602 0.972436
vt 0.889602 0.922691
vt 0.465182 0.972655
vt 1.722745 0.972655
vt 0.416487 0.923960
vt 1.771440 0.923960
vt 0.867847 0.972655
vt 0.910102 0.923907
vt 0.152125 0.972655
vt 0.109870 0.923907
vt -0.202049 0.972655
vt 1.055514 0.972655
vt -0.250743 0.923960
vt 1.104209 0.923960
vt 0.275376 0.972655
vt 0.317631 0.923907
vt -0.440346 0.972655
vt -0.482601 0.923907
vt 0.004762 0.972436
vt 0.004762 0.922691
vt 0.889602 0.972436
vt 0.889602 0.922691
vt 0.465182 0.972655
vt 1.722745 0.972655
vt 0.416487 0.923960
vt 1.771440 0.923960
vt 0.867847 0.972655
vt 0.910102 0.923907
vt 0.152125 0.972655
vt 0.109870 0.923907
vt -0.202049 0.972655
vt 1.055514 0.972655
vt -0.250743 0.923960
vt 1.104209 0.923960
vt 0.275376 0.972655
vt 0.317631 0.923907
vt -0.440346 0.972655
vt -0.482601 0.923907
vt 0.004762 0.972436
vt 0.004762 0.922691
vt 0.889602 0.972436
vt 0.889602 0.922691
vt 0.465182 0.972655
vt 1.722745 0.972655
vt 0.416487 0.923960
vt 1.771440 0.923960
vt 0.867847 0.972655
vt 0.910102 0.923907
vt 0.152125 0.972655
vt 0.109870 0.923907
vt -0.202049 0.972655
vt 1.055514 0.972655
vt -0.250743 0.923960
vt 1.104209 0.923960
vt 0.275376 0.972655
vt 0.317631 0.923907
vt -0.440346 0.972655
vt -0.482601 0.923907
vt 0.004762 0.972436
vt 0.004762 0.922691
vt 0.889602 0.972436
vt 0.889602 0.922691
vt 1.253598 0.679047
vt 0.000000 0.679047
vt 1.253598 0.608131
vt 0.000000 0.608131
vt 0.000000 0.762678
vt 0.000000 0.679047
vt 1.253599 0.762678
vt 1.253598 0.679047
vt 0.131341 0.462908
vt 0.131341 0.510238
vt 0.259907 0.462908
vt 0.259907 0.510238
vt 0.281355 0.760474
vt 0.281355 0.678837
vt 1.113094 0.760474
vt 1.113094 0.678837
vt 0.281355 0.829021
vt 0.281355 0.760474
vt 1.113094 0.829021
vt 1.113094 0.760474
vt 1.253598 0.525354
vt 1.253598 0.593175
vt 0.000000 0.525354
vt 0.000000 0.593175
vt 1.253598 0.593175
vt 1.253599 0.679047
vt 0.000000 0.593175
vt 0.000000 0.679047
vt 1.253598 0.679047
vt 0.000000 0.679047
vt 1.253598 0.593175
vt 0.000000 0.593175
vt 0.000000 0.762678
vt 0.000000 0.679047
vt 1.253599 0.762678
vt 1.253598 0.679047
vt 0.281355 0.760474
vt 0.281355 0.678837
vt 1.113094 0.760474
vt 1.113094 0.678837
vt 1.253598 0.515696
vt 1.253598 0.593175
vt 0.000000 0.515696
vt 0.000000 0.593175
vt 1.253598 0.593175
vt 1.253599 0.679047
vt 0.000000 0.593175
vt 0.000000 0.679047
vt 0.000000 0.762678
vt 0.000000 0.679047
vt 1.253599 0.762678
vt 1.253598 0.679047
vt 0.281355 0.760474
vt 0.281355 0.678837
vt 1.113094 0.760474
vt 1.113094 0.678837
vt 1.253598 0.593175
vt 1.253599 0.679047
vt 0.000000 0.593175
vt 0.000000 0.679047
vt 0.000736 0.760466
vt 5.422058 0.760466
vt 0.000708 0.830910
vt 5.422083 0.830906
vt 0.000708 0.750248
vt 5.422082 0.750252
vt 0.000736 0.760466
vt 5.422058 0.760466
vt 0.000736 0.760466
vt 5.422058 0.760466
vt 0.000708 0.830910
vt 5.422083 0.830906
vt 0.000708 0.750248
vt 5.422082 0.750252
vt 0.000736 0.760466
vt 5.422058 0.760466
vt 2.841580 0.830908
vt 0.000708 0.830910
vt 2.841580 0.760466
vt 0.000736 0.760466
vt 2.841580 0.760466
vt 0.000736 0.760466
vt 2.841580 0.750250
vt 0.000708 0.750248
vt 2.581211 0.750250
vt 5.422082 0.750252
vt 2.581213 0.760466
vt 5.422058 0.760466
vt 2.581213 0.760466
vt 5.422058 0.760466
vt 2.581211 0.830908
vt 5.422083 0.830906
vt 2.841580 0.830908
vt 0.000708 0.830910
vt 2.841580 0.760466
vt 0.000736 0.760466
vt 2.841580 0.760466
vt 0.000736 0.760466
vt 2.841580 0.750250
vt 0.000708 0.750248
vt 2.581211 0.750250
vt 5.422082 0.750252
vt 2.581213 0.760466
vt 5.422058 0.760466
vt 2.581213 0.760466
vt 5.422058 0.760466
vt 2.581211 0.830908
vt 5.422083 0.830906
vt 0.000736 0.760466
vt 5.422058 0.760466
vt 0.000708 0.830910
vt 5.422083 0.830906
vt 0.000708 0.750248
vt 5.422082 0.750252
vt 0.000736 0.760466
vt 5.422058 0.760466
vt 0.000736 0.760466
vt 5.422058 0.760466
vt 0.000708 0.830910
vt 5.422083 0.830906
vt 0.000708 0.750248
vt 5.422082 0.750252
vt 0.000736 0.760466
vt 5.422058 0.760466
vt 2.841580 0.830908
vt 0.000708 0.830910
vt 2.841580 0.760466
vt 0.000736 0.760466
vt 2.841580 0.760466
vt 0.000736 0.760466
vt 2.841580 0.750250
vt 0.000708 0.750248
vt 4.236866 0.750251
vt 5.422082 0.750252
vt 4.236853 0.760466
vt 5.422058 0.760466
vt 4.236853 0.760466
vt 5.422058 0.760466
vt 4.236866 0.830906
vt 5.422083 0.830906
vt 2.841580 0.830908
vt 0.000708 0.830910
vt 2.841580 0.760466
vt 0.000736 0.760466
vt 2.841580 0.760466
vt 0.000736 0.760466
vt 2.841580 0.750250
vt 0.000708 0.750248
vt 4.210293 0.750251
vt 5.422082 0.750252
vt 4.210279 0.760466
vt 5.422058 0.760466
vt 4.210279 0.760466
vt 5.422058 0.760466
vt 4.210293 0.830907
vt 5.422083 0.830906
vt 3.766427 0.830907
vt 2.581211 0.830908
vt 3.766418 0.760466
vt 2.581213 0.760466
vt 3.766418 0.760466
vt 2.581213 0.760466
vt 3.766428 0.750250
vt 2.581211 0.750250
vt 3.793001 0.830907
vt 2.581211 0.830908
vt 3.792992 0.760466
vt 2.581213 0.760466
vt 3.792992 0.760466
vt 2.581213 0.760466
vt 3.793001 0.750250
vt 2.581211 0.750250
vt 0.732930 0.295197
vt 0.712664 0.300651
vt 0.002200 0.309939
vt 0.712664 0.309939
vt 0.896103 0.309939
vt 0.876391 0.303075
vt 1.002200 0.309939
vt 1.002200 0.204813
vt 0.002200 0.204813
vt 0.732930 0.295197
vt 0.712664 0.300651
vt 0.002200 0.309939
vt 0.712664 0.309939
vt 0.896103 0.309939
vt 0.876391 0.303075
vt 1.002200 0.309939
vt 1.002200 0.204813
vt 0.002200 0.204813
vt 0.732930 0.295197
vt 0.712664 0.300651
vt 0.002200 0.309939
vt 0.712664 0.309939
vt 0.896103 0.309939
vt 0.876391 0.303075
vt 1.002200 0.309939
vt 1.002200 0.204813
vt 0.002200 0.204813
vt 0.091784 0.125787
vt 0.111163 0.126106
vt 0.084762 0.132808
vt 0.006814 0.207058
vt 0.037578 0.134085
vt 0.013143 0.139829
vt 0.006814 0.145403
vt 0.091784 0.125787
vt 0.111163 0.126106
vt 0.084762 0.132808
vt 0.006814 0.207058
vt 0.037578 0.134085
vt 0.013143 0.139829
vt 0.006814 0.145403
vt 1.006814 0.207058
vt 0.111163 0.126106
vt 0.133912 0.109192
vt 0.113410 0.112384
vt 1.006814 0.129986
vt 0.994757 0.131027
vt 1.006814 0.101933
vt 0.985026 0.143213
vt 0.133912 0.101933
vt 0.991778 0.160137
vt 1.006814 0.178065
vt 1.006814 0.207058
vt 0.111163 0.126106
vt 0.133912 0.109192
vt 0.113410 0.112384
vt 1.006814 0.129986
vt 0.994757 0.131027
vt 1.006814 0.101933
vt 0.985026 0.143213
vt 0.133912 0.101933
vt 0.991778 0.160137
vt 1.006814 0.178065
vt 0.118381 -0.000948
vt 0.002200 -0.000948
vt 0.144056 0.008667
vt 0.002200 0.104177
vt 0.344066 0.008193
vt 0.118381 -0.000948
vt 0.002200 -0.000948
vt 0.144056 0.008667
vt 0.002200 0.104177
vt 0.344066 0.008193
vt -0.876916 0.772535
vt 0.725218 0.842233
vt 0.725405 0.773067
vt 0.891430 0.842288
vt 0.891616 0.773122
vt 0.891616 0.773122
vt 0.891430 0.842288
vt 0.725405 0.773067
vt 0.725218 0.842233
vt -0.877116 0.841704
vt 0.006814 0.145403
vt 0.006814 0.207058
vt 0.013143 0.139829
vt 0.084762 0.132808
vt 0.037578 0.134085
vt 0.091784 0.125787
vt 0.111163 0.126106
vt 1.006814 0.207058
vt 0.133912 0.109192
vt 0.113410 0.112384
vt 1.006814 0.129986
vt 1.006814 0.101933
vt 0.994757 0.131027
vt 0.985026 0.143213
vt 0.133912 0.101933
vt 0.991778 0.160137
vt 1.006814 0.178065
vt 0.006814 0.145403
vt 0.006814 0.207058
vt 0.013143 0.139829
vt 0.084762 0.132808
vt 0.037578 0.134085
vt 0.091784 0.125787
vt 0.111163 0.126106
vt 1.006814 0.207058
vt 0.133912 0.109192
vt 0.113410 0.112384
vt 1.006814 0.129986
vt 1.006814 0.101933
vt 0.994757 0.131027
vt 0.985026 0.143213
vt 0.133912 0.101933
vt 0.991778 0.160137
vt 1.006814 0.178065
vt 0.006814 0.145403
vt 0.006814 0.207058
vt 0.013143 0.139829
vt 0.084762 0.132808
vt 0.037578 0.134085
vt 0.091784 0.125787
vt 0.111163 0.126106
vt 1.006814 0.207058
vt 0.133912 0.109192
vt 0.113410 0.112384
vt 1.006814 0.178065
vt 0.991778 0.160137
vt 0.133912 0.101933
vt 0.985026 0.143213
vt 1.006814 0.101933
vt 0.994757 0.131027
vt 1.006814 0.129986
vt 0.006814 0.145403
vt 0.006814 0.207058
vt 0.013143 0.139829
vt 0.084762 0.132808
vt 0.037578 0.134085
vt 0.091784 0.125787
vt 0.111163 0.126106
vt 1.006814 0.207058
vt 0.133912 0.109192
vt 0.113410 0.112384
vt 1.006814 0.129986
vt 1.006814 0.101933
vt 0.994757 0.131027
vt 0.985026 0.143213
vt 0.133912 0.101933
vt 0.991778 0.160137
vt 1.006814 0.178065
vt 1.002200 -0.000948
vt 1.002200 0.104177
vt 0.407262 -0.000948
vt 0.344066 0.008193
vt 0.002200 0.104177
vt 0.144056 0.008667
vt 0.002200 -0.000948
vt 0.118381 -0.000948
vt 1.002200 -0.000948
vt 1.002200 0.104177
vt 0.407262 -0.000948
vt 0.344066 0.008193
vt 0.002200 0.104177
vt 0.144056 0.008667
vt 0.002200 -0.000948
vt 0.118381 -0.000948
vt 0.118381 -0.000948
vt 0.144056 0.008667
vt 0.002200 -0.000948
vt 0.002200 0.104177
vt 0.344066 0.008193
vt 1.002200 0.104177
vt 0.407262 -0.000948
vt 1.002200 -0.000948
vt 0.118381 -0.000948
vt 0.002200 -0.000948
vt 0.144056 0.008667
vt 0.002200 0.104177
vt 0.344066 0.008193
vt 1.002200 0.104177
vt 0.407262 -0.000948
vt 1.002200 -0.000948
vt 0.118381 -0.000948
vt 0.144056 0.008667
vt 0.002200 -0.000948
vt 0.002200 0.104177
vt 0.344066 0.008193
vt 1.002200 0.104177
vt 0.407262 -0.000948
vt 1.002200 -0.000948
vt 0.118381 -0.000948
vt 0.144056 0.008667
vt 0.002200 -0.000948
vt 0.002200 0.104177
vt 0.344066 0.008193
vt 1.002200 0.104177
vt 0.407262 -0.000948
vt 1.002200 -0.000948
vt 0.118381 -0.000948
vt 0.002200 -0.000948
vt 0.144056 0.008667
vt 0.002200 0.104177
vt 0.344066 0.008193
vt 1.002200 0.104177
vt 0.407262 -0.000948
vt 1.002200 -0.000948
vt 1.002200 -0.000948
vt 0.407262 -0.000948
vt 1.002200 0.104177
vt 0.344066 0.008193
vt 0.002200 0.104177
vt 0.144056 0.008667
vt 0.002200 -0.000948
vt 0.118381 -0.000948
vt 0.118381 -0.000948
vt 0.144056 0.008667
vt 0.002200 -0.000948
vt 0.002200 0.104177
vt 0.344066 0.008193
vt 1.002200 0.104177
vt 0.407262 -0.000948
vt 1.002200 -0.000948
vt 1.002200 -0.000948
vt 0.407262 -0.000948
vt 1.002200 0.104177
vt 0.344066 0.008193
vt 0.002200 0.104177
vt 0.144056 0.008667
vt 0.002200 -0.000948
vt 0.118381 -0.000948
vt 1.002200 -0.000948
vt 0.407262 -0.000948
vt 1.002200 0.104177
vt 0.344066 0.008193
vt 0.002200 0.104177
vt 0.144056 0.008667
vt 0.002200 -0.000948
vt 0.118381 -0.000948
vt 0.891616 0.773122
vt 0.891430 0.842288
vt 0.725405 0.773067
vt 0.725218 0.842233
vt -0.877116 0.841704
vt -0.876916 0.772535
vt -1.040753 0.841650
vt -1.040552 0.772481
vt 0.118381 -0.000948
vt 0.002200 -0.000948
vt 0.144056 0.008667
vt 0.002200 0.104177
vt 0.344066 0.008193
vt 1.002200 0.104177
vt 0.407262 -0.000948
vt 1.002200 -0.000948
vt 1.002200 -0.000948
vt 1.002200 0.104177
vt 0.407262 -0.000948
vt 0.344066 0.008193
vt 0.002200 0.104177
vt 0.144056 0.008667
vt 0.002200 -0.000948
vt 0.118381 -0.000948
vt 0.891430 0.842288
vt 0.891226 0.879819
vt 0.725218 0.842233
vt 0.725031 0.879763
vt -0.877137 0.879222
vt -0.877116 0.841704
vt -1.040757 0.879167
vt -1.040753 0.841650
vt 0.891826 0.676269
vt 0.891616 0.747858
vt 0.725614 0.676214
vt 0.725405 0.747803
vt -0.876916 0.747270
vt -0.876716 0.675680
vt -1.040552 0.747216
vt -1.040353 0.675626
vt 0.891616 0.773122
vt 0.891430 0.842288
vt 0.725405 0.773067
vt 0.725218 0.842233
vt -0.877116 0.841704
vt -0.876916 0.772535
vt -1.040753 0.841650
vt -1.040552 0.772481
vt 0.891826 0.637687
vt 0.891826 0.676269
vt 0.725614 0.637630
vt 0.725614 0.676214
vt -0.876716 0.675680
vt -0.876716 0.637084
vt -1.040353 0.675626
vt -1.040353 0.637028
vt 0.891430 0.842288
vt 0.891226 0.879819
vt 0.725218 0.842233
vt 0.725031 0.879763
vt -0.877137 0.879222
vt -0.877116 0.841704
vt -1.040757 0.879167
vt -1.040753 0.841650
vt 0.891826 0.676269
vt 0.891616 0.747858
vt 0.725614 0.676214
vt 0.725405 0.747803
vt -0.876916 0.747270
vt -0.876716 0.675680
vt -1.040552 0.747216
vt -1.040353 0.675626
vt -1.040552 0.772481
vt -1.040753 0.841650
vt -0.876916 0.772535
vt -0.877116 0.841704
vt 0.725218 0.842233
vt 0.725405 0.773067
vt 0.891430 0.842288
vt 0.891616 0.773122
vt 0.891826 0.637687
vt 0.891826 0.676269
vt 0.725614 0.637630
vt 0.725614 0.676214
vt -0.876716 0.675680
vt -0.876716 0.637084
vt -1.040353 0.675626
vt -1.040353 0.637028
vt -1.040753 0.841650
vt -1.040757 0.879167
vt -0.877116 0.841704
vt -0.877137 0.879222
vt 0.725031 0.879763
vt 0.725218 0.842233
vt 0.891226 0.879819
vt 0.891430 0.842288
vt -1.040353 0.675626
vt -1.040552 0.747216
vt -0.876716 0.675680
vt -0.876916 0.747270
vt 0.725405 0.747803
vt 0.725614 0.676214
vt 0.891616 0.747858
vt 0.891826 0.676269
vt -1.040353 0.637028
vt -1.040353 0.675626
vt -0.876716 0.637084
vt -0.876716 0.675680
vt 0.725614 0.676214
vt 0.725614 0.637630
vt 0.891826 0.676269
vt 0.891826 0.637687
vt -1.040552 0.772481
vt -1.040753 0.841650
vt -0.876916 0.772535
vt -0.877116 0.841704
vt 0.725218 0.842233
vt 0.725405 0.773067
vt 0.891430 0.842288
vt 0.891616 0.773122
vt -1.040753 0.841650
vt -1.040757 0.879167
vt -0.877116 0.841704
vt -0.877137 0.879222
vt 0.725031 0.879763
vt 0.725218 0.842233
vt 0.891226 0.879819
vt 0.891430 0.842288
vt -1.040353 0.675626
vt -1.040552 0.747216
vt -0.876716 0.675680
vt -0.876916 0.747270
vt 0.725405 0.747803
vt 0.725614 0.676214
vt 0.891616 0.747858
vt 0.891826 0.676269
vt -1.040353 0.637028
vt -1.040353 0.675626
vt -0.876716 0.637084
vt -0.876716 0.675680
vt 0.725614 0.676214
vt 0.725614 0.637630
vt 0.891826 0.676269
vt 0.891826 0.637687
vt 0.891616 0.773122
vt 0.891430 0.842288
vt 0.725405 0.773067
vt 0.725218 0.842233
vt -0.877116 0.841704
vt -0.876916 0.772535
vt -1.040753 0.841650
vt -1.040552 0.772481
vt 0.891430 0.842288
vt 0.891226 0.879819
vt 0.725218 0.842233
vt 0.725031 0.879763
vt -0.877137 0.879222
vt -0.877116 0.841704
vt -1.040757 0.879167
vt -1.040753 0.841650
vt 0.891826 0.676269
vt 0.891616 0.747858
vt 0.725614 0.676214
vt 0.725405 0.747803
vt -0.876916 0.747270
vt -0.876716 0.675680
vt -1.040552 0.747216
vt -1.040353 0.675626
vt 0.891826 0.637687
vt 0.891826 0.676269
vt 0.725614 0.637630
vt 0.725614 0.676214
vt -0.876716 0.675680
vt -0.876716 0.637084
vt -1.040353 0.675626
vt -1.040353 0.637028
vt -1.040552 0.772481
vt -1.040753 0.841650
vt -0.876916 0.772535
vt -0.877116 0.841704
vt 0.725218 0.842233
vt 0.725405 0.773067
vt 0.891430 0.842288
vt 0.891616 0.773122
vt -1.040753 0.841650
vt -1.040757 0.879167
vt -0.877116 0.841704
vt -0.877137 0.879222
vt 0.725031 0.879763
vt 0.725218 0.842233
vt 0.891226 0.879819
vt 0.891430 0.842288
vt -1.040353 0.675626
vt -1.040552 0.747216
vt -0.876716 0.675680
vt -0.876916 0.747270
vt 0.725405 0.747803
vt 0.725614 0.676214
vt 0.891616 0.747858
vt 0.891826 0.676269
vt -1.040353 0.637028
vt -1.040353 0.675626
vt -0.876716 0.637084
vt -0.876716 0.675680
vt 0.725614 0.676214
vt 0.725614 0.637630
vt 0.891826 0.676269
vt 0.891826 0.637687
vt 0.891430 0.842288
vt 0.891226 0.879819
vt 0.725218 0.842233
vt 0.725031 0.879763
vt -0.877137 0.879222
vt -0.877116 0.841704
vt -1.040757 0.879167
vt -1.040753 0.841650
vt 0.891826 0.676269
vt 0.891616 0.747858
vt 0.725614 0.676214
vt 0.725405 0.747803
vt -0.876916 0.747270
vt -0.876716 0.675680
vt -1.040552 0.747216
vt -1.040353 0.675626
vt 0.891826 0.637687
vt 0.891826 0.676269
vt 0.725614 0.637630
vt 0.725614 0.676214
vt -0.876716 0.675680
vt -0.876716 0.637084
vt -1.040353 0.675626
vt -1.040353 0.637028
vt -1.040753 0.841650
vt -1.040757 0.879167
vt -0.877116 0.841704
vt -0.877137 0.879222
vt 0.725031 0.879763
vt 0.725218 0.842233
vt 0.891226 0.879819
vt 0.891430 0.842288
vt -1.040353 0.675626
vt -1.040552 0.747216
vt -0.876716 0.675680
vt -0.876916 0.747270
vt 0.725405 0.747803
vt 0.725614 0.676214
vt 0.891616 0.747858
vt 0.891826 0.676269
vt -1.040353 0.637028
vt -1.040353 0.675626
vt -0.876716 0.637084
vt -0.876716 0.675680
vt 0.725614 0.676214
vt 0.725614 0.637630
vt 0.891826 0.676269
vt 0.891826 0.637687
vt 0.118381 -0.000948
vt 0.144056 0.008667
vt 0.002200 -0.000948
vt 0.002200 0.104177
vt 0.344066 0.008193
vt 1.002200 0.104177
vt 0.407262 -0.000948
vt 1.002200 -0.000948
vt 0.896103 0.309939
vt 1.002200 0.309939
vt 0.876310 0.303046
vt 1.002200 0.204813
vt 0.732930 0.295197
vt 0.712664 0.300651
vt 0.002200 0.204813
vt 0.002200 0.309939
vt 0.712664 0.309939
vt 0.896103 0.309939
vt 1.002200 0.309939
vt 0.876310 0.303046
vt 1.002200 0.204813
vt 0.732930 0.295197
vt 0.712664 0.300651
vt 0.002200 0.204813
vt 0.002200 0.309939
vt 0.712664 0.309939
vt 0.896103 0.309939
vt 1.002200 0.309939
vt 0.876310 0.303046
vt 1.002200 0.204813
vt 0.732930 0.295197
vt 0.712664 0.300651
vt 0.002200 0.204813
vt 0.002200 0.309939
vt 0.712664 0.309939
vn -1.0000 0.0000 0.0000
vn -0.0000 -1.0000 -0.0000
vn 1.0000 0.0000 0.0000
vn 0.0000 1.0000 0.0000
vn 0.0000 -0.0000 1.0000
vn 0.3586 -0.9335 -0.0000
vn -0.0471 -0.9989 0.0000
vn -0.0471 -0.9989 -0.0001
vn -0.2148 -0.9767 0.0000
vn 0.9982 -0.0600 0.0000
vn 0.0471 0.9989 0.0000
vn -0.3344 0.9424 0.0000
vn -0.0185 0.9998 0.0000
vn -0.0186 0.9998 -0.0007
vn -0.0862 0.9963 0.0004
vn -0.3193 0.9476 0.0002
vn -0.3193 0.9477 0.0002
vn -0.7572 0.6531 -0.0002
vn -0.7572 0.6532 -0.0002
vn 0.1552 -0.9879 -0.0004
vn -0.0007 -0.0005 1.0000
vn -0.7969 0.6041 -0.0003
vn 0.0007 0.0004 -1.0000
vn 0.0008 0.0005 -1.0000
vn -0.9985 -0.0543 -0.0007
vn 0.8574 -0.5146 0.0003
vn 0.0007 0.0005 -1.0000
vn 0.9985 0.0543 0.0007
vn 0.7825 0.6227 0.0008
vn -0.0006 -0.0005 1.0000
vn 0.8575 -0.5146 0.0003
vn 1.0000 0.0005 -0.0002
vn 0.0002 -0.6227 -0.7825
vn 0.0000 -0.3712 -0.9285
vn -0.0004 0.5146 -0.8575
vn 0.9285 0.3712 0.0008
vn 0.0006 0.0005 -1.0000
vn 0.0543 -0.9985 -0.0004
vn -0.0349 0.9994 0.0004
vn -0.0543 0.9985 0.0004
vn -0.9965 0.0834 -0.0006
vn -0.2339 0.9723 0.0003
vn -0.0000 0.9884 0.1519
vn 0.0000 -0.9884 -0.1519
vn 0.0000 0.7359 -0.6771
vn 0.0000 0.7360 -0.6770
vn 0.0000 0.0609 -0.9981
vn 0.0000 -0.0609 0.9981
vn 0.0000 0.9981 0.0609
vn 0.0000 0.0311 0.9995
vn 0.0001 -0.9990 0.0441
vn 0.0000 -0.9990 0.0441
vn 0.0000 0.9990 -0.0441
vn -0.0000 -0.9922 -0.1250
vn -0.0000 -0.9991 0.0413
vn 0.0009 -0.9960 0.0893
vn 1.0000 0.0016 0.0073
vn 0.0074 -0.0707 -0.9975
vn -0.0074 0.0707 0.9975
vn -1.0000 -0.0016 -0.0073
vn 0.0073 -0.0707 -0.9975
vn -0.0009 0.9960 -0.0893
vn 1.0000 0.0017 0.0073
vn 0.0005 -0.9882 0.1533
vn 0.0012 -0.9882 0.1534
vn -0.0019 -0.8886 0.4586
vn 0.0000 -0.9989 0.0471
vn -0.0000 -0.9335 -0.3586
vn -0.0001 -0.9989 0.0471
vn 0.0000 -0.9767 0.2148
vn 0.0000 -0.0600 -0.9982
vn 0.0000 0.9989 -0.0471
vn 0.0000 0.1519 -0.9884
vn 0.9966 0.0827 0.0000
vn 0.0827 -0.9966 0.0000
vn 0.0000 0.9424 0.3344
vn 0.0000 0.9998 0.0185
vn -0.0007 0.9998 0.0186
vn -0.0005 -0.9963 -0.0862
vn -0.0005 -0.9477 -0.3193
vn -0.0004 -0.6531 -0.7572
vn -0.0004 -0.6532 -0.7572
vn 0.0005 0.9879 0.1552
vn -1.0000 0.0005 0.0001
vn 1.0000 -0.0005 -0.0001
vn -0.0001 0.0543 -0.9985
vn 0.0003 0.5146 0.8574
vn 0.0001 -0.0543 0.9985
vn -1.0000 0.0005 0.0000
vn 0.0003 0.5146 0.8575
vn -0.0001 -0.3712 0.9285
vn 0.0005 0.9985 0.0543
vn -0.0005 -0.9994 -0.0349
vn -0.0005 -0.9985 -0.0543
vn -0.0001 -0.0834 -0.9965
vn -1.0000 0.0004 0.0001
vn -0.0005 -0.9723 -0.2339
vn 0.0000 -0.7359 0.6771
vn 0.0000 -0.7360 0.6770
vn 0.0000 -0.9981 -0.0609
vn 0.0000 -0.1975 0.9803
vn -0.0000 -0.9927 0.1204
vn 0.0000 -0.0311 -0.9995
vn 0.0001 0.9990 -0.0441
vn -0.0000 0.9922 0.1250
vn -0.0000 0.9991 -0.0413
vn 0.0017 0.9960 -0.0893
vn 1.0000 -0.0016 0.0011
vn -0.0010 0.0707 0.9975
vn 0.0010 -0.0707 -0.9975
vn -1.0000 0.0016 -0.0011
vn -0.0017 -0.9960 0.0893
vn 1.0000 -0.0014 0.0012
vn 0.0013 0.9760 0.2178
vn 0.0017 0.9882 -0.1533
vn 1.0000 -0.0016 0.0012
vn 0.0025 0.9882 -0.1534
vn -1.0000 0.0016 -0.0012
vn 0.0019 0.8886 -0.4586
vn -0.0000 0.9335 0.3586
vn -0.0001 0.9989 -0.0471
vn -0.0000 0.9767 -0.2148
vn 0.0000 0.0600 0.9982
vn -0.0893 -0.9960 0.0013
vn 0.0000 0.9988 -0.0499
vn 0.0000 0.9884 -0.1519
vn -0.0000 -0.1519 -0.9884
vn -0.0000 -0.9884 0.1519
vn -0.0036 0.0016 1.0000
vn 0.9975 -0.0707 0.0037
vn -0.9975 0.0707 -0.0037
vn 0.0036 -0.0016 -1.0000
vn -0.0037 0.0016 1.0000
vn 0.2178 -0.9760 0.0023
vn -0.1533 -0.9882 0.0010
vn -0.1534 -0.9882 0.0017
vn -0.4586 -0.8886 -0.0003
vn -0.4586 -0.8887 -0.0003
vn 1.0000 0.0000 0.0066
vn -0.0014 0.9767 0.2148
vn -0.0003 0.9988 0.0499
vn 0.0023 0.9335 -0.3586
vn 0.0024 0.9335 -0.3586
vn -1.0000 -0.0016 -0.0026
vn -1.0000 -0.0014 -0.0026
vn -0.0002 -0.0543 -0.9985
vn -0.0001 -0.0543 -0.9985
vn -1.0000 -0.0005 0.0002
vn -1.0000 -0.0004 0.0002
vn 0.0000 0.7359 0.6770
vn -0.0000 0.7360 0.6770
vn -0.0000 0.0609 0.9981
vn 0.0000 -0.0609 -0.9981
vn -0.0000 0.9981 -0.0609
vn 0.0000 0.0311 -0.9995
vn -0.0001 -0.9990 -0.0441
vn 0.0000 -0.9990 -0.0441
vn -0.0000 0.9990 0.0441
vn 0.0000 -0.9922 0.1250
vn 0.0000 -0.9991 -0.0413
vn -0.0016 -0.9960 -0.0893
vn -1.0000 0.0016 0.0007
vn 0.0006 -0.0707 0.9975
vn 1.0000 -0.0016 -0.0007
vn 0.0016 0.9960 0.0893
vn -1.0000 0.0014 0.0007
vn -0.0014 -0.9760 0.2178
vn -0.0017 -0.9882 -0.1533
vn -0.0024 -0.9882 -0.1534
vn -0.0017 -0.8886 -0.4586
vn 0.0000 -0.9989 -0.0471
vn 0.0000 -0.9335 0.3586
vn 0.0001 -0.9989 -0.0471
vn -0.0000 -0.9767 -0.2148
vn 0.0000 -0.0600 0.9982
vn 0.0000 0.9989 0.0471
vn -1.0000 0.0000 -0.0066
vn 0.0005 -0.9963 0.0862
vn 0.0005 -0.9477 0.3193
vn 0.0004 -0.6531 0.7572
vn 0.0005 -0.6532 0.7572
vn 0.0000 -0.7359 -0.6770
vn -0.0000 -0.7360 -0.6770
vn 0.0000 0.9998 -0.0185
vn 0.0007 0.9998 -0.0186
vn 0.0000 0.9424 -0.3344
vn 0.0000 -0.0000 -1.0000
vn -0.0026 0.8886 0.4586
vn -0.0027 0.9882 0.1534
vn -0.0020 0.9882 0.1533
vn -0.0010 0.9760 -0.2178
vn 0.0000 0.9991 0.0413
vn 0.0000 0.9922 -0.1250
vn 0.0000 -0.9927 -0.1204
vn -0.0000 -0.1975 -0.9803
vn 0.0005 -0.9723 0.2339
vn 0.0002 -0.0834 0.9965
vn 0.0005 -0.9994 0.0349
vn 0.0004 -0.6041 0.7969
vn -0.0024 -0.0707 0.9975
vn 0.0018 -0.9960 -0.0893
vn 0.0024 0.0707 -0.9975
vn -0.0018 0.9960 0.0893
vn -0.0003 0.9989 0.0471
vn 0.0065 0.0600 -0.9982
vn 0.0066 0.0600 -0.9982
vn 0.0003 -0.9989 -0.0471
vn -0.0002 0.9989 0.0471
vn 0.0005 -0.9985 0.0543
vn -0.0005 0.9985 -0.0543
vn 0.0002 0.0543 0.9985
vn 0.0001 0.0543 0.9985
vn 0.0000 -0.9981 0.0609
vn -0.0000 -0.0311 0.9995
vn -0.0001 0.9990 0.0441
vn -0.0000 0.1519 0.9884
vn 1.0000 0.0016 0.0026
vn -0.0005 0.9879 -0.1552
vn -0.0004 0.5146 -0.8574
vn 0.0001 0.0000 1.0000
vn -0.0001 0.0000 1.0000
vn -0.0499 -0.9988 0.0000
vn -0.9982 0.0600 0.0000
vn 0.0633 -0.9980 0.0000
vn -0.9980 -0.0633 0.0000
vn -0.0633 0.9980 0.0000
vn 0.9980 0.0633 0.0000
vn 0.0460 0.9989 0.0000
vn 0.3476 0.9376 0.0000
vn 0.9979 -0.0646 0.0000
vn -0.0460 -0.9989 0.0000
vn -0.9979 0.0646 0.0000
vn 0.0000 -0.1519 0.9884
vn 0.0000 0.9966 0.0827
vn 0.0000 0.0827 -0.9966
vn 0.0000 -0.9966 -0.0827
vn 0.0000 -0.0827 0.9966
vn 0.0000 0.9996 0.0290
vn 0.0000 0.9781 -0.2081
vn 0.0000 -0.9992 0.0405
vn 0.0000 0.6917 -0.7221
vn 0.0000 0.6918 -0.7221
vn 0.0000 -0.6098 0.7925
vn 0.0000 0.5285 0.8489
vn 0.0000 0.2619 0.9651
vn 0.0000 0.9968 0.0803
vn 0.0000 0.1975 -0.9803
vn 0.0000 0.9927 -0.1204
vn 0.0000 -0.8969 0.4422
vn 0.0031 -0.9760 -0.2178
vn 0.0000 -0.9988 0.0499
vn -0.0827 0.9966 0.0000
vn -0.9966 -0.0827 0.0000
vn 0.0000 -0.9980 -0.0633
vn 0.0000 -0.0633 0.9980
vn 0.0000 0.9980 0.0633
vn 0.0000 0.0633 -0.9980
vn 0.0000 0.9989 -0.0460
vn 0.0000 0.9376 -0.3476
vn 0.0000 -0.0646 -0.9979
vn 0.0000 -0.9989 0.0460
vn 0.0000 0.0646 0.9979
vn -0.0004 -0.6041 -0.7969
vn -0.0002 -0.6227 0.7825
vn 0.0000 -0.9996 -0.0290
vn 0.0000 -0.9781 0.2081
vn 0.0000 0.9992 -0.0405
vn 0.0000 -0.6918 0.7221
vn 0.0000 0.6098 -0.7925
vn 0.0000 -0.5285 -0.8489
vn 0.0000 -0.2619 -0.9651
vn 0.0000 -0.9968 -0.0803
vn 0.0000 0.8969 -0.4422
vn 0.0000 0.8969 -0.4421
vn 0.0893 0.9960 -0.0013
vn 0.0000 0.9966 -0.0827
vn 0.0000 0.0827 0.9966
vn 0.0000 -0.9966 0.0827
vn 0.0000 -0.0827 -0.9966
vn 0.0000 0.9996 -0.0290
vn 0.0000 0.9781 0.2081
vn 0.0000 -0.9992 -0.0405
vn 0.0000 0.6918 0.7221
vn 0.0000 0.6917 0.7221
vn 0.0000 -0.6098 -0.7925
vn 0.0000 0.5285 -0.8489
vn 0.0000 0.2619 -0.9651
vn 0.0000 0.9968 -0.0803
vn 0.0000 0.1975 0.9803
vn 0.0000 0.9927 0.1204
vn 0.0000 -0.8969 -0.4421
vn 0.0000 -0.8969 -0.4422
vn -0.0006 0.0707 -0.9975
vn 0.0000 0.0600 -0.9982
vn 0.0000 -0.9988 -0.0499
vn 0.0000 -0.6918 -0.7221
vn 0.0000 -0.9996 0.0290
vn 0.0000 -0.9781 -0.2081
vn 0.0000 0.9376 0.3476
vn 0.0001 0.0000 -1.0000
vn -0.0001 0.0000 -1.0000
vn 0.0000 0.8969 0.4421
vn 0.0000 -0.9968 0.0803
vn 0.0000 0.0646 -0.9979
vn 0.0000 -0.9989 -0.0460
vn 0.0000 -0.0646 0.9979
vn 0.0000 0.9989 0.0460
vn -0.0065 -0.0600 0.9982
vn 0.0000 0.0633 0.9980
vn 0.0000 0.9980 -0.0633
vn 0.0000 -0.0633 -0.9980
vn 0.0000 -0.9980 0.0633
vn 0.0000 0.9992 0.0405
vn 0.0000 0.6098 0.7925
vn 0.0000 -0.2619 0.9651
vn 0.0000 -0.5285 0.8489
vn -1.0000 0.0001 0.0000
usemtl noname.003
s 1
f 162/162/6 163/163/6 164/164/6
f 165/165/6 166/166/6 167/167/6
f 168/168/6 169/169/6 170/170/6
f 171/171/6 172/172/6 173/173/6
f 174/174/7 175/175/7 176/176/7
f 177/177/7 178/178/7 179/179/7
f 180/180/6 181/181/6 182/182/6
f 183/183/6 184/184/6 185/185/6
f 186/186/8 187/187/8 188/188/8
f 189/189/8 190/190/8 191/191/8
f 192/192/8 193/193/8 194/194/8
f 195/195/8 196/196/8 197/197/8
f 198/198/9 199/199/9 200/200/9
f 201/201/9 202/202/9 203/203/9
f 204/204/7 205/205/7 206/206/7
f 207/207/7 208/208/7 209/209/7
f 210/210/6 211/211/6 212/212/6
f 213/213/6 214/214/6 215/215/6
f 216/216/8 217/217/8 218/218/8
f 219/219/8 220/220/8 221/221/8
f 222/222/10 223/223/10 224/224/10
f 225/225/10 226/226/10 227/227/10
f 228/228/7 229/229/7 230/230/7
f 231/231/7 232/232/7 233/233/7
f 234/234/8 235/235/8 236/236/8
f 237/237/8 238/238/8 239/239/8
f 240/240/6 241/241/6 242/242/6
f 243/243/6 244/244/6 245/245/6
f 246/246/8 247/247/8 248/248/8
f 249/249/8 250/250/8 251/251/8
f 252/252/9 253/253/9 254/254/9
f 255/255/9 256/256/9 257/257/9
f 258/258/11 259/259/11 260/260/11
f 261/261/12 262/262/12 263/263/12
f 264/264/13 265/265/13 266/266/13
f 267/267/14 268/268/14 269/269/14
f 270/270/15 271/271/15 272/272/15
f 273/273/11 274/274/11 275/275/11
f 276/276/14 277/277/14 278/278/14
f 279/279/16 280/280/16 281/281/16
f 282/282/15 283/283/15 284/284/15
f 285/285/16 286/286/16 287/287/16
f 288/288/17 289/289/17 290/290/17
f 291/291/17 292/292/17 293/293/17
f 294/294/18 295/295/18 296/296/18
f 297/297/19 298/298/19 299/299/19
f 300/300/20 301/301/20 302/302/20
f 303/303/21 304/304/21 305/305/21
f 306/306/20 307/307/20 308/308/20
f 309/309/22 310/310/22 311/311/22
f 312/312/23 313/313/23 314/314/23
f 315/315/24 316/316/24 317/317/24
f 318/318/25 319/319/25 320/320/25
f 321/321/25 322/322/25 323/323/25
f 324/324/26 325/325/26 326/326/26
f 327/327/27 328/328/27 329/329/27
f 330/330/28 331/331/28 332/332/28
f 333/333/29 334/334/29 335/335/29
f 336/336/26 337/337/26 338/338/26
f 339/339/30 340/340/30 341/341/30
f 342/342/31 343/343/31 344/344/31
f 345/345/32 346/346/32 347/347/32
f 348/348/26 349/349/26 350/350/26
f 351/351/33 352/352/33 353/353/33
f 354/354/26 355/355/26 356/356/26
f 357/357/26 358/358/26 359/359/26
f 360/360/27 361/361/27 362/362/27
f 363/363/33 364/364/33 365/365/33
f 366/366/34 367/367/34 368/368/34
f 369/369/32 370/370/32 371/371/32
f 372/372/30 373/373/30 374/374/30
f 375/375/35 376/376/35 377/377/35
f 378/378/36 379/379/36 380/380/36
f 381/381/37 382/382/37 383/383/37
f 384/384/37 385/385/37 386/386/37
f 387/387/37 388/388/37 389/389/37
f 390/390/37 391/391/37 392/392/37
f 393/393/37 394/394/37 395/395/37
f 396/396/37 397/397/37 398/398/37
f 399/399/38 400/400/38 401/401/38
f 402/402/38 403/403/38 404/404/38
f 405/405/39 406/406/39 407/407/39
f 408/408/39 409/409/39 410/410/39
f 411/411/40 412/412/40 413/413/40
f 414/414/33 415/415/33 416/416/33
f 417/417/34 418/418/34 419/419/34
f 420/420/41 421/421/41 422/422/41
f 423/423/42 424/424/42 425/425/42
f 426/426/33 427/427/33 428/428/33
f 429/429/26 430/430/26 431/431/26
f 432/432/43 433/433/43 434/434/43
f 435/435/32 436/436/32 437/437/32
f 438/438/44 439/439/44 440/440/44
f 441/441/32 442/442/32 443/443/32
f 444/444/32 445/445/32 446/446/32
f 447/447/43 448/448/43 449/449/43
f 450/450/26 451/451/26 452/452/26
f 453/453/41 454/454/41 455/455/41
f 456/456/26 457/457/26 458/458/26
f 459/459/32 460/460/32 461/461/32
f 462/462/32 463/463/32 464/464/32
f 465/465/45 466/466/45 467/467/45
f 468/468/26 469/469/26 470/470/26
f 471/471/44 472/472/44 473/473/44
f 474/474/32 475/475/32 476/476/32
f 477/477/32 478/478/32 479/479/32
f 480/480/26 481/481/26 482/482/26
f 483/483/26 484/484/26 485/485/26
f 486/486/32 487/487/32 488/488/32
f 489/489/45 490/490/45 491/491/45
f 492/492/26 493/493/26 494/494/26
f 495/495/46 496/496/46 497/497/46
f 498/498/32 499/499/32 500/500/32
f 501/501/26 502/502/26 503/503/26
f 504/504/30 505/505/30 506/506/30
f 507/507/26 508/508/26 509/509/26
f 510/510/46 511/511/46 512/512/46
f 513/513/32 514/514/32 515/515/32
f 516/516/30 517/517/30 518/518/30
f 519/519/47 520/520/47 521/521/47
f 522/522/47 523/523/47 524/524/47
f 525/525/48 526/526/48 527/527/48
f 528/528/49 529/529/49 530/530/49
f 531/531/48 532/532/48 533/533/48
f 534/534/49 535/535/49 536/536/49
f 537/537/50 538/538/50 539/539/50
f 540/540/51 541/541/51 542/542/51
f 543/543/52 544/544/52 545/545/52
f 546/546/53 547/547/53 548/548/53
f 549/549/52 550/550/52 551/551/52
f 552/552/53 553/553/53 554/554/53
f 555/555/8 556/556/8 557/557/8
f 558/558/8 559/559/8 560/560/8
f 561/561/54 562/562/54 563/563/54
f 564/564/8 565/565/8 566/566/8
f 567/567/8 568/568/8 569/569/8
f 570/570/8 571/571/8 572/572/8
f 573/573/54 574/574/54 575/575/54
f 576/576/8 577/577/8 578/578/8
f 579/579/8 580/580/8 581/581/8
f 582/582/8 583/583/8 584/584/8
f 585/585/55 586/586/55 587/587/55
f 588/588/56 589/589/56 590/590/56
f 591/591/57 592/592/57 593/593/57
f 594/594/55 595/595/55 596/596/55
f 597/597/58 598/598/58 599/599/58
f 600/600/59 601/601/59 602/602/59
f 603/603/59 604/604/59 605/605/59
f 606/606/58 607/607/58 608/608/58
f 609/609/60 610/610/60 611/611/60
f 612/612/60 613/613/60 614/614/60
f 615/615/61 616/616/61 617/617/61
f 618/618/61 619/619/61 620/620/61
f 621/621/62 622/622/62 623/623/62
f 624/624/63 625/625/63 626/626/63
f 627/627/62 628/628/62 629/629/62
f 630/630/64 631/631/64 632/632/64
f 633/633/64 634/634/64 635/635/64
f 636/636/65 637/637/65 638/638/65
f 639/639/66 640/640/66 641/641/66
f 642/642/62 643/643/62 644/644/62
f 645/645/67 646/646/67 647/647/67
f 648/648/65 649/649/65 650/650/65
f 651/651/68 652/652/68 653/653/68
f 654/654/65 655/655/65 656/656/65
f 657/657/67 658/658/67 659/659/67
f 660/660/65 661/661/65 662/662/65
f 663/663/62 664/664/62 665/665/62
f 666/666/63 667/667/63 668/668/63
f 669/669/63 670/670/63 671/671/63
f 672/672/62 673/673/62 674/674/62
f 675/675/65 676/676/65 677/677/65
f 678/678/69 679/679/69 680/680/69
f 681/681/65 682/682/65 683/683/65
f 684/684/62 685/685/62 686/686/62
f 687/687/70 688/688/70 689/689/70
f 690/690/65 691/691/65 692/692/65
f 693/693/71 694/694/71 695/695/71
f 696/696/71 697/697/71 698/698/71
f 699/699/72 700/700/72 701/701/72
f 702/702/72 703/703/72 704/704/72
f 705/705/73 706/706/73 707/707/73
f 708/708/72 709/709/72 710/710/72
f 711/711/74 712/712/74 713/713/74
f 714/714/75 715/715/75 716/716/75
f 717/717/76 718/718/76 719/719/76
f 720/720/73 721/721/73 722/722/73
f 723/723/75 724/724/75 725/725/75
f 726/726/77 727/727/77 728/728/77
f 729/729/76 730/730/76 731/731/76
f 732/732/77 733/733/77 734/734/77
f 735/735/6 736/736/6 737/737/6
f 738/738/6 739/739/6 740/740/6
f 741/741/49 742/742/49 743/743/49
f 744/744/78 745/745/78 746/746/78
f 747/747/79 748/748/79 749/749/79
f 750/750/80 751/751/80 752/752/80
f 753/753/49 754/754/49 755/755/49
f 756/756/78 757/757/78 758/758/78
f 759/759/81 760/760/81 761/761/81
f 762/762/81 763/763/81 764/764/81
f 765/765/82 766/766/82 767/767/82
f 768/768/83 769/769/83 770/770/83
f 771/771/84 772/772/84 773/773/84
f 774/774/85 775/775/85 776/776/85
f 777/777/84 778/778/84 779/779/84
f 780/780/85 781/781/85 782/782/85
f 783/783/86 784/784/86 785/785/86
f 786/786/87 787/787/87 788/788/87
f 789/789/88 790/790/88 791/791/88
f 792/792/88 793/793/88 794/794/88
f 795/795/89 796/796/89 797/797/89
f 798/798/90 799/799/90 800/800/90
f 801/801/90 802/802/90 803/803/90
f 804/804/89 805/805/89 806/806/89
f 807/807/91 808/808/91 809/809/91
f 810/810/92 811/811/92 812/812/92
f 813/813/90 814/814/90 815/815/90
f 816/816/89 817/817/89 818/818/89
f 819/819/93 820/820/93 821/821/93
f 822/822/89 823/823/89 824/824/89
f 825/825/89 826/826/89 827/827/89
f 828/828/93 829/829/93 830/830/93
f 831/831/90 832/832/90 833/833/90
f 834/834/91 835/835/91 836/836/91
f 837/837/94 838/838/94 839/839/94
f 840/840/95 841/841/95 842/842/95
f 843/843/93 844/844/93 845/845/93
f 846/846/96 847/847/96 848/848/96
f 849/849/90 850/850/90 851/851/90
f 852/852/93 853/853/93 854/854/93
f 855/855/89 856/856/89 857/857/89
f 858/858/97 859/859/97 860/860/97
f 861/861/90 862/862/90 863/863/90
f 864/864/98 865/865/98 866/866/98
f 867/867/90 868/868/90 869/869/90
f 870/870/90 871/871/90 872/872/90
f 873/873/97 874/874/97 875/875/97
f 876/876/89 877/877/89 878/878/89
f 879/879/96 880/880/96 881/881/96
f 882/882/89 883/883/89 884/884/89
f 885/885/90 886/886/90 887/887/90
f 888/888/90 889/889/90 890/890/90
f 891/891/99 892/892/99 893/893/99
f 894/894/89 895/895/89 896/896/89
f 897/897/98 898/898/98 899/899/98
f 900/900/90 901/901/90 902/902/90
f 903/903/90 904/904/90 905/905/90
f 906/906/89 907/907/89 908/908/89
f 909/909/89 910/910/89 911/911/89
f 912/912/90 913/913/90 914/914/90
f 915/915/99 916/916/99 917/917/99
f 918/918/89 919/919/89 920/920/89
f 921/921/100 922/922/100 923/923/100
f 924/924/90 925/925/90 926/926/90
f 927/927/101 928/928/101 929/929/101
f 930/930/91 931/931/91 932/932/91
f 933/933/89 934/934/89 935/935/89
f 936/936/100 937/937/100 938/938/100
f 939/939/90 940/940/90 941/941/90
f 942/942/91 943/943/91 944/944/91
f 945/945/102 946/946/102 947/947/102
f 948/948/102 949/949/102 950/950/102
f 951/951/103 952/952/103 953/953/103
f 954/954/104 955/955/104 956/956/104
f 957/957/53 958/958/53 959/959/53
f 960/960/52 961/961/52 962/962/52
f 963/963/53 964/964/53 965/965/53
f 966/966/52 967/967/52 968/968/52
f 969/969/8 970/970/8 971/971/8
f 972/972/8 973/973/8 974/974/8
f 975/975/105 976/976/105 977/977/105
f 978/978/8 979/979/8 980/980/8
f 981/981/8 982/982/8 983/983/8
f 984/984/8 985/985/8 986/986/8
f 987/987/105 988/988/105 989/989/105
f 990/990/8 991/991/8 992/992/8
f 993/993/106 994/994/106 995/995/106
f 996/996/8 997/997/8 998/998/8
f 999/999/8 1000/1000/8 1001/1001/8
f 1002/1002/106 1003/1003/106 1004/1004/106
f 1005/1005/107 1006/1006/107 1007/1007/107
f 1008/1008/107 1009/1009/107 1010/1010/107
f 1011/1011/108 1012/1012/108 1013/1013/108
f 1014/1014/109 1015/1015/109 1016/1016/109
f 1017/1017/58 1018/1018/58 1019/1019/58
f 1020/1020/108 1021/1021/108 1022/1022/108
f 1023/1023/57 1024/1024/57 1025/1025/57
f 1026/1026/110 1027/1027/110 1028/1028/110
f 1029/1029/110 1030/1030/110 1031/1031/110
f 1032/1032/57 1033/1033/57 1034/1034/57
f 1035/1035/111 1036/1036/111 1037/1037/111
f 1038/1038/111 1039/1039/111 1040/1040/111
f 1041/1041/112 1042/1042/112 1043/1043/112
f 1044/1044/112 1045/1045/112 1046/1046/112
f 1047/1047/113 1048/1048/113 1049/1049/113
f 1050/1050/114 1051/1051/114 1052/1052/114
f 1053/1053/113 1054/1054/113 1055/1055/113
f 1056/1056/115 1057/1057/115 1058/1058/115
f 1059/1059/115 1060/1060/115 1061/1061/115
f 1062/1062/116 1063/1063/116 1064/1064/116
f 1065/1065/114 1066/1066/114 1067/1067/114
f 1068/1068/113 1069/1069/113 1070/1070/113
f 1071/1071/117 1072/1072/117 1073/1073/117
f 1074/1074/116 1075/1075/116 1076/1076/116
f 1077/1077/118 1078/1078/118 1079/1079/118
f 1080/1080/116 1081/1081/116 1082/1082/116
f 1083/1083/119 1084/1084/119 1085/1085/119
f 1086/1086/117 1087/1087/117 1088/1088/117
f 1089/1089/116 1090/1090/116 1091/1091/116
f 1092/1092/113 1093/1093/113 1094/1094/113
f 1095/1095/119 1096/1096/119 1097/1097/119
f 1098/1098/114 1099/1099/114 1100/1100/114
f 1101/1101/114 1102/1102/114 1103/1103/114
f 1104/1104/113 1105/1105/113 1106/1106/113
f 1107/1107/116 1108/1108/116 1109/1109/116
f 1110/1110/120 1111/1111/120 1112/1112/120
f 1113/1113/116 1114/1114/116 1115/1115/116
f 1116/1116/112 1117/1117/112 1118/1118/112
f 1119/1119/121 1120/1120/121 1121/1121/121
f 1122/1122/122 1123/1123/122 1124/1124/122
f 1125/1125/123 1126/1126/123 1127/1127/123
f 1128/1128/112 1129/1129/112 1130/1130/112
f 1131/1131/124 1132/1132/124 1133/1133/124
f 1134/1134/124 1135/1135/124 1136/1136/124
f 1137/1137/77 1138/1138/77 1139/1139/77
f 1140/1140/77 1141/1141/77 1142/1142/77
f 1143/1143/125 1144/1144/125 1145/1145/125
f 1146/1146/77 1147/1147/77 1148/1148/77
f 1149/1149/126 1150/1150/126 1151/1151/126
f 1152/1152/127 1153/1153/127 1154/1154/127
f 1155/1155/128 1156/1156/128 1157/1157/128
f 1158/1158/79 1159/1159/79 1160/1160/79
f 1161/1161/80 1162/1162/80 1163/1163/80
f 1164/1164/129 1165/1165/129 1166/1166/129
f 1167/1167/130 1168/1168/130 1169/1169/130
f 1170/1170/125 1171/1171/125 1172/1172/125
f 1173/1173/127 1174/1174/127 1175/1175/127
f 1176/1176/72 1177/1177/72 1178/1178/72
f 1179/1179/128 1180/1180/128 1181/1181/128
f 1182/1182/130 1183/1183/130 1184/1184/130
f 1185/1185/72 1186/1186/72 1187/1187/72
f 1188/1188/8 1189/1189/8 1190/1190/8
f 1191/1191/8 1192/1192/8 1193/1193/8
f 1194/1194/131 1195/1195/131 1196/1196/131
f 1197/1197/132 1198/1198/132 1199/1199/132
f 1200/1200/133 1201/1201/133 1202/1202/133
f 1203/1203/129 1204/1204/129 1205/1205/129
f 1206/1206/134 1207/1207/134 1208/1208/134
f 1209/1209/135 1210/1210/135 1211/1211/135
f 1212/1212/134 1213/1213/134 1214/1214/134
f 1215/1215/136 1216/1216/136 1217/1217/136
f 1218/1218/136 1219/1219/136 1220/1220/136
f 1221/1221/137 1222/1222/137 1223/1223/137
f 1224/1224/135 1225/1225/135 1226/1226/135
f 1227/1227/134 1228/1228/134 1229/1229/134
f 1230/1230/137 1231/1231/137 1232/1232/137
f 1233/1233/138 1234/1234/138 1235/1235/138
f 1236/1236/137 1237/1237/137 1238/1238/137
f 1239/1239/139 1240/1240/139 1241/1241/139
f 1242/1242/137 1243/1243/137 1244/1244/137
f 1245/1245/134 1246/1246/134 1247/1247/134
f 1248/1248/139 1249/1249/139 1250/1250/139
f 1251/1251/134 1252/1252/134 1253/1253/134
f 1254/1254/137 1255/1255/137 1256/1256/137
f 1257/1257/140 1258/1258/140 1259/1259/140
f 1260/1260/137 1261/1261/137 1262/1262/137
f 1263/1263/129 1264/1264/129 1265/1265/129
f 1266/1266/134 1267/1267/134 1268/1268/134
f 1269/1269/141 1270/1270/141 1271/1271/141
f 1272/1272/137 1273/1273/137 1274/1274/137
f 1275/1275/129 1276/1276/129 1277/1277/129
f 1278/1278/142 1279/1279/142 1280/1280/142
f 1281/1281/143 1282/1282/143 1283/1283/143
f 1284/1284/12 1285/1285/12 1286/1286/12
f 1287/1287/12 1288/1288/12 1289/1289/12
f 1290/1290/144 1291/1291/144 1292/1292/144
f 1293/1293/144 1294/1294/144 1295/1295/144
f 1296/1296/145 1297/1297/145 1298/1298/145
f 1299/1299/145 1300/1300/145 1301/1301/145
f 1302/1302/146 1303/1303/146 1304/1304/146
f 1305/1305/146 1306/1306/146 1307/1307/146
f 1308/1308/6 1309/1309/6 1310/1310/6
f 1311/1311/6 1312/1312/6 1313/1313/6
f 1314/1314/6 1315/1315/6 1316/1316/6
f 1317/1317/6 1318/1318/6 1319/1319/6
f 1320/1320/6 1321/1321/6 1322/1322/6
f 1323/1323/6 1324/1324/6 1325/1325/6
f 1326/1326/147 1327/1327/147 1328/1328/147
f 1329/1329/148 1330/1330/148 1331/1331/148
f 1332/1332/149 1333/1333/149 1334/1334/149
f 1335/1335/149 1336/1336/149 1337/1337/149
f 1338/1338/149 1339/1339/149 1340/1340/149
f 1341/1341/150 1342/1342/150 1343/1343/150
f 1344/1344/149 1345/1345/149 1346/1346/149
f 1347/1347/149 1348/1348/149 1349/1349/149
f 1350/1350/149 1351/1351/149 1352/1352/149
f 1353/1353/151 1354/1354/151 1355/1355/151
f 1356/1356/152 1357/1357/152 1358/1358/152
f 1359/1359/153 1360/1360/153 1361/1361/153
f 1362/1362/153 1363/1363/153 1364/1364/153
f 1365/1365/153 1366/1366/153 1367/1367/153
f 1368/1368/153 1369/1369/153 1370/1370/153
f 1371/1371/153 1372/1372/153 1373/1373/153
f 1374/1374/153 1375/1375/153 1376/1376/153
f 1377/1377/153 1378/1378/153 1379/1379/153
f 1380/1380/153 1381/1381/153 1382/1382/153
f 1383/1383/153 1384/1384/153 1385/1385/153
f 1386/1386/153 1387/1387/153 1388/1388/153
f 1389/1389/153 1390/1390/153 1391/1391/153
f 1392/1392/154 1393/1393/154 1394/1394/154
f 1395/1395/154 1396/1396/154 1397/1397/154
f 1398/1398/153 1399/1399/153 1400/1400/153
f 1401/1401/153 1402/1402/153 1403/1403/153
f 1404/1404/37 1405/1405/37 1406/1406/37
f 1407/1407/37 1408/1408/37 1409/1409/37
f 1410/1410/37 1411/1411/37 1412/1412/37
f 1413/1413/37 1414/1414/37 1415/1415/37
f 1416/1416/37 1417/1417/37 1418/1418/37
f 1419/1419/37 1420/1420/37 1421/1421/37
f 1422/1422/37 1423/1423/37 1424/1424/37
f 1425/1425/37 1426/1426/37 1427/1427/37
f 1428/1428/37 1429/1429/37 1430/1430/37
f 1431/1431/131 1432/1432/131 1433/1433/131
f 1434/1434/132 1435/1435/132 1436/1436/132
f 1437/1437/133 1438/1438/133 1439/1439/133
f 1440/1440/155 1441/1441/155 1442/1442/155
f 1443/1443/156 1444/1444/156 1445/1445/156
f 1446/1446/6 1447/1447/6 1448/1448/6
f 1449/1449/6 1450/1450/6 1451/1451/6
f 1452/1452/157 1453/1453/157 1454/1454/157
f 1455/1455/158 1456/1456/158 1457/1457/158
f 1458/1458/6 1459/1459/6 1460/1460/6
f 1461/1461/6 1462/1462/6 1463/1463/6
f 1464/1464/157 1465/1465/157 1466/1466/157
f 1467/1467/158 1468/1468/158 1469/1469/158
f 1470/1470/6 1471/1471/6 1472/1472/6
f 1473/1473/159 1474/1474/159 1475/1475/159
f 1476/1476/6 1477/1477/6 1478/1478/6
f 1479/1479/159 1480/1480/159 1481/1481/159
f 1482/1482/160 1483/1483/160 1484/1484/160
f 1485/1485/161 1486/1486/161 1487/1487/161
f 1488/1488/162 1489/1489/162 1490/1490/162
f 1491/1491/160 1492/1492/160 1493/1493/160
f 1494/1494/163 1495/1495/163 1496/1496/163
f 1497/1497/164 1498/1498/164 1499/1499/164
f 1500/1500/6 1501/1501/6 1502/1502/6
f 1503/1503/164 1504/1504/164 1505/1505/164
f 1506/1506/163 1507/1507/163 1508/1508/163
f 1509/1509/6 1510/1510/6 1511/1511/6
f 1512/1512/165 1513/1513/165 1514/1514/165
f 1515/1515/6 1516/1516/6 1517/1517/6
f 1518/1518/165 1519/1519/165 1520/1520/165
f 1521/1521/166 1522/1522/166 1523/1523/166
f 1524/1524/166 1525/1525/166 1526/1526/166
f 1527/1527/167 1528/1528/167 1529/1529/167
f 1530/1530/168 1531/1531/168 1532/1532/168
f 1533/1533/167 1534/1534/167 1535/1535/167
f 1536/1536/169 1537/1537/169 1538/1538/169
f 1539/1539/168 1540/1540/168 1541/1541/168
f 1542/1542/167 1543/1543/167 1544/1544/167
f 1545/1545/170 1546/1546/170 1547/1547/170
f 1548/1548/169 1549/1549/169 1550/1550/169
f 1551/1551/171 1552/1552/171 1553/1553/171
f 1554/1554/169 1555/1555/169 1556/1556/169
f 1557/1557/172 1558/1558/172 1559/1559/172
f 1560/1560/170 1561/1561/170 1562/1562/170
f 1563/1563/169 1564/1564/169 1565/1565/169
f 1566/1566/167 1567/1567/167 1568/1568/167
f 1569/1569/172 1570/1570/172 1571/1571/172
f 1572/1572/167 1573/1573/167 1574/1574/167
f 1575/1575/169 1576/1576/169 1577/1577/169
f 1578/1578/173 1579/1579/173 1580/1580/173
f 1581/1581/169 1582/1582/169 1583/1583/169
f 1584/1584/167 1585/1585/167 1586/1586/167
f 1587/1587/174 1588/1588/174 1589/1589/174
f 1590/1590/169 1591/1591/169 1592/1592/169
f 1593/1593/175 1594/1594/175 1595/1595/175
f 1596/1596/175 1597/1597/175 1598/1598/175
f 1599/1599/176 1600/1600/176 1601/1601/176
f 1602/1602/176 1603/1603/176 1604/1604/176
f 1605/1605/177 1606/1606/177 1607/1607/177
f 1608/1608/176 1609/1609/176 1610/1610/176
f 1611/1611/178 1612/1612/178 1613/1613/178
f 1614/1614/179 1615/1615/179 1616/1616/179
f 1617/1617/180 1618/1618/180 1619/1619/180
f 1620/1620/177 1621/1621/177 1622/1622/177
f 1623/1623/179 1624/1624/179 1625/1625/179
f 1626/1626/181 1627/1627/181 1628/1628/181
f 1629/1629/180 1630/1630/180 1631/1631/180
f 1632/1632/181 1633/1633/181 1634/1634/181
f 1635/1635/182 1636/1636/182 1637/1637/182
f 1638/1638/182 1639/1639/182 1640/1640/182
f 1641/1641/183 1642/1642/183 1643/1643/183
f 1644/1644/183 1645/1645/183 1646/1646/183
f 1647/1647/184 1648/1648/184 1649/1649/184
f 1650/1650/184 1651/1651/184 1652/1652/184
f 1653/1653/185 1654/1654/185 1655/1655/185
f 1656/1656/186 1657/1657/186 1658/1658/186
f 1659/1659/187 1660/1660/187 1661/1661/187
f 1662/1662/188 1663/1663/188 1664/1664/188
f 1665/1665/189 1666/1666/189 1667/1667/189
f 1668/1668/190 1669/1669/190 1670/1670/190
f 1671/1671/191 1672/1672/191 1673/1673/191
f 1674/1674/191 1675/1675/191 1676/1676/191
f 1677/1677/144 1678/1678/144 1679/1679/144
f 1680/1680/144 1681/1681/144 1682/1682/144
f 1683/1683/144 1684/1684/144 1685/1685/144
f 1686/1686/144 1687/1687/144 1688/1688/144
f 1689/1689/6 1690/1690/6 1691/1691/6
f 1692/1692/6 1693/1693/6 1694/1694/6
f 1695/1695/9 1696/1696/9 1697/1697/9
f 1698/1698/9 1699/1699/9 1700/1700/9
f 1701/1701/8 1702/1702/8 1703/1703/8
f 1704/1704/8 1705/1705/8 1706/1706/8
f 1707/1707/6 1708/1708/6 1709/1709/6
f 1710/1710/6 1711/1711/6 1712/1712/6
f 1713/1713/7 1714/1714/7 1715/1715/7
f 1716/1716/7 1717/1717/7 1718/1718/7
f 1719/1719/9 1720/1720/9 1721/1721/9
f 1722/1722/9 1723/1723/9 1724/1724/9
f 1725/1725/7 1726/1726/7 1727/1727/7
f 1728/1728/7 1729/1729/7 1730/1730/7
f 1731/1731/7 1732/1732/7 1733/1733/7
f 1734/1734/7 1735/1735/7 1736/1736/7
f 1737/1737/7 1738/1738/7 1739/1739/7
f 1740/1740/7 1741/1741/7 1742/1742/7
f 1743/1743/10 1744/1744/10 1745/1745/10
f 1746/1746/10 1747/1747/10 1748/1748/10
f 1749/1749/9 1750/1750/9 1751/1751/9
f 1752/1752/9 1753/1753/9 1754/1754/9
f 1755/1755/192 1756/1756/192 1757/1757/192
f 1758/1758/192 1759/1759/192 1760/1760/192
f 1761/1761/9 1762/1762/9 1763/1763/9
f 1764/1764/9 1765/1765/9 1766/1766/9
f 1767/1767/10 1768/1768/10 1769/1769/10
f 1770/1770/10 1771/1771/10 1772/1772/10
f 1773/1773/192 1774/1774/192 1775/1775/192
f 1776/1776/192 1777/1777/192 1778/1778/192
f 1779/1779/7 1780/1780/7 1781/1781/7
f 1782/1782/7 1783/1783/7 1784/1784/7
f 1785/1785/7 1786/1786/7 1787/1787/7
f 1788/1788/7 1789/1789/7 1790/1790/7
f 1791/1791/10 1792/1792/10 1793/1793/10
f 1794/1794/10 1795/1795/10 1796/1796/10
f 1797/1797/192 1798/1798/192 1799/1799/192
f 1800/1800/192 1801/1801/192 1802/1802/192
f 1803/1803/10 1804/1804/10 1805/1805/10
f 1806/1806/10 1807/1807/10 1808/1808/10
f 1809/1809/9 1810/1810/9 1811/1811/9
f 1812/1812/9 1813/1813/9 1814/1814/9
f 1815/1815/9 1816/1816/9 1817/1817/9
f 1818/1818/9 1819/1819/9 1820/1820/9
f 1821/1821/9 1822/1822/9 1823/1823/9
f 1824/1824/9 1825/1825/9 1826/1826/9
f 1827/1827/7 1828/1828/7 1829/1829/7
f 1830/1830/7 1831/1831/7 1832/1832/7
f 1833/1833/7 1834/1834/7 1835/1835/7
f 1836/1836/7 1837/1837/7 1838/1838/7
f 1839/1839/7 1840/1840/7 1841/1841/7
f 1842/1842/7 1843/1843/7 1844/1844/7
f 1845/1845/192 1846/1846/192 1847/1847/192
f 1848/1848/192 1849/1849/192 1850/1850/192
f 1851/1851/9 1852/1852/9 1853/1853/9
f 1854/1854/9 1855/1855/9 1856/1856/9
f 1857/1857/10 1858/1858/10 1859/1859/10
f 1860/1860/10 1861/1861/10 1862/1862/10
f 1863/1863/9 1864/1864/9 1865/1865/9
f 1866/1866/9 1867/1867/9 1868/1868/9
f 1869/1869/192 1870/1870/192 1871/1871/192
f 1872/1872/192 1873/1873/192 1874/1874/192
f 1875/1875/10 1876/1876/10 1877/1877/10
f 1878/1878/10 1879/1879/10 1880/1880/10
f 1881/1881/7 1882/1882/7 1883/1883/7
f 1884/1884/7 1885/1885/7 1886/1886/7
f 1887/1887/7 1888/1888/7 1889/1889/7
f 1890/1890/7 1891/1891/7 1892/1892/7
f 1893/1893/192 1894/1894/192 1895/1895/192
f 1896/1896/192 1897/1897/192 1898/1898/192
f 1899/1899/10 1900/1900/10 1901/1901/10
f 1902/1902/10 1903/1903/10 1904/1904/10
f 1905/1905/192 1906/1906/192 1907/1907/192
f 1908/1908/192 1909/1909/192 1910/1910/192
f 1911/1911/9 1912/1912/9 1913/1913/9
f 1914/1914/9 1915/1915/9 1916/1916/9
f 1917/1917/9 1918/1918/9 1919/1919/9
f 1920/1920/9 1921/1921/9 1922/1922/9
f 1923/1923/182 1924/1924/182 1925/1925/182
f 1926/1926/182 1927/1927/182 1928/1928/182
f 1929/1929/182 1930/1930/182 1931/1931/182
f 1932/1932/182 1933/1933/182 1934/1934/182
f 1935/1935/193 1936/1936/193 1937/1937/193
f 1938/1938/193 1939/1939/193 1940/1940/193
f 1941/1941/194 1942/1942/194 1943/1943/194
f 1944/1944/195 1945/1945/195 1946/1946/195
f 1947/1947/196 1948/1948/196 1949/1949/196
f 1950/1950/196 1951/1951/196 1952/1952/196
f 1953/1953/6 1954/1954/6 1955/1955/6
f 1956/1956/6 1957/1957/6 1958/1958/6
f 1959/1959/6 1960/1960/6 1961/1961/6
f 1962/1962/197 1963/1963/197 1964/1964/197
f 1965/1965/197 1966/1966/197 1967/1967/197
f 1968/1968/198 1969/1969/198 1970/1970/198
f 1971/1971/198 1972/1972/198 1973/1973/198
f 1974/1974/199 1975/1975/199 1976/1976/199
f 1977/1977/199 1978/1978/199 1979/1979/199
f 1980/1980/200 1981/1981/200 1982/1982/200
f 1983/1983/200 1984/1984/200 1985/1985/200
f 1986/1986/201 1987/1987/201 1988/1988/201
f 1989/1989/201 1990/1990/201 1991/1991/201
f 1992/1992/202 1993/1993/202 1994/1994/202
f 1995/1995/202 1996/1996/202 1997/1997/202
f 1998/1998/203 1999/1999/203 2000/2000/203
f 2001/2001/203 2002/2002/203 2003/2003/203
f 2004/2004/204 2005/2005/204 2006/2006/204
f 2007/2007/204 2008/2008/204 2009/2009/204
f 2010/2010/205 2011/2011/205 2012/2012/205
f 2013/2013/205 2014/2014/205 2015/2015/205
f 2016/2016/206 2017/2017/206 2018/2018/206
f 2019/2019/206 2020/2020/206 2021/2021/206
f 2022/2022/207 2023/2023/207 2024/2024/207
f 2025/2025/207 2026/2026/207 2027/2027/207
f 2028/2028/208 2029/2029/208 2030/2030/208
f 2031/2031/208 2032/2032/208 2033/2033/208
f 2034/2034/208 2035/2035/208 2036/2036/208
f 2037/2037/208 2038/2038/208 2039/2039/208
f 2040/2040/207 2041/2041/207 2042/2042/207
f 2043/2043/207 2044/2044/207 2045/2045/207
f 2046/2046/209 2047/2047/209 2048/2048/209
f 2049/2049/209 2050/2050/209 2051/2051/209
f 2052/2052/210 2053/2053/210 2054/2054/210
f 2055/2055/211 2056/2056/211 2057/2057/211
f 2058/2058/212 2059/2059/212 2060/2060/212
f 2061/2061/212 2062/2062/212 2063/2063/212
f 2064/2064/209 2065/2065/209 2066/2066/209
f 2067/2067/213 2068/2068/213 2069/2069/213
f 2070/2070/151 2071/2071/151 2072/2072/151
f 2073/2073/151 2074/2074/151 2075/2075/151
f 2076/2076/214 2077/2077/214 2078/2078/214
f 2079/2079/214 2080/2080/214 2081/2081/214
f 2082/2082/215 2083/2083/215 2084/2084/215
f 2085/2085/215 2086/2086/215 2087/2087/215
f 2088/2088/216 2089/2089/216 2090/2090/216
f 2091/2091/217 2092/2092/217 2093/2093/217
f 2094/2094/216 2095/2095/216 2096/2096/216
f 2097/2097/216 2098/2098/216 2099/2099/216
f 2100/2100/157 2101/2101/157 2102/2102/157
f 2103/2103/157 2104/2104/157 2105/2105/157
f 2106/2106/218 2107/2107/218 2108/2108/218
f 2109/2109/218 2110/2110/218 2111/2111/218
f 2112/2112/158 2113/2113/158 2114/2114/158
f 2115/2115/158 2116/2116/158 2117/2117/158
f 2118/2118/219 2119/2119/219 2120/2120/219
f 2121/2121/219 2122/2122/219 2123/2123/219
f 2124/2124/162 2125/2125/162 2126/2126/162
f 2127/2127/162 2128/2128/162 2129/2129/162
f 2130/2130/163 2131/2131/163 2132/2132/163
f 2133/2133/220 2134/2134/220 2135/2135/220
f 2136/2136/221 2137/2137/221 2138/2138/221
f 2139/2139/221 2140/2140/221 2141/2141/221
f 2142/2142/133 2143/2143/133 2144/2144/133
f 2145/2145/133 2146/2146/133 2147/2147/133
f 2148/2148/8 2149/2149/8 2150/2150/8
f 2151/2151/8 2152/2152/8 2153/2153/8
f 2154/2154/222 2155/2155/222 2156/2156/222
f 2157/2157/222 2158/2158/222 2159/2159/222
f 2160/2160/222 2161/2161/222 2162/2162/222
f 2163/2163/222 2164/2164/222 2165/2165/222
f 2166/2166/222 2167/2167/222 2168/2168/222
f 2169/2169/222 2170/2170/222 2171/2171/222
f 2172/2172/222 2173/2173/222 2174/2174/222
f 2175/2175/223 2176/2176/223 2177/2177/223
f 2178/2178/223 2179/2179/223 2180/2180/223
f 2181/2181/224 2182/2182/224 2183/2183/224
f 2184/2184/10 2185/2185/10 2186/2186/10
f 2187/2187/10 2188/2188/10 2189/2189/10
f 2190/2190/10 2191/2191/10 2192/2192/10
f 2193/2193/10 2194/2194/10 2195/2195/10
f 2196/2196/10 2197/2197/10 2198/2198/10
f 2197/2197/10 2199/2199/10 2198/2198/10
f 2200/2200/8 2201/2201/8 2202/2202/8
f 2201/2201/8 2203/2203/8 2202/2202/8
f 2204/2204/10 2205/2205/10 2206/2206/10
f 2205/2205/10 2207/2207/10 2206/2206/10
f 2208/2208/7 2209/2209/7 2210/2210/7
f 2209/2209/7 2211/2211/7 2210/2210/7
f 2212/2212/10 2213/2213/10 2214/2214/10
f 2213/2213/10 2215/2215/10 2214/2214/10
f 2216/2216/10 2217/2217/10 2218/2218/225
f 2217/2217/10 2219/2219/225 2218/2218/225
f 2220/2220/7 2221/2221/7 2222/2222/7
f 2221/2221/7 2223/2223/7 2222/2222/7
f 2224/2224/8 2225/2225/8 2226/2226/8
f 2225/2225/8 2227/2227/8 2226/2226/8
f 2228/2228/9 2229/2229/9 2230/2230/9
f 2229/2229/9 2231/2231/9 2230/2230/9
f 2232/2232/10 2233/2233/10 2234/2234/10
f 2233/2233/10 2235/2235/10 2234/2234/10
f 2236/2236/10 2237/2237/10 2238/2238/10
f 2237/2237/10 2239/2239/10 2238/2238/10
f 2240/2240/6 2241/2241/6 2242/2242/6
f 2241/2241/6 2243/2243/6 2242/2242/6
f 2244/2244/6 2245/2245/6 2246/2246/6
f 2245/2245/6 2247/2247/6 2246/2246/6
f 2248/2248/225 2249/2249/10 2250/2250/226
f 2249/2249/10 2251/2251/226 2250/2250/226
f 2252/2252/10 2253/2253/10 2254/2254/10
f 2253/2253/10 2255/2255/10 2254/2254/10
f 2256/2256/6 2257/2257/6 2258/2258/6
f 2257/2257/6 2259/2259/6 2258/2258/6
f 2260/2260/10 2261/2261/10 2262/2262/10
f 2261/2261/10 2263/2263/10 2262/2262/10
f 2264/2264/9 2265/2265/9 2266/2266/9
f 2265/2265/9 2267/2267/9 2266/2266/9
f 2268/2268/227 2269/2269/227 2270/2270/227
f 2269/2269/227 2271/2271/227 2270/2270/227
f 2272/2272/228 2273/2273/228 2274/2274/228
f 2273/2273/228 2275/2275/228 2274/2274/228
f 2276/2276/10 2277/2277/10 2278/2278/10
f 2277/2277/10 2279/2279/10 2278/2278/10
f 2280/2280/229 2281/2281/229 2282/2282/229
f 2281/2281/229 2283/2283/229 2282/2282/229
f 2284/2284/230 2285/2285/230 2286/2286/230
f 2285/2285/230 2287/2287/230 2286/2286/230
f 2288/2288/231 2289/2289/231 2290/2290/231
f 2289/2289/231 2291/2291/231 2290/2290/231
f 2292/2292/232 2293/2293/232 2294/2294/232
f 2293/2293/232 2295/2295/232 2294/2294/232
f 2296/2296/192 2297/2297/192 2298/2298/192
f 2297/2297/192 2299/2299/192 2298/2298/192
f 2300/2300/233 2301/2301/233 2302/2302/233
f 2301/2301/233 2303/2303/233 2302/2302/233
f 2304/2304/234 2305/2305/234 2306/2306/234
f 2305/2305/234 2307/2307/234 2306/2306/234
f 2308/2308/235 2309/2309/235 2310/2310/235
f 2309/2309/235 2311/2311/235 2310/2310/235
f 2312/2312/235 2313/2313/235 2314/2314/235
f 2313/2313/235 2315/2315/235 2314/2314/235
f 2316/2316/233 2317/2317/233 2318/2318/233
f 2317/2317/233 2319/2319/233 2318/2318/233
f 2320/2320/236 2321/2321/236 2322/2322/236
f 2321/2321/236 2323/2323/236 2322/2322/236
f 2324/2324/237 2325/2325/237 2326/2326/237
f 2325/2325/237 2327/2327/237 2326/2326/237
f 2328/2328/6 2329/2329/6 2330/2330/6
f 2329/2329/6 2331/2331/6 2330/2330/6
f 2332/2332/238 2333/2333/238 2334/2334/238
f 2333/2333/238 2335/2335/238 2334/2334/238
f 2336/2336/78 2337/2337/78 2338/2338/78
f 2337/2337/78 2339/2339/78 2338/2338/78
f 2340/2340/8 2341/2341/8 2342/2342/8
f 2341/2341/8 2343/2343/8 2342/2342/8
f 2344/2344/8 2345/2345/8 2346/2346/8
f 2345/2345/8 2347/2347/8 2346/2346/8
f 2348/2348/239 2349/2349/239 2350/2350/239
f 2349/2349/239 2351/2351/239 2350/2350/239
f 2352/2352/240 2353/2353/240 2354/2354/240
f 2353/2353/240 2355/2355/240 2354/2354/240
f 2356/2356/241 2357/2357/241 2358/2358/241
f 2357/2357/241 2359/2359/241 2358/2358/241
f 2360/2360/242 2361/2361/242 2362/2362/242
f 2361/2361/242 2363/2363/242 2362/2362/242
f 2364/2364/6 2365/2365/6 2366/2366/6
f 2365/2365/6 2367/2367/6 2366/2366/6
f 2368/2368/243 2369/2369/243 2370/2370/243
f 2369/2369/243 2371/2371/243 2370/2370/243
f 2372/2372/244 2373/2373/244 2374/2374/244
f 2373/2373/244 2375/2375/244 2374/2374/244
f 2376/2376/245 2377/2377/245 2378/2378/245
f 2377/2377/245 2379/2379/245 2378/2378/245
f 2380/2380/246 2381/2381/247 2382/2382/247
f 2381/2381/247 2383/2383/247 2382/2382/247
f 2384/2384/248 2385/2385/248 2386/2386/248
f 2385/2385/248 2387/2387/248 2386/2386/248
f 2388/2388/8 2389/2389/8 2390/2390/8
f 2389/2389/8 2391/2391/8 2390/2390/8
f 2392/2392/53 2393/2393/53 2394/2394/53
f 2393/2393/53 2395/2395/53 2394/2394/53
f 2396/2396/249 2397/2397/249 2398/2398/249
f 2397/2397/249 2399/2399/249 2398/2398/249
f 2400/2400/250 2401/2401/250 2402/2402/250
f 2401/2401/250 2403/2403/250 2402/2402/250
f 2404/2404/105 2405/2405/105 2406/2406/105
f 2405/2405/105 2407/2407/105 2406/2406/105
f 2408/2408/251 2409/2409/251 2410/2410/251
f 2409/2409/251 2411/2411/251 2410/2410/251
f 2412/2412/252 2413/2413/252 2414/2414/252
f 2413/2413/252 2415/2415/252 2414/2414/252
f 2416/2416/52 2417/2417/52 2418/2418/52
f 2417/2417/52 2419/2419/52 2418/2418/52
f 2420/2420/253 2421/2421/253 2422/2422/253
f 2421/2421/253 2423/2423/253 2422/2422/253
f 2424/2424/108 2425/2425/108 2426/2426/108
f 2425/2425/108 2427/2427/108 2426/2426/108
f 2428/2428/57 2429/2429/57 2430/2430/57
f 2429/2429/57 2431/2431/57 2430/2430/57
f 2432/2432/254 2433/2433/254 2434/2434/254
f 2433/2433/254 2435/2435/254 2434/2434/254
f 2436/2436/255 2437/2437/255 2438/2438/255
f 2437/2437/255 2439/2439/255 2438/2438/255
f 2440/2440/61 2441/2441/61 2442/2442/61
f 2441/2441/61 2443/2443/61 2442/2442/61
f 2444/2444/128 2445/2445/128 2446/2446/128
f 2445/2445/128 2447/2447/128 2446/2446/128
f 2448/2448/256 2449/2449/256 2450/2450/256
f 2449/2449/256 2451/2451/256 2450/2450/256
f 2452/2452/10 2453/2453/10 2454/2454/10
f 2453/2453/10 2455/2455/10 2454/2454/10
f 2456/2456/257 2457/2457/257 2458/2458/257
f 2457/2457/257 2459/2459/257 2458/2458/257
f 2460/2460/258 2461/2461/258 2462/2462/258
f 2461/2461/258 2463/2463/258 2462/2462/258
f 2464/2464/48 2465/2465/48 2466/2466/48
f 2465/2465/48 2467/2467/48 2466/2466/48
f 2468/2468/238 2469/2469/238 2470/2470/238
f 2469/2469/238 2471/2471/238 2470/2470/238
f 2472/2472/8 2473/2473/8 2474/2474/8
f 2473/2473/8 2475/2475/8 2474/2474/8
f 2476/2476/8 2477/2477/8 2478/2478/8
f 2477/2477/8 2479/2479/8 2478/2478/8
f 2480/2480/259 2481/2481/259 2482/2482/259
f 2481/2481/259 2483/2483/259 2482/2482/259
f 2484/2484/260 2485/2485/260 2486/2486/260
f 2485/2485/260 2487/2487/260 2486/2486/260
f 2488/2488/261 2489/2489/261 2490/2490/261
f 2489/2489/261 2491/2491/261 2490/2490/261
f 2492/2492/262 2493/2493/262 2494/2494/262
f 2493/2493/262 2495/2495/262 2494/2494/262
f 2496/2496/6 2497/2497/6 2498/2498/6
f 2497/2497/6 2499/2499/6 2498/2498/6
f 2500/2500/8 2501/2501/8 2502/2502/8
f 2501/2501/8 2503/2503/8 2502/2502/8
f 2504/2504/241 2505/2505/241 2506/2506/241
f 2505/2505/241 2507/2507/241 2506/2506/241
f 2508/2508/242 2509/2509/242 2510/2510/242
f 2509/2509/242 2511/2511/242 2510/2510/242
f 2512/2512/239 2513/2513/239 2514/2514/239
f 2513/2513/239 2515/2515/239 2514/2514/239
f 2516/2516/240 2517/2517/240 2518/2518/240
f 2517/2517/240 2519/2519/240 2518/2518/240
f 2520/2520/6 2521/2521/6 2522/2522/6
f 2521/2521/6 2523/2523/6 2522/2522/6
f 2524/2524/263 2525/2525/263 2526/2526/263
f 2525/2525/263 2527/2527/263 2526/2526/263
f 2528/2528/264 2529/2529/264 2530/2530/264
f 2529/2529/264 2531/2531/264 2530/2530/264
f 2532/2532/265 2533/2533/265 2534/2534/265
f 2533/2533/265 2535/2535/265 2534/2534/265
f 2536/2536/265 2537/2537/265 2538/2538/265
f 2537/2537/265 2539/2539/265 2538/2538/265
f 2540/2540/263 2541/2541/263 2542/2542/263
f 2541/2541/263 2543/2543/263 2542/2542/263
f 2544/2544/266 2545/2545/266 2546/2546/266
f 2545/2545/266 2547/2547/266 2546/2546/266
f 2548/2548/267 2549/2549/267 2550/2550/267
f 2549/2549/267 2551/2551/267 2550/2550/267
f 2552/2552/268 2553/2553/268 2554/2554/268
f 2553/2553/268 2555/2555/268 2554/2554/268
f 2556/2556/269 2557/2557/269 2558/2558/269
f 2557/2557/269 2559/2559/269 2558/2558/269
f 2560/2560/270 2561/2561/270 2562/2562/270
f 2561/2561/270 2563/2563/270 2562/2562/270
f 2564/2564/271 2565/2565/271 2566/2566/271
f 2565/2565/271 2567/2567/271 2566/2566/271
f 2568/2568/272 2569/2569/272 2570/2570/272
f 2569/2569/272 2571/2571/272 2570/2570/272
f 2572/2572/273 2573/2573/273 2574/2574/273
f 2573/2573/273 2575/2575/273 2574/2574/273
f 2576/2576/274 2577/2577/274 2578/2578/274
f 2577/2577/274 2579/2579/274 2578/2578/274
f 2580/2580/8 2581/2581/8 2582/2582/8
f 2581/2581/8 2583/2583/8 2582/2582/8
f 2584/2584/52 2585/2585/52 2586/2586/52
f 2585/2585/52 2587/2587/52 2586/2586/52
f 2588/2588/275 2589/2589/275 2590/2590/275
f 2589/2589/275 2591/2591/275 2590/2590/275
f 2592/2592/276 2593/2593/276 2594/2594/276
f 2593/2593/276 2595/2595/276 2594/2594/276
f 2596/2596/54 2597/2597/54 2598/2598/54
f 2597/2597/54 2599/2599/54 2598/2598/54
f 2600/2600/277 2601/2601/277 2602/2602/277
f 2601/2601/277 2603/2603/277 2602/2602/277
f 2604/2604/53 2605/2605/53 2606/2606/53
f 2605/2605/53 2607/2607/53 2606/2606/53
f 2608/2608/55 2609/2609/55 2610/2610/55
f 2609/2609/55 2611/2611/55 2610/2610/55
f 2612/2612/58 2613/2613/58 2614/2614/58
f 2613/2613/58 2615/2615/58 2614/2614/58
f 2616/2616/278 2617/2617/278 2618/2618/278
f 2617/2617/278 2619/2619/279 2618/2618/278
f 2620/2620/76 2621/2621/76 2622/2622/76
f 2621/2621/76 2623/2623/76 2622/2622/76
f 2624/2624/192 2625/2625/192 2626/2626/192
f 2625/2625/192 2627/2627/192 2626/2626/192
f 2628/2628/221 2629/2629/221 2630/2630/221
f 2629/2629/221 2631/2631/221 2630/2630/221
f 2632/2632/280 2633/2633/280 2634/2634/280
f 2633/2633/280 2635/2635/280 2634/2634/280
f 2636/2636/135 2637/2637/135 2638/2638/135
f 2637/2637/135 2639/2639/135 2638/2638/135
f 2640/2640/6 2641/2641/6 2642/2642/6
f 2641/2641/6 2643/2643/6 2642/2642/6
f 2644/2644/6 2645/2645/6 2646/2646/6
f 2645/2645/6 2647/2647/6 2646/2646/6
f 2648/2648/281 2649/2649/281 2650/2650/281
f 2649/2649/281 2651/2651/281 2650/2650/281
f 2652/2652/282 2653/2653/282 2654/2654/282
f 2653/2653/282 2655/2655/282 2654/2654/282
f 2656/2656/283 2657/2657/283 2658/2658/283
f 2657/2657/283 2659/2659/283 2658/2658/283
f 2660/2660/284 2661/2661/284 2662/2662/284
f 2661/2661/284 2663/2663/284 2662/2662/284
f 2664/2664/8 2665/2665/8 2666/2666/8
f 2665/2665/8 2667/2667/8 2666/2666/8
f 2668/2668/285 2669/2669/285 2670/2670/285
f 2669/2669/285 2671/2671/285 2670/2670/285
f 2672/2672/286 2673/2673/286 2674/2674/286
f 2673/2673/286 2675/2675/286 2674/2674/286
f 2676/2676/287 2677/2677/287 2678/2678/287
f 2677/2677/287 2679/2679/287 2678/2678/287
f 2680/2680/288 2681/2681/288 2682/2682/288
f 2681/2681/288 2683/2683/289 2682/2682/288
f 2684/2684/290 2685/2685/290 2686/2686/290
f 2685/2685/290 2687/2687/290 2686/2686/290
f 2688/2688/158 2689/2689/158 2690/2690/158
f 2689/2689/158 2691/2691/158 2690/2690/158
f 2692/2692/291 2693/2693/291 2694/2694/291
f 2693/2693/291 2695/2695/291 2694/2694/291
f 2696/2696/292 2697/2697/292 2698/2698/292
f 2697/2697/292 2699/2699/292 2698/2698/292
f 2700/2700/218 2701/2701/218 2702/2702/218
f 2701/2701/218 2703/2703/218 2702/2702/218
f 2704/2704/293 2705/2705/293 2706/2706/293
f 2705/2705/293 2707/2707/293 2706/2706/293
f 2708/2708/294 2709/2709/294 2710/2710/294
f 2709/2709/294 2711/2711/294 2710/2710/294
f 2712/2712/157 2713/2713/157 2714/2714/157
f 2713/2713/157 2715/2715/157 2714/2714/157
f 2716/2716/295 2717/2717/295 2718/2718/295
f 2717/2717/295 2719/2719/295 2718/2718/295
f 2720/2720/219 2721/2721/219 2722/2722/219
f 2721/2721/219 2723/2723/219 2722/2722/219
f 2724/2724/162 2725/2725/162 2726/2726/162
f 2725/2725/162 2727/2727/162 2726/2726/162
f 2728/2728/296 2729/2729/297 2730/2730/297
f 2729/2729/297 2731/2731/297 2730/2730/297
f 2732/2732/298 2733/2733/298 2734/2734/298
f 2733/2733/298 2735/2735/298 2734/2734/298
f 2736/2736/168 2737/2737/168 2738/2738/168
f 2737/2737/168 2739/2739/168 2738/2738/168
f 2740/2740/166 2741/2741/166 2742/2742/166
f 2741/2741/166 2743/2743/166 2742/2742/166
f 2744/2744/299 2745/2745/299 2746/2746/299
f 2745/2745/299 2747/2747/299 2746/2746/299
f 2748/2748/300 2749/2749/300 2750/2750/300
f 2749/2749/300 2751/2751/300 2750/2750/300
f 2752/2752/301 2753/2753/301 2754/2754/301
f 2753/2753/301 2755/2755/301 2754/2754/301
f 2756/2756/302 2757/2757/302 2758/2758/302
f 2757/2757/302 2759/2759/302 2758/2758/302
f 2760/2760/303 2761/2761/303 2762/2762/303
f 2761/2761/303 2763/2763/303 2762/2762/303
f 2764/2764/304 2765/2765/304 2766/2766/304
f 2765/2765/304 2767/2767/304 2766/2766/304
f 2768/2768/9 2769/2769/9 2770/2770/9
f 2769/2769/9 2771/2771/9 2770/2770/9
f 2772/2772/10 2773/2773/10 2774/2774/10
f 2773/2773/10 2775/2775/10 2774/2774/10
f 2776/2776/6 2777/2777/6 2778/2778/6
f 2777/2777/6 2779/2779/6 2778/2778/6
f 2780/2780/10 2781/2781/10 2782/2782/10
f 2781/2781/10 2783/2783/10 2782/2782/10
f 2784/2784/10 2785/2785/10 2786/2786/10
f 2785/2785/10 2787/2787/10 2786/2786/10
f 2788/2788/226 2789/2789/226 2790/2790/10
f 2789/2789/226 2791/2791/10 2790/2790/10
f 2792/2792/9 2793/2793/9 2794/2794/9
f 2793/2793/9 2795/2795/9 2794/2794/9
f 2796/2796/6 2797/2797/6 2798/2798/6
f 2797/2797/6 2799/2799/6 2798/2798/6
f 2800/2800/7 2801/2801/7 2802/2802/7
f 2801/2801/7 2803/2803/7 2802/2802/7
f 2804/2804/10 2805/2805/10 2806/2806/10
f 2805/2805/10 2807/2807/10 2806/2806/10
f 2808/2808/10 2809/2809/10 2810/2810/10
f 2809/2809/10 2811/2811/10 2810/2810/10
f 2812/2812/8 2813/2813/8 2814/2814/8
f 2813/2813/8 2815/2815/8 2814/2814/8
f 2816/2816/8 2817/2817/8 2818/2818/8
f 2817/2817/8 2819/2819/8 2818/2818/8
f 2820/2820/10 2821/2821/10 2822/2822/225
f 2821/2821/10 2823/2823/225 2822/2822/225
f 2824/2824/10 2825/2825/10 2826/2826/10
f 2825/2825/10 2827/2827/10 2826/2826/10
f 2828/2828/8 2829/2829/8 2830/2830/8
f 2829/2829/8 2831/2831/8 2830/2830/8
f 2832/2832/10 2833/2833/10 2834/2834/10
f 2833/2833/10 2835/2835/10 2834/2834/10
f 2836/2836/7 2837/2837/7 2838/2838/7
f 2837/2837/7 2839/2839/7 2838/2838/7
f 2840/2840/9 2841/2841/9 2842/2842/9
f 2841/2841/9 2843/2843/9 2842/2842/9
f 2844/2844/6 2845/2845/6 2846/2846/6
f 2845/2845/6 2847/2847/6 2846/2846/6
f 2848/2848/192 2849/2849/192 2850/2850/192
f 2849/2849/192 2851/2851/192 2850/2850/192
f 2852/2852/192 2853/2853/192 2854/2854/192
f 2853/2853/192 2855/2855/192 2854/2854/192
f 2856/2856/6 2857/2857/6 2858/2858/6
f 2857/2857/6 2859/2859/6 2858/2858/6
f 2860/2860/10 2861/2861/10 2862/2862/10
f 2861/2861/10 2863/2863/10 2862/2862/10
f 2864/2864/6 2865/2865/6 2866/2866/6
f 2865/2865/6 2867/2867/6 2866/2866/6
f 2868/2868/305 2869/2869/305 2870/2870/306
f 2869/2869/305 2871/2871/306 2870/2870/306
f 2872/2872/6 2873/2873/6 2874/2874/6
f 2873/2873/6 2875/2875/6 2874/2874/6
f 2876/2876/9 2877/2877/9 2878/2878/9
f 2877/2877/9 2879/2879/9 2878/2878/9
f 2880/2880/192 2881/2881/192 2882/2882/192
f 2881/2881/192 2883/2883/192 2882/2882/192
f 2884/2884/7 2885/2885/7 2886/2886/7
f 2885/2885/7 2887/2887/7 2886/2886/7
f 2888/2888/6 2889/2889/6 2890/2890/6
f 2889/2889/6 2891/2891/6 2890/2890/6
f 2892/2892/6 2893/2893/6 2894/2894/6
f 2893/2893/6 2895/2895/6 2894/2894/6
f 2896/2896/10 2897/2897/10 2898/2898/10
f 2897/2897/10 2899/2899/10 2898/2898/10
f 2900/2900/10 2901/2901/10 2902/2902/10
f 2901/2901/10 2903/2903/10 2902/2902/10
f 2904/2904/6 2905/2905/6 2906/2906/6
f 2905/2905/6 2907/2907/6 2906/2906/6
f 2908/2908/6 2909/2909/6 2910/2910/6
f 2909/2909/6 2911/2911/6 2910/2910/6
f 2912/2912/10 2913/2913/10 2914/2914/10
f 2913/2913/10 2915/2915/10 2914/2914/10
f 2916/2916/6 2917/2917/6 2918/2918/6
f 2917/2917/6 2919/2919/6 2918/2918/6
f 2920/2920/7 2921/2921/7 2922/2922/7
f 2921/2921/7 2923/2923/7 2922/2922/7
f 2924/2924/6 2925/2925/6 2926/2926/6
f 2925/2925/6 2927/2927/6 2926/2926/6
f 2928/2928/10 2929/2929/10 2930/2930/10
f 2929/2929/10 2931/2931/10 2930/2930/10
f 2932/2932/10 2933/2933/10 2934/2934/10
f 2933/2933/10 2935/2935/10 2934/2934/10
f 2936/2936/6 2937/2937/6 2938/2938/6
f 2937/2937/6 2939/2939/6 2938/2938/6
f 2940/2940/192 2941/2941/192 2942/2942/192
f 2941/2941/192 2943/2943/192 2942/2942/192
f 2944/2944/6 2945/2945/6 2946/2946/6
f 2945/2945/6 2947/2947/6 2946/2946/6
f 2948/2948/6 2949/2949/6 2950/2950/6
f 2949/2949/6 2951/2951/6 2950/2950/6
f 2952/2952/7 2953/2953/7 2954/2954/7
f 2953/2953/7 2955/2955/7 2954/2954/7
f 2956/2956/10 2957/2957/10 2958/2958/10
f 2957/2957/10 2959/2959/10 2958/2958/10
f 2960/2960/9 2961/2961/9 2962/2962/9
f 2961/2961/9 2963/2963/9 2962/2962/9
f 2964/2964/6 2965/2965/6 2966/2966/6
f 2965/2965/6 2967/2967/6 2966/2966/6
f 2968/2968/6 2969/2969/6 2970/2970/6
f 2969/2969/6 2971/2971/6 2970/2970/6
f 2972/2972/192 2973/2973/192 2974/2974/192
f 2973/2973/192 2975/2975/192 2974/2974/192
f 2976/2976/192 2977/2977/192 2978/2978/192
f 2977/2977/192 2979/2979/192 2978/2978/192
f 2980/2980/6 2981/2981/6 2982/2982/6
f 2981/2981/6 2983/2983/6 2982/2982/6
f 2984/2984/6 2985/2985/6 2986/2986/6
f 2985/2985/6 2987/2987/6 2986/2986/6
f 2988/2988/192 2989/2989/192 2990/2990/192
f 2989/2989/192 2991/2991/192 2990/2990/192
f 2992/2992/6 2993/2993/6 2994/2994/6
f 2993/2993/6 2995/2995/6 2994/2994/6
f 2996/2996/9 2997/2997/9 2998/2998/9
f 2997/2997/9 2999/2999/9 2998/2998/9
f 3000/3000/9 3001/3001/9 3002/3002/9
f 3001/3001/9 3003/3003/9 3002/3002/9
f 3004/3004/6 3005/3005/6 3006/3006/6
f 3005/3005/6 3007/3007/6 3006/3006/6
f 3008/3008/192 3009/3009/192 3010/3010/192
f 3009/3009/192 3011/3011/192 3010/3010/192
f 3012/3012/6 3013/3013/6 3014/3014/6
f 3013/3013/6 3015/3015/6 3014/3014/6
f 3016/3016/6 3017/3017/6 3018/3018/6
f 3017/3017/6 3019/3019/6 3018/3018/6
f 3020/3020/6 3021/3021/6 3022/3022/6
f 3021/3021/6 3023/3023/6 3022/3022/6
f 3024/3024/9 3025/3025/9 3026/3026/9
f 3025/3025/9 3027/3027/9 3026/3026/9
f 3028/3028/192 3029/3029/192 3030/3030/192
f 3029/3029/192 3031/3031/192 3030/3030/192
f 3032/3032/7 3033/3033/7 3034/3034/7
f 3033/3033/7 3035/3035/7 3034/3034/7
f 3036/3036/6 3037/3037/6 3038/3038/6
f 3037/3037/6 3039/3039/6 3038/3038/6
f 3040/3040/6 3041/3041/6 3042/3042/6
f 3041/3041/6 3043/3043/6 3042/3042/6
f 3044/3044/10 3045/3045/10 3046/3046/10
f 3045/3045/10 3047/3047/10 3046/3046/10
f 3048/3048/10 3049/3049/10 3050/3050/10
f 3049/3049/10 3051/3051/10 3050/3050/10
f 3052/3052/6 3053/3053/6 3054/3054/6
f 3053/3053/6 3055/3055/6 3054/3054/6
f 3056/3056/6 3057/3057/6 3058/3058/6
f 3057/3057/6 3059/3059/6 3058/3058/6
f 3060/3060/10 3061/3061/10 3062/3062/10
f 3061/3061/10 3063/3063/10 3062/3062/10
f 3064/3064/6 3065/3065/6 3066/3066/6
f 3065/3065/6 3067/3067/6 3066/3066/6
f 3068/3068/7 3069/3069/7 3070/3070/7
f 3069/3069/7 3071/3071/7 3070/3070/7
f 3072/3072/6 3073/3073/6 3074/3074/6
f 3073/3073/6 3075/3075/6 3074/3074/6
f 3076/3076/10 3077/3077/10 3078/3078/10
f 3077/3077/10 3079/3079/10 3078/3078/10
f 3080/3080/6 3081/3081/6 3082/3082/6
f 3081/3081/6 3083/3083/6 3082/3082/6
f 3084/3084/7 3085/3085/7 3086/3086/7
f 3085/3085/7 3087/3087/7 3086/3086/7
f 3088/3088/6 3089/3089/6 3090/3090/6
f 3089/3089/6 3091/3091/6 3090/3090/6
f 3092/3092/6 3093/3093/6 3094/3094/6
f 3093/3093/6 3095/3095/6 3094/3094/6
f 3096/3096/7 3097/3097/7 3098/3098/7
f 3097/3097/7 3099/3099/7 3098/3098/7
f 3100/3100/10 3101/3101/10 3102/3102/10
f 3101/3101/10 3103/3103/10 3102/3102/10
f 3104/3104/9 3105/3105/9 3106/3106/9
f 3105/3105/9 3107/3107/9 3106/3106/9
f 3108/3108/6 3109/3109/6 3110/3110/6
f 3109/3109/6 3111/3111/6 3110/3110/6
f 3112/3112/6 3113/3113/6 3114/3114/6
f 3113/3113/6 3115/3115/6 3114/3114/6
f 3116/3116/192 3117/3117/192 3118/3118/192
f 3117/3117/192 3119/3119/192 3118/3118/192
f 3120/3120/192 3121/3121/192 3122/3122/192
f 3121/3121/192 3123/3123/192 3122/3122/192
f 3124/3124/6 3125/3125/6 3126/3126/6
f 3125/3125/6 3127/3127/6 3126/3126/6
f 3128/3128/6 3129/3129/6 3130/3130/6
f 3129/3129/6 3131/3131/6 3130/3130/6
f 3132/3132/192 3133/3133/192 3134/3134/192
f 3133/3133/192 3135/3135/192 3134/3134/192
f 3136/3136/6 3137/3137/6 3138/3138/6
f 3137/3137/6 3139/3139/6 3138/3138/6
f 3140/3140/9 3141/3141/9 3142/3142/9
f 3141/3141/9 3143/3143/9 3142/3142/9
f 3144/3144/9 3145/3145/9 3146/3146/9
f 3145/3145/9 3147/3147/9 3146/3146/9
f 3148/3148/6 3149/3149/6 3150/3150/6
f 3149/3149/6 3151/3151/6 3150/3150/6
f 3152/3152/192 3153/3153/192 3154/3154/192
f 3153/3153/192 3155/3155/192 3154/3154/192
f 3156/3156/192 3157/3157/192 3158/3158/192
f 3157/3157/192 3159/3159/192 3158/3158/192
f 3160/3160/6 3161/3161/6 3162/3162/6
f 3161/3161/6 3163/3163/6 3162/3162/6
f 3164/3164/10 3165/3165/10 3166/3166/10
f 3165/3165/10 3167/3167/10 3166/3166/10
f 3168/3168/6 3169/3169/6 3170/3170/6
f 3169/3169/6 3171/3171/6 3170/3170/6
f 3172/3172/192 3173/3173/192 3174/3174/192
f 3173/3173/192 3175/3175/192 3174/3174/192
f 3176/3176/6 3177/3177/6 3178/3178/6
f 3177/3177/6 3179/3179/6 3178/3178/6
f 3180/3180/9 3181/3181/9 3182/3182/9
f 3181/3181/9 3183/3183/9 3182/3182/9
f 3184/3184/192 3185/3185/192 3186/3186/192
f 3185/3185/192 3187/3187/192 3186/3186/192
f 3188/3188/7 3189/3189/7 3190/3190/7
f 3189/3189/7 3191/3191/7 3190/3190/7
f 3192/3192/6 3193/3193/6 3194/3194/6
f 3193/3193/6 3195/3195/6 3194/3194/6
f 3196/3196/6 3197/3197/6 3198/3198/6
f 3197/3197/6 3199/3199/6 3198/3198/6
f 3200/3200/10 3201/3201/10 3202/3202/10
f 3201/3201/10 3203/3203/10 3202/3202/10
f 3204/3204/10 3205/3205/10 3206/3206/10
f 3205/3205/10 3207/3207/10 3206/3206/10
f 3208/3208/6 3209/3209/6 3210/3210/6
f 3209/3209/6 3211/3211/6 3210/3210/6
f 3212/3212/6 3213/3213/6 3214/3214/6
f 3213/3213/6 3215/3215/6 3214/3214/6
f 3216/3216/10 3217/3217/10 3218/3218/10
f 3217/3217/10 3219/3219/10 3218/3218/10
f 3220/3220/6 3221/3221/6 3222/3222/6
f 3221/3221/6 3223/3223/6 3222/3222/6
f 3224/3224/7 3225/3225/7 3226/3226/7
f 3225/3225/7 3227/3227/7 3226/3226/7
f 3228/3228/7 3229/3229/7 3230/3230/7
f 3229/3229/7 3231/3231/7 3230/3230/7
f 3232/3232/9 3233/3233/9 3234/3234/9
f 3233/3233/9 3235/3235/9 3234/3234/9
f 3236/3236/8 3237/3237/8 3238/3238/8
f 3237/3237/8 3239/3239/8 3238/3238/8
f 3240/3240/10 3241/3241/10 3242/3242/10
f 3241/3241/10 3243/3243/10 3242/3242/10
f 3244/3244/10 3245/3245/10 3246/3246/10
f 3245/3245/10 3247/3247/10 3246/3246/10
f 3248/3248/8 3249/3249/8 3250/3250/8
f 3249/3249/8 3251/3251/8 3250/3250/8
f 3252/3252/192 3253/3253/192 3254/3254/192
f 3253/3253/192 3255/3255/192 3254/3254/192
f 3256/3256/8 3257/3257/8 3258/3258/8
f 3257/3257/8 3259/3259/8 3258/3258/8
f 3260/3260/226 3261/3261/226 3262/3262/225
f 3261/3261/226 3263/3263/225 3262/3262/225
f 3264/3264/8 3265/3265/8 3266/3266/8
f 3265/3265/8 3267/3267/8 3266/3266/8
f 3268/3268/9 3269/3269/9 3270/3270/9
f 3269/3269/9 3271/3271/9 3270/3270/9
f 3272/3272/10 3273/3273/10 3274/3274/10
f 3273/3273/10 3275/3275/10 3274/3274/10
f 3276/3276/7 3277/3277/7 3278/3278/7
f 3277/3277/7 3279/3279/7 3278/3278/7
f 3280/3280/8 3281/3281/8 3282/3282/8
f 3281/3281/8 3283/3283/8 3282/3282/8
f 3284/3284/8 3285/3285/8 3286/3286/8
f 3285/3285/8 3287/3287/8 3286/3286/8
f 3288/3288/192 3289/3289/192 3290/3290/192
f 3289/3289/192 3291/3291/192 3290/3290/192
f 3292/3292/192 3293/3293/192 3294/3294/192
f 3293/3293/192 3295/3295/192 3294/3294/192
f 3296/3296/8 3297/3297/8 3298/3298/8
f 3297/3297/8 3299/3299/8 3298/3298/8
f 3300/3300/8 3301/3301/8 3302/3302/8
f 3301/3301/8 3303/3303/8 3302/3302/8
f 3304/3304/192 3305/3305/192 3306/3306/192
f 3305/3305/192 3307/3307/192 3306/3306/192
f 3308/3308/8 3309/3309/8 3310/3310/8
f 3309/3309/8 3311/3311/8 3310/3310/8
f 3312/3312/7 3313/3313/7 3314/3314/7
f 3313/3313/7 3315/3315/7 3314/3314/7
f 3316/3316/8 3317/3317/8 3318/3318/8
f 3317/3317/8 3319/3319/8 3318/3318/8
f 3320/3320/192 3321/3321/192 3322/3322/192
f 3321/3321/192 3323/3323/192 3322/3322/192
f 3324/3324/192 3325/3325/192 3326/3326/192
f 3325/3325/192 3327/3327/192 3326/3326/192
f 3328/3328/8 3329/3329/8 3330/3330/8
f 3329/3329/8 3331/3331/8 3330/3330/8
f 3332/3332/10 3333/3333/10 3334/3334/10
f 3333/3333/10 3335/3335/10 3334/3334/10
f 3336/3336/8 3337/3337/8 3338/3338/8
f 3337/3337/8 3339/3339/8 3338/3338/8
f 3340/3340/8 3341/3341/8 3342/3342/8
f 3341/3341/8 3343/3343/8 3342/3342/8
f 3344/3344/7 3345/3345/7 3346/3346/7
f 3345/3345/7 3347/3347/7 3346/3346/7
f 3348/3348/192 3349/3349/192 3350/3350/192
f 3349/3349/192 3351/3351/192 3350/3350/192
f 3352/3352/9 3353/3353/9 3354/3354/9
f 3353/3353/9 3355/3355/9 3354/3354/9
f 3356/3356/8 3357/3357/8 3358/3358/8
f 3357/3357/8 3359/3359/8 3358/3358/8
f 3360/3360/8 3361/3361/8 3362/3362/8
f 3361/3361/8 3363/3363/8 3362/3362/8
f 3364/3364/10 3365/3365/10 3366/3366/10
f 3365/3365/10 3367/3367/10 3366/3366/10
f 3368/3368/10 3369/3369/10 3370/3370/10
f 3369/3369/10 3371/3371/10 3370/3370/10
f 3372/3372/8 3373/3373/8 3374/3374/8
f 3373/3373/8 3375/3375/8 3374/3374/8
f 3376/3376/8 3377/3377/8 3378/3378/8
f 3377/3377/8 3379/3379/8 3378/3378/8
f 3380/3380/10 3381/3381/10 3382/3382/10
f 3381/3381/10 3383/3383/10 3382/3382/10
f 3384/3384/8 3385/3385/8 3386/3386/8
f 3385/3385/8 3387/3387/8 3386/3386/8
f 3388/3388/9 3389/3389/9 3390/3390/9
f 3389/3389/9 3391/3391/9 3390/3390/9
f 3392/3392/9 3393/3393/9 3394/3394/9
f 3393/3393/9 3395/3395/9 3394/3394/9
f 3396/3396/8 3397/3397/8 3398/3398/8
f 3397/3397/8 3399/3399/8 3398/3398/8
f 3400/3400/10 3401/3401/10 3402/3402/10
f 3401/3401/10 3403/3403/10 3402/3402/10
f 3404/3404/8 3405/3405/8 3406/3406/8
f 3405/3405/8 3407/3407/8 3406/3406/8
f 3408/3408/8 3409/3409/8 3410/3410/8
f 3409/3409/8 3411/3411/8 3410/3410/8
f 3412/3412/8 3413/3413/8 3414/3414/8
f 3413/3413/8 3415/3415/8 3414/3414/8
f 3416/3416/9 3417/3417/9 3418/3418/9
f 3417/3417/9 3419/3419/9 3418/3418/9
f 3420/3420/10 3421/3421/10 3422/3422/10
f 3421/3421/10 3423/3423/10 3422/3422/10
f 3424/3424/7 3425/3425/7 3426/3426/7
f 3425/3425/7 3427/3427/7 3426/3426/7
f 3428/3428/8 3429/3429/8 3430/3430/8
f 3429/3429/8 3431/3431/8 3430/3430/8
f 3432/3432/8 3433/3433/8 3434/3434/8
f 3433/3433/8 3435/3435/8 3434/3434/8
f 3436/3436/192 3437/3437/192 3438/3438/192
f 3437/3437/192 3439/3439/192 3438/3438/192
f 3440/3440/192 3441/3441/192 3442/3442/192
f 3441/3441/192 3443/3443/192 3442/3442/192
f 3444/3444/8 3445/3445/8 3446/3446/8
f 3445/3445/8 3447/3447/8 3446/3446/8
f 3448/3448/8 3449/3449/8 3450/3450/8
f 3449/3449/8 3451/3451/8 3450/3450/8
f 3452/3452/192 3453/3453/192 3454/3454/192
f 3453/3453/192 3455/3455/192 3454/3454/192
f 3456/3456/8 3457/3457/8 3458/3458/8
f 3457/3457/8 3459/3459/8 3458/3458/8
f 3460/3460/7 3461/3461/7 3462/3462/7
f 3461/3461/7 3463/3463/7 3462/3462/7
f 3464/3464/8 3465/3465/8 3466/3466/8
f 3465/3465/8 3467/3467/8 3466/3466/8
f 3468/3468/192 3469/3469/192 3470/3470/192
f 3469/3469/192 3471/3471/192 3470/3470/192
f 3472/3472/8 3473/3473/8 3474/3474/8
f 3473/3473/8 3475/3475/8 3474/3474/8
f 3476/3476/7 3477/3477/7 3478/3478/7
f 3477/3477/7 3479/3479/7 3478/3478/7
f 3480/3480/8 3481/3481/8 3482/3482/8
f 3481/3481/8 3483/3483/8 3482/3482/8
f 3484/3484/8 3485/3485/8 3486/3486/8
f 3485/3485/8 3487/3487/8 3486/3486/8
f 3488/3488/7 3489/3489/7 3490/3490/7
f 3489/3489/7 3491/3491/7 3490/3490/7
f 3492/3492/192 3493/3493/192 3494/3494/192
f 3493/3493/192 3495/3495/192 3494/3494/192
f 3496/3496/9 3497/3497/9 3498/3498/9
f 3497/3497/9 3499/3499/9 3498/3498/9
f 3500/3500/8 3501/3501/8 3502/3502/8
f 3501/3501/8 3503/3503/8 3502/3502/8
f 3504/3504/8 3505/3505/8 3506/3506/8
f 3505/3505/8 3507/3507/8 3506/3506/8
f 3508/3508/10 3509/3509/10 3510/3510/10
f 3509/3509/10 3511/3511/10 3510/3510/10
f 3512/3512/10 3513/3513/10 3514/3514/10
f 3513/3513/10 3515/3515/10 3514/3514/10
f 3516/3516/8 3517/3517/8 3518/3518/8
f 3517/3517/8 3519/3519/8 3518/3518/8
f 3520/3520/8 3521/3521/8 3522/3522/8
f 3521/3521/8 3523/3523/8 3522/3522/8
f 3524/3524/10 3525/3525/10 3526/3526/10
f 3525/3525/10 3527/3527/10 3526/3526/10
f 3528/3528/8 3529/3529/8 3530/3530/8
f 3529/3529/8 3531/3531/8 3530/3530/8
f 3532/3532/9 3533/3533/9 3534/3534/9
f 3533/3533/9 3535/3535/9 3534/3534/9
f 3536/3536/9 3537/3537/9 3538/3538/9
f 3537/3537/9 3539/3539/9 3538/3538/9
f 3540/3540/8 3541/3541/8 3542/3542/8
f 3541/3541/8 3543/3543/8 3542/3542/8
f 3544/3544/10 3545/3545/10 3546/3546/10
f 3545/3545/10 3547/3547/10 3546/3546/10
f 3548/3548/10 3549/3549/10 3550/3550/10
f 3549/3549/10 3551/3551/10 3550/3550/10
f 3552/3552/8 3553/3553/8 3554/3554/8
f 3553/3553/8 3555/3555/8 3554/3554/8
f 3556/3556/192 3557/3557/192 3558/3558/192
f 3557/3557/192 3559/3559/192 3558/3558/192
f 3560/3560/8 3561/3561/8 3562/3562/8
f 3561/3561/8 3563/3563/8 3562/3562/8
f 3564/3564/10 3565/3565/10 3566/3566/10
f 3565/3565/10 3567/3567/10 3566/3566/10
f 3568/3568/8 3569/3569/8 3570/3570/8
f 3569/3569/8 3571/3571/8 3570/3570/8
f 3572/3572/9 3573/3573/9 3574/3574/9
f 3573/3573/9 3575/3575/9 3574/3574/9
f 3576/3576/10 3577/3577/10 3578/3578/10
f 3577/3577/10 3579/3579/10 3578/3578/10
f 3580/3580/7 3581/3581/7 3582/3582/7
f 3581/3581/7 3583/3583/7 3582/3582/7
f 3584/3584/8 3585/3585/8 3586/3586/8
f 3585/3585/8 3587/3587/8 3586/3586/8
f 3588/3588/8 3589/3589/8 3590/3590/8
f 3589/3589/8 3591/3591/8 3590/3590/8
f 3592/3592/192 3593/3593/192 3594/3594/192
f 3593/3593/192 3595/3595/192 3594/3594/192
f 3596/3596/192 3597/3597/192 3598/3598/192
f 3597/3597/192 3599/3599/192 3598/3598/192
f 3600/3600/8 3601/3601/8 3602/3602/8
f 3601/3601/8 3603/3603/8 3602/3602/8
f 3604/3604/8 3605/3605/8 3606/3606/8
f 3605/3605/8 3607/3607/8 3606/3606/8
f 3608/3608/192 3609/3609/192 3610/3610/192
f 3609/3609/192 3611/3611/192 3610/3610/192
f 3612/3612/8 3613/3613/8 3614/3614/8
f 3613/3613/8 3615/3615/8 3614/3614/8
f 3616/3616/7 3617/3617/7 3618/3618/7
f 3617/3617/7 3619/3619/7 3618/3618/7
f 3620/3620/7 3621/3621/7 3622/3622/7
f 3621/3621/7 3623/3623/7 3622/3622/7
f 3624/3624/307 3625/3625/307 3626/3626/307
f 3625/3625/307 3627/3627/307 3626/3626/307
f 3628/3628/308 3629/3629/308 3630/3630/308
f 3629/3629/308 3631/3631/308 3630/3630/308
f 3632/3632/309 3633/3633/309 3634/3634/309
f 3633/3633/309 3635/3635/309 3634/3634/309
f 3636/3636/310 3637/3637/310 3638/3638/310
f 3637/3637/310 3639/3639/310 3638/3638/310
f 3640/3640/311 3641/3641/311 3642/3642/311
f 3641/3641/311 3643/3643/311 3642/3642/311
f 3644/3644/312 3645/3645/312 3646/3646/312
f 3645/3645/312 3647/3647/312 3646/3646/312
f 3648/3648/312 3649/3649/312 3650/3650/312
f 3649/3649/312 3651/3651/312 3650/3650/312
f 3652/3652/311 3653/3653/311 3654/3654/311
f 3653/3653/311 3655/3655/311 3654/3654/311
f 3656/3656/313 3657/3657/313 3658/3658/313
f 3657/3657/313 3659/3659/313 3658/3658/313
f 3660/3660/8 3661/3661/8 3662/3662/8
f 3661/3661/8 3663/3663/8 3662/3662/8
f 3664/3664/282 3665/3665/282 3666/3666/282
f 3665/3665/282 3667/3667/282 3666/3666/282
f 3668/3668/281 3669/3669/281 3670/3670/281
f 3669/3669/281 3671/3671/281 3670/3670/281
f 3672/3672/284 3673/3673/284 3674/3674/284
f 3673/3673/284 3675/3675/284 3674/3674/284
f 3676/3676/283 3677/3677/283 3678/3678/283
f 3677/3677/283 3679/3679/283 3678/3678/283
f 3680/3680/6 3681/3681/6 3682/3682/6
f 3681/3681/6 3683/3683/6 3682/3682/6
f 3684/3684/159 3685/3685/159 3686/3686/159
f 3685/3685/159 3687/3687/159 3686/3686/159
f 3688/3688/158 3689/3689/158 3690/3690/158
f 3689/3689/158 3691/3691/158 3690/3690/158
f 3692/3692/160 3693/3693/160 3694/3694/160
f 3693/3693/160 3695/3695/160 3694/3694/160
f 3696/3696/163 3697/3697/163 3698/3698/163
f 3697/3697/163 3699/3699/163 3698/3698/163
f 3700/3700/8 3701/3701/8 3702/3702/8
f 3701/3701/8 3703/3703/8 3702/3702/8
f 3704/3704/314 3705/3705/314 3706/3706/314
f 3705/3705/314 3707/3707/314 3706/3706/314
f 3708/3708/315 3709/3709/315 3710/3710/315
f 3709/3709/315 3711/3711/315 3710/3710/315
f 3712/3712/316 3713/3713/316 3714/3714/316
f 3713/3713/316 3715/3715/316 3714/3714/316
f 3716/3716/317 3717/3717/317 3718/3718/317
f 3717/3717/317 3719/3719/317 3718/3718/317
f 3720/3720/6 3721/3721/6 3722/3722/6
f 3721/3721/6 3723/3723/6 3722/3722/6
f 3724/3724/6 3725/3725/6 3726/3726/6
f 3725/3725/6 3727/3727/6 3726/3726/6
f 3728/3728/132 3729/3729/132 3730/3730/132
f 3729/3729/132 3731/3731/132 3730/3730/132
f 3732/3732/131 3733/3733/131 3734/3734/131
f 3733/3733/131 3735/3735/131 3734/3734/131
f 3736/3736/318 3737/3737/318 3738/3738/318
f 3737/3737/318 3739/3739/318 3738/3738/318
f 3740/3740/319 3741/3741/319 3742/3742/319
f 3741/3741/319 3743/3743/319 3742/3742/319
f 3744/3744/320 3745/3745/320 3746/3746/320
f 3745/3745/320 3747/3747/320 3746/3746/320
f 3748/3748/321 3749/3749/321 3750/3750/321
f 3749/3749/321 3751/3751/321 3750/3750/321
f 3752/3752/157 3753/3753/157 3754/3754/157
f 3753/3753/157 3755/3755/157 3754/3754/157
f 3756/3756/192 3757/3757/192 3758/3758/192
f 3757/3757/192 3759/3759/192 3758/3758/192
f 3760/3760/9 3761/3761/9 3762/3762/9
f 3761/3761/9 3763/3763/9 3762/3762/9
f 3764/3764/7 3765/3765/7 3766/3766/7
f 3765/3765/7 3767/3767/7 3766/3766/7
f 3768/3768/10 3769/3769/10 3770/3770/10
f 3769/3769/10 3771/3771/10 3770/3770/10
f 3772/3772/10 3773/3773/10 3774/3774/10
f 3773/3773/10 3775/3775/10 3774/3774/10
f 3776/3776/7 3777/3777/7 3778/3778/7
f 3777/3777/7 3779/3779/7 3778/3778/7
f 3780/3780/9 3781/3781/9 3782/3782/9
f 3781/3781/9 3783/3783/9 3782/3782/9
f 3784/3784/192 3785/3785/192 3786/3786/192
f 3785/3785/192 3787/3787/192 3786/3786/192
f 3788/3788/10 3789/3789/10 3790/3790/10
f 3789/3789/10 3791/3791/10 3790/3790/10
f 3792/3792/7 3793/3793/7 3794/3794/7
f 3793/3793/7 3795/3795/7 3794/3794/7
f 3796/3796/9 3797/3797/9 3798/3798/9
f 3797/3797/9 3799/3799/9 3798/3798/9
f 3800/3800/192 3801/3801/192 3802/3802/192
f 3801/3801/192 3803/3803/192 3802/3802/192
f 3804/3804/10 3805/3805/10 3806/3806/10
f 3805/3805/10 3807/3807/10 3806/3806/10
f 3808/3808/7 3809/3809/7 3810/3810/7
f 3809/3809/7 3811/3811/7 3810/3810/7
f 3812/3812/9 3813/3813/9 3814/3814/9
f 3813/3813/9 3815/3815/9 3814/3814/9
f 3816/3816/192 3817/3817/192 3818/3818/192
f 3817/3817/192 3819/3819/192 3818/3818/192
f 3820/3820/10 3821/3821/10 3822/3822/10
f 3821/3821/10 3823/3823/10 3822/3822/10
f 3824/3824/7 3825/3825/7 3826/3826/7
f 3825/3825/7 3827/3827/7 3826/3826/7
f 3828/3828/9 3829/3829/9 3830/3830/9
f 3829/3829/9 3831/3831/9 3830/3830/9
f 3832/3832/192 3833/3833/192 3834/3834/192
f 3833/3833/192 3835/3835/192 3834/3834/192
f 3836/3836/192 3837/3837/192 3838/3838/192
f 3837/3837/192 3839/3839/192 3838/3838/192
f 3840/3840/9 3841/3841/9 3842/3842/9
f 3841/3841/9 3843/3843/9 3842/3842/9
f 3844/3844/7 3845/3845/7 3846/3846/7
f 3845/3845/7 3847/3847/7 3846/3846/7
f 3848/3848/10 3849/3849/10 3850/3850/10
f 3849/3849/10 3851/3851/10 3850/3850/10
f 3852/3852/10 3853/3853/10 3854/3854/10
f 3853/3853/10 3855/3855/10 3854/3854/10
f 3856/3856/7 3857/3857/7 3858/3858/7
f 3857/3857/7 3859/3859/7 3858/3858/7
f 3860/3860/9 3861/3861/9 3862/3862/9
f 3861/3861/9 3863/3863/9 3862/3862/9
f 3864/3864/192 3865/3865/192 3866/3866/192
f 3865/3865/192 3867/3867/192 3866/3866/192
f 3868/3868/10 3869/3869/10 3870/3870/10
f 3869/3869/10 3871/3871/10 3870/3870/10
f 3872/3872/7 3873/3873/7 3874/3874/7
f 3873/3873/7 3875/3875/7 3874/3874/7
f 3876/3876/9 3877/3877/9 3878/3878/9
f 3877/3877/9 3879/3879/9 3878/3878/9
f 3880/3880/192 3881/3881/192 3882/3882/192
f 3881/3881/192 3883/3883/192 3882/3882/192
f 3884/3884/10 3885/3885/10 3886/3886/10
f 3885/3885/10 3887/3887/10 3886/3886/10
f 3888/3888/7 3889/3889/7 3890/3890/7
f 3889/3889/7 3891/3891/7 3890/3890/7
f 3892/3892/9 3893/3893/9 3894/3894/9
f 3893/3893/9 3895/3895/9 3894/3894/9
f 3896/3896/192 3897/3897/192 3898/3898/192
f 3897/3897/192 3899/3899/192 3898/3898/192
f 3900/3900/10 3901/3901/10 3902/3902/10
f 3901/3901/10 3903/3903/10 3902/3902/10
f 3904/3904/7 3905/3905/7 3906/3906/7
f 3905/3905/7 3907/3907/7 3906/3906/7
f 3908/3908/9 3909/3909/9 3910/3910/9
f 3909/3909/9 3911/3911/9 3910/3910/9
f 3912/3912/192 3913/3913/192 3914/3914/192
f 3913/3913/192 3915/3915/192 3914/3914/192
f 3916/3916/6 3917/3917/6 3918/3918/6
f 3917/3917/6 3919/3919/6 3918/3918/6
f 3920/3920/9 3921/3921/9 3922/3922/9
f 3921/3921/9 3923/3923/9 3922/3922/9
f 3924/3924/7 3925/3925/7 3926/3926/7
f 3925/3925/7 3927/3927/7 3926/3926/7
f 3928/3928/8 3929/3929/8 3930/3930/8
f 3929/3929/8 3931/3931/8 3930/3930/8
f 3932/3932/6 3933/3933/6 3934/3934/6
f 3933/3933/6 3935/3935/6 3934/3934/6
f 3936/3936/9 3937/3937/9 3938/3938/9
f 3937/3937/9 3939/3939/9 3938/3938/9
f 3940/3940/7 3941/3941/7 3942/3942/7
f 3941/3941/7 3943/3943/7 3942/3942/7
f 3944/3944/8 3945/3945/8 3946/3946/8
f 3945/3945/8 3947/3947/8 3946/3946/8
f 3948/3948/8 3949/3949/8 3950/3950/8
f 3949/3949/8 3951/3951/8 3950/3950/8
f 3952/3952/8 3953/3953/8 3954/3954/8
f 3953/3953/8 3955/3955/8 3954/3954/8
f 3956/3956/8 3957/3957/8 3958/3958/8
f 3957/3957/8 3959/3959/8 3958/3958/8
f 3960/3960/8 3961/3961/8 3962/3962/8
f 3961/3961/8 3963/3963/8 3962/3962/8
f 3964/3964/8 3965/3965/8 3966/3966/8
f 3965/3965/8 3967/3967/8 3966/3966/8
f 3968/3968/8 3969/3969/8 3970/3970/8
f 3969/3969/8 3971/3971/8 3970/3970/8
f 3972/3972/8 3973/3973/8 3974/3974/8
f 3973/3973/8 3975/3975/8 3974/3974/8
f 3976/3976/8 3977/3977/8 3978/3978/8
f 3977/3977/8 3979/3979/8 3978/3978/8
f 3980/3980/8 3981/3981/8 3982/3982/8
f 3981/3981/8 3983/3983/8 3982/3982/8
f 3984/3984/8 3985/3985/8 3986/3986/8
f 3985/3985/8 3987/3987/8 3986/3986/8
f 3988/3988/8 3989/3989/8 3990/3990/8
f 3989/3989/8 3991/3991/8 3990/3990/8
f 3992/3992/8 3993/3993/8 3994/3994/8
f 3993/3993/8 3995/3995/8 3994/3994/8
f 3996/3996/8 3997/3997/8 3998/3998/8
f 3997/3997/8 3999/3999/8 3998/3998/8
f 4000/4000/8 4001/4001/8 4002/4002/8
f 4001/4001/8 4003/4003/8 4002/4002/8
f 4004/4004/8 4005/4005/8 4006/4006/8
f 4005/4005/8 4007/4007/8 4006/4006/8
f 4008/4008/8 4009/4009/8 4010/4010/8
f 4009/4009/8 4011/4011/8 4010/4010/8
f 4012/4012/8 4013/4013/8 4014/4014/8
f 4013/4013/8 4015/4015/8 4014/4014/8
f 4016/4016/8 4017/4017/8 4018/4018/8
f 4017/4017/8 4019/4019/8 4018/4018/8
f 4020/4020/8 4021/4021/8 4022/4022/8
f 4021/4021/8 4023/4023/8 4022/4022/8
f 4024/4024/8 4025/4025/8 4026/4026/8
f 4025/4025/8 4027/4027/8 4026/4026/8
f 4028/4028/8 4029/4029/8 4030/4030/8
f 4029/4029/8 4031/4031/8 4030/4030/8
f 4032/4032/8 4033/4033/8 4034/4034/8
f 4033/4033/8 4035/4035/8 4034/4034/8
f 4036/4036/8 4037/4037/8 4038/4038/8
f 4037/4037/8 4039/4039/8 4038/4038/8
f 4040/4040/8 4041/4041/8 4042/4042/8
f 4041/4041/8 4043/4043/8 4042/4042/8
f 4044/4044/8 4045/4045/8 4046/4046/8
f 4045/4045/8 4047/4047/8 4046/4046/8
f 4048/4048/6 4049/4049/6 4050/4050/6
f 4049/4049/6 4051/4051/6 4050/4050/6
f 4052/4052/6 4053/4053/6 4054/4054/6
f 4053/4053/6 4055/4055/6 4054/4054/6
f 4056/4056/6 4057/4057/6 4058/4058/6
f 4057/4057/6 4059/4059/6 4058/4058/6
f 4060/4060/6 4061/4061/6 4062/4062/6
f 4061/4061/6 4063/4063/6 4062/4062/6
f 4064/4064/6 4065/4065/6 4066/4066/6
f 4065/4065/6 4067/4067/6 4066/4066/6
f 4068/4068/6 4069/4069/6 4070/4070/6
f 4069/4069/6 4071/4071/6 4070/4070/6
f 4072/4072/6 4073/4073/6 4074/4074/6
f 4073/4073/6 4075/4075/6 4074/4074/6
f 4076/4076/6 4077/4077/6 4078/4078/6
f 4077/4077/6 4079/4079/6 4078/4078/6
f 4080/4080/6 4081/4081/6 4082/4082/6
f 4081/4081/6 4083/4083/6 4082/4082/6
f 4084/4084/6 4085/4085/6 4086/4086/6
f 4085/4085/6 4087/4087/6 4086/4086/6
f 4088/4088/6 4089/4089/6 4090/4090/6
f 4089/4089/6 4091/4091/6 4090/4090/6
f 4092/4092/6 4093/4093/6 4094/4094/6
f 4093/4093/6 4095/4095/6 4094/4094/6
f 4096/4096/6 4097/4097/6 4098/4098/6
f 4097/4097/6 4099/4099/6 4098/4098/6
f 4100/4100/6 4101/4101/6 4102/4102/6
f 4101/4101/6 4103/4103/6 4102/4102/6
f 4104/4104/6 4105/4105/6 4106/4106/6
f 4105/4105/6 4107/4107/6 4106/4106/6
f 4108/4108/6 4109/4109/6 4110/4110/6
f 4109/4109/6 4111/4111/6 4110/4110/6
f 4112/4112/6 4113/4113/6 4114/4114/6
f 4113/4113/6 4115/4115/6 4114/4114/6
f 4116/4116/6 4117/4117/6 4118/4118/6
f 4117/4117/6 4119/4119/6 4118/4118/6
f 4120/4120/6 4121/4121/6 4122/4122/6
f 4121/4121/6 4123/4123/6 4122/4122/6
f 4124/4124/6 4125/4125/6 4126/4126/6
f 4125/4125/6 4127/4127/6 4126/4126/6
f 4128/4128/6 4129/4129/6 4130/4130/6
f 4129/4129/6 4131/4131/6 4130/4130/6
f 4132/4132/6 4133/4133/6 4134/4134/6
f 4133/4133/6 4135/4135/6 4134/4134/6
f 4136/4136/6 4137/4137/6 4138/4138/6
f 4137/4137/6 4139/4139/6 4138/4138/6
f 4140/4140/6 4141/4141/6 4142/4142/6
f 4141/4141/6 4143/4143/6 4142/4142/6
f 4144/4144/6 4145/4145/6 4146/4146/6
f 4145/4145/6 4147/4147/6 4146/4146/6
f 4148/4148/10 4149/4149/10 4150/4150/10
f 4149/4149/10 4151/4151/10 4150/4150/10
f 4152/4152/10 4153/4153/10 4154/4154/10
f 4153/4153/10 4155/4155/10 4154/4154/10
f 4156/4156/10 4157/4157/10 4158/4158/10
f 4157/4157/10 4159/4159/10 4158/4158/10
f 4160/4160/10 4161/4161/10 4162/4162/10
f 4161/4161/10 4163/4163/10 4162/4162/10
f 4164/4164/10 4165/4165/10 4166/4166/10
f 4165/4165/10 4167/4167/10 4166/4166/10
f 4168/4168/10 4169/4169/10 4170/4170/10
f 4169/4169/10 4171/4171/10 4170/4170/10
f 4172/4172/10 4173/4173/10 4174/4174/10
f 4173/4173/10 4175/4175/10 4174/4174/10
f 4176/4176/10 4177/4177/10 4178/4178/10
f 4177/4177/10 4179/4179/10 4178/4178/10
f 4180/4180/10 4181/4181/10 4182/4182/10
f 4181/4181/10 4183/4183/10 4182/4182/10
f 4184/4184/10 4185/4185/10 4186/4186/10
f 4185/4185/10 4187/4187/10 4186/4186/10
f 4188/4188/8 4189/4189/8 4190/4190/8
f 4189/4189/8 4191/4191/8 4190/4190/8
f 4192/4192/10 4193/4193/10 4194/4194/10
f 4193/4193/10 4195/4195/10 4194/4194/10
f 4196/4196/8 4197/4197/8 4198/4198/8
f 4197/4197/8 4199/4199/8 4198/4198/8
f 4200/4200/10 4201/4201/10 4202/4202/10
f 4201/4201/10 4203/4203/10 4202/4202/10
f 4204/4204/9 4205/4205/9 4206/4206/9
f 4205/4205/9 4207/4207/9 4206/4206/9
f 4208/4208/8 4209/4209/8 4210/4210/8
f 4209/4209/8 4211/4211/8 4210/4210/8
f 4212/4212/10 4213/4213/10 4214/4214/10
f 4213/4213/10 4215/4215/10 4214/4214/10
f 4216/4216/6 4217/4217/6 4218/4218/6
f 4217/4217/6 4219/4219/6 4218/4218/6
f 4220/4220/192 4221/4221/192 4222/4222/192
f 4221/4221/192 4223/4223/192 4222/4222/192
f 4224/4224/192 4225/4225/192 4226/4226/192
f 4225/4225/192 4227/4227/192 4226/4226/192
f 4228/4228/6 4229/4229/6 4230/4230/6
f 4229/4229/6 4231/4231/6 4230/4230/6
f 4232/4232/192 4233/4233/192 4234/4234/192
f 4233/4233/192 4235/4235/192 4234/4234/192
f 4236/4236/10 4237/4237/10 4238/4238/10
f 4237/4237/10 4239/4239/10 4238/4238/10
f 4240/4240/10 4241/4241/10 4242/4242/10
f 4241/4241/10 4243/4243/10 4242/4242/10
f 4244/4244/10 4245/4245/10 4246/4246/10
f 4245/4245/10 4247/4247/10 4246/4246/10
f 4248/4248/8 4249/4249/8 4250/4250/8
f 4249/4249/8 4251/4251/8 4250/4250/8
f 4248/4248/8 4249/4249/8 4250/4250/8
f 4249/4249/8 4251/4251/8 4250/4250/8
f 4252/4252/7 4253/4253/7 4254/4254/7
f 4253/4253/7 4255/4255/7 4254/4254/7
f 4252/4252/7 4253/4253/7 4254/4254/7
f 4253/4253/7 4255/4255/7 4254/4254/7
f 4256/4256/8 4257/4257/8 4258/4258/8
f 4257/4257/8 4259/4259/8 4258/4258/8
f 4256/4256/8 4257/4257/8 4258/4258/8
f 4257/4257/8 4259/4259/8 4258/4258/8
f 4260/4260/9 4261/4261/9 4262/4262/9
f 4261/4261/9 4263/4263/9 4262/4262/9
f 4260/4260/9 4261/4261/9 4262/4262/9
f 4261/4261/9 4263/4263/9 4262/4262/9
f 4264/4264/10 4265/4265/10 4266/4266/10
f 4265/4265/10 4267/4267/10 4266/4266/10
f 4264/4264/10 4265/4265/10 4266/4266/10
f 4265/4265/10 4267/4267/10 4266/4266/10
f 4268/4268/7 4269/4269/7 4270/4270/7
f 4269/4269/7 4271/4271/7 4270/4270/7
f 4268/4268/7 4269/4269/7 4270/4270/7
f 4269/4269/7 4271/4271/7 4270/4270/7
f 4272/4272/9 4273/4273/9 4274/4274/9
f 4273/4273/9 4275/4275/9 4274/4274/9
f 4272/4272/9 4273/4273/9 4274/4274/9
f 4273/4273/9 4275/4275/9 4274/4274/9
f 4276/4276/10 4277/4277/10 4278/4278/10
f 4277/4277/10 4279/4279/10 4278/4278/10
f 4276/4276/10 4277/4277/10 4278/4278/10
f 4277/4277/10 4279/4279/10 4278/4278/10
f 4280/4280/192 4281/4281/192 4282/4282/192
f 4281/4281/192 4283/4283/192 4282/4282/192
f 4284/4284/7 4285/4285/7 4286/4286/7
f 4285/4285/7 4287/4287/7 4286/4286/7
f 4288/4288/9 4289/4289/9 4290/4290/9
f 4289/4289/9 4291/4291/9 4290/4290/9
f 4292/4292/192 4293/4293/192 4294/4294/192
f 4293/4293/192 4295/4295/192 4294/4294/192
f 4296/4296/6 4297/4297/6 4298/4298/6
f 4297/4297/6 4299/4299/6 4298/4298/6
f 4300/4300/7 4301/4301/7 4302/4302/7
f 4301/4301/7 4303/4303/7 4302/4302/7
f 4304/4304/6 4305/4305/6 4306/4306/6
f 4305/4305/6 4307/4307/6 4306/4306/6
f 4308/4308/9 4309/4309/9 4310/4310/9
f 4309/4309/9 4311/4311/9 4310/4310/9
f 4312/4312/192 4313/4313/192 4314/4314/192
f 4313/4313/192 4315/4315/192 4314/4314/192
f 4316/4316/7 4317/4317/7 4318/4318/7
f 4317/4317/7 4319/4319/7 4318/4318/7
f 4320/4320/9 4321/4321/9 4322/4322/9
f 4321/4321/9 4323/4323/9 4322/4322/9
f 4324/4324/192 4325/4325/192 4326/4326/192
f 4325/4325/192 4327/4327/192 4326/4326/192
f 4328/4328/10 4329/4329/10 4330/4330/10
f 4329/4329/10 4331/4331/10 4330/4330/10
f 4332/4332/7 4333/4333/7 4334/4334/7
f 4333/4333/7 4335/4335/7 4334/4334/7
f 4336/4336/9 4337/4337/9 4338/4338/9
f 4337/4337/9 4339/4339/9 4338/4338/9
f 4340/4340/10 4341/4341/10 4342/4342/10
f 4341/4341/10 4343/4343/10 4342/4342/10
f 4344/4344/10 4345/4345/10 4346/4346/10
f 4345/4345/10 4347/4347/10 4346/4346/10
f 4348/4348/9 4349/4349/9 4350/4350/9
f 4349/4349/9 4351/4351/9 4350/4350/9
f 4352/4352/192 4353/4353/192 4354/4354/192
f 4353/4353/192 4355/4355/192 4354/4354/192
f 4356/4356/9 4357/4357/9 4358/4358/9
f 4357/4357/9 4359/4359/9 4358/4358/9
f 4360/4360/10 4361/4361/10 4362/4362/10
f 4361/4361/10 4363/4363/10 4362/4362/10
f 4364/4364/10 4365/4365/10 4366/4366/10
f 4366/4366/10 4365/4365/10 4367/4367/10
f 4365/4365/10 4360/4360/10 4367/4367/10
f 4360/4360/10 4362/4362/10 4367/4367/10
f 4367/4367/10 4362/4362/10 4368/4368/10
f 4369/4369/8 4370/4370/8 4371/4371/8
f 4370/4370/8 4372/4372/8 4371/4371/8
f 4373/4373/8 4374/4374/8 4375/4375/8
f 4375/4375/8 4374/4374/8 4376/4376/8
f 4374/4374/8 4369/4369/8 4376/4376/8
f 4369/4369/8 4371/4371/8 4376/4376/8
f 4376/4376/8 4371/4371/8 4377/4377/8
f 4378/4378/6 4379/4379/6 4380/4380/6
f 4379/4379/6 4381/4381/6 4380/4380/6
f 4382/4382/6 4383/4383/6 4384/4384/6
f 4384/4384/6 4383/4383/6 4385/4385/6
f 4383/4383/6 4378/4378/6 4385/4385/6
f 4378/4378/6 4380/4380/6 4385/4385/6
f 4385/4385/6 4380/4380/6 4386/4386/6
f 4387/4387/8 4388/4388/8 4389/4389/8
f 4388/4388/8 4390/4390/8 4389/4389/8
f 4391/4391/8 4389/4389/8 4392/4392/8
f 4389/4389/8 4390/4390/8 4392/4392/8
f 4392/4392/8 4390/4390/8 4393/4393/8
f 4394/4394/8 4395/4395/8 4396/4396/8
f 4395/4395/8 4397/4397/8 4396/4396/8
f 4398/4398/8 4396/4396/8 4399/4399/8
f 4396/4396/8 4397/4397/8 4399/4399/8
f 4399/4399/8 4397/4397/8 4400/4400/8
f 4401/4401/6 4402/4402/6 4403/4403/6
f 4402/4402/6 4404/4404/6 4403/4403/6
f 4405/4405/6 4406/4406/6 4407/4407/6
f 4406/4406/6 4408/4408/6 4407/4407/6
f 4407/4407/6 4408/4408/6 4409/4409/6
f 4408/4408/6 4410/4410/6 4409/4409/6
f 4409/4409/6 4410/4410/6 4403/4403/6
f 4403/4403/6 4410/4410/6 4401/4401/6
f 4410/4410/6 4411/4411/6 4401/4401/6
f 4412/4412/6 4413/4413/6 4414/4414/6
f 4413/4413/6 4415/4415/6 4414/4414/6
f 4416/4416/6 4417/4417/6 4418/4418/6
f 4417/4417/6 4419/4419/6 4418/4418/6
f 4418/4418/6 4419/4419/6 4420/4420/6
f 4419/4419/6 4421/4421/6 4420/4420/6
f 4420/4420/6 4421/4421/6 4414/4414/6
f 4414/4414/6 4421/4421/6 4412/4412/6
f 4421/4421/6 4422/4422/6 4412/4412/6
f 4423/4423/6 4424/4424/6 4425/4425/6
f 4424/4424/6 4426/4426/6 4425/4425/6
f 4425/4425/6 4426/4426/6 4427/4427/6
f 4428/4428/6 4429/4429/6 4430/4430/6
f 4429/4429/6 4431/4431/6 4430/4430/6
f 4430/4430/6 4431/4431/6 4432/4432/6
f 4433/4433/10 4434/4434/10 4435/4435/10
f 4434/4434/10 4436/4436/10 4435/4435/10
f 4435/4435/10 4436/4436/10 4437/4437/10
f 4438/4438/10 4439/4439/10 4440/4440/10
f 4439/4439/10 4441/4441/10 4440/4440/10
f 4440/4440/10 4441/4441/10 4442/4442/10
f 4443/4443/6 4444/4444/6 4445/4445/6
f 4444/4444/6 4446/4446/6 4445/4445/6
f 4445/4445/6 4446/4446/6 4447/4447/322
f 4448/4448/6 4446/4446/6 4449/4449/6
f 4446/4446/6 4444/4444/6 4449/4449/6
f 4444/4444/6 4450/4450/6 4449/4449/6
f 4450/4450/6 4451/4451/6 4449/4449/6
f 4449/4449/6 4451/4451/6 4452/4452/6
f 4453/4453/6 4454/4454/6 4455/4455/6
f 4455/4455/6 4454/4454/6 4456/4456/6
f 4454/4454/6 4457/4457/6 4456/4456/6
f 4456/4456/6 4457/4457/6 4458/4458/6
f 4457/4457/6 4451/4451/6 4458/4458/6
f 4451/4451/6 4450/4450/6 4458/4458/6
f 4458/4458/6 4450/4450/6 4459/4459/6
f 4460/4460/8 4461/4461/8 4462/4462/8
f 4461/4461/8 4463/4463/8 4462/4462/8
f 4462/4462/8 4463/4463/8 4464/4464/8
f 4465/4465/8 4463/4463/8 4466/4466/8
f 4463/4463/8 4461/4461/8 4466/4466/8
f 4461/4461/8 4467/4467/8 4466/4466/8
f 4467/4467/8 4468/4468/8 4466/4466/8
f 4466/4466/8 4468/4468/8 4469/4469/8
f 4470/4470/8 4471/4471/8 4472/4472/8
f 4472/4472/8 4471/4471/8 4473/4473/8
f 4471/4471/8 4474/4474/8 4473/4473/8
f 4473/4473/8 4474/4474/8 4475/4475/8
f 4474/4474/8 4468/4468/8 4475/4475/8
f 4468/4468/8 4467/4467/8 4475/4475/8
f 4475/4475/8 4467/4467/8 4476/4476/8
f 4477/4477/8 4478/4478/8 4479/4479/8
f 4478/4478/8 4480/4480/8 4479/4479/8
f 4479/4479/8 4480/4480/8 4481/4481/8
f 4482/4482/8 4480/4480/8 4483/4483/8
f 4480/4480/8 4478/4478/8 4483/4483/8
f 4478/4478/8 4484/4484/8 4483/4483/8
f 4484/4484/8 4485/4485/8 4483/4483/8
f 4483/4483/8 4485/4485/8 4486/4486/8
f 4487/4487/8 4488/4488/8 4484/4484/8
f 4484/4484/8 4488/4488/8 4485/4485/8
f 4485/4485/8 4488/4488/8 4489/4489/8
f 4488/4488/8 4490/4490/8 4489/4489/8
f 4489/4489/8 4490/4490/8 4491/4491/8
f 4490/4490/8 4492/4492/8 4491/4491/8
f 4491/4491/8 4492/4492/8 4493/4493/8
f 4494/4494/6 4495/4495/6 4496/4496/6
f 4495/4495/6 4497/4497/6 4496/4496/6
f 4496/4496/6 4497/4497/6 4498/4498/322
f 4499/4499/6 4497/4497/6 4500/4500/6
f 4497/4497/6 4495/4495/6 4500/4500/6
f 4495/4495/6 4501/4501/6 4500/4500/6
f 4501/4501/6 4502/4502/6 4500/4500/6
f 4500/4500/6 4502/4502/6 4503/4503/6
f 4504/4504/6 4505/4505/6 4506/4506/6
f 4506/4506/6 4505/4505/6 4507/4507/6
f 4505/4505/6 4508/4508/6 4507/4507/6
f 4507/4507/6 4508/4508/6 4509/4509/6
f 4508/4508/6 4502/4502/6 4509/4509/6
f 4502/4502/6 4501/4501/6 4509/4509/6
f 4509/4509/6 4501/4501/6 4510/4510/6
f 4511/4511/8 4512/4512/8 4513/4513/8
f 4513/4513/8 4512/4512/8 4514/4514/8
f 4512/4512/8 4515/4515/8 4514/4514/8
f 4514/4514/8 4515/4515/8 4516/4516/8
f 4515/4515/8 4517/4517/8 4516/4516/8
f 4516/4516/8 4517/4517/8 4518/4518/8
f 4519/4519/6 4520/4520/6 4521/4521/6
f 4521/4521/6 4520/4520/6 4522/4522/6
f 4520/4520/6 4523/4523/6 4522/4522/6
f 4522/4522/6 4523/4523/6 4524/4524/6
f 4523/4523/6 4525/4525/6 4524/4524/6
f 4524/4524/6 4525/4525/6 4526/4526/6
f 4527/4527/10 4528/4528/10 4529/4529/10
f 4529/4529/10 4528/4528/10 4530/4530/10
f 4528/4528/10 4531/4531/10 4530/4530/10
f 4530/4530/10 4531/4531/10 4532/4532/10
f 4531/4531/10 4533/4533/10 4532/4532/10
f 4532/4532/10 4533/4533/10 4534/4534/10
f 4535/4535/6 4536/4536/6 4537/4537/6
f 4536/4536/6 4538/4538/6 4537/4537/6
f 4537/4537/6 4538/4538/6 4539/4539/6
f 4538/4538/6 4540/4540/6 4539/4539/6
f 4539/4539/6 4540/4540/6 4541/4541/6
f 4540/4540/6 4542/4542/6 4541/4541/6
f 4543/4543/8 4544/4544/8 4545/4545/8
f 4545/4545/8 4544/4544/8 4546/4546/8
f 4544/4544/8 4547/4547/8 4546/4546/8
f 4546/4546/8 4547/4547/8 4548/4548/8
f 4547/4547/8 4549/4549/8 4548/4548/8
f 4548/4548/8 4549/4549/8 4550/4550/8
f 4551/4551/8 4552/4552/8 4553/4553/8
f 4553/4553/8 4552/4552/8 4554/4554/8
f 4552/4552/8 4555/4555/8 4554/4554/8
f 4554/4554/8 4555/4555/8 4556/4556/8
f 4555/4555/8 4557/4557/8 4556/4556/8
f 4556/4556/8 4557/4557/8 4558/4558/8
f 4559/4559/8 4560/4560/8 4561/4561/8
f 4560/4560/8 4562/4562/8 4561/4561/8
f 4561/4561/8 4562/4562/8 4563/4563/8
f 4562/4562/8 4564/4564/8 4563/4563/8
f 4563/4563/8 4564/4564/8 4565/4565/8
f 4564/4564/8 4566/4566/8 4565/4565/8
f 4567/4567/8 4568/4568/8 4569/4569/8
f 4568/4568/8 4570/4570/8 4569/4569/8
f 4569/4569/8 4570/4570/8 4571/4571/8
f 4570/4570/8 4572/4572/8 4571/4571/8
f 4571/4571/8 4572/4572/8 4573/4573/8
f 4572/4572/8 4574/4574/8 4573/4573/8
f 4575/4575/6 4576/4576/6 4577/4577/6
f 4577/4577/6 4576/4576/6 4578/4578/6
f 4576/4576/6 4579/4579/6 4578/4578/6
f 4578/4578/6 4579/4579/6 4580/4580/6
f 4579/4579/6 4581/4581/6 4580/4580/6
f 4580/4580/6 4581/4581/6 4582/4582/6
f 4583/4583/8 4584/4584/8 4585/4585/8
f 4584/4584/8 4586/4586/8 4585/4585/8
f 4585/4585/8 4586/4586/8 4587/4587/8
f 4586/4586/8 4588/4588/8 4587/4587/8
f 4587/4587/8 4588/4588/8 4589/4589/8
f 4588/4588/8 4590/4590/8 4589/4589/8
f 4591/4591/192 4592/4592/192 4593/4593/192
f 4592/4592/192 4594/4594/192 4593/4593/192
f 4593/4593/192 4594/4594/192 4595/4595/192
f 4594/4594/192 4596/4596/192 4595/4595/192
f 4595/4595/192 4596/4596/192 4597/4597/192
f 4596/4596/192 4598/4598/192 4597/4597/192
f 4599/4599/10 4600/4600/10 4601/4601/10
f 4600/4600/10 4602/4602/10 4601/4601/10
f 4602/4602/10 4603/4603/10 4601/4601/10
f 4601/4601/10 4603/4603/10 4604/4604/10
f 4603/4603/10 4605/4605/10 4604/4604/10
f 4604/4604/10 4605/4605/10 4606/4606/10
f 4607/4607/6 4608/4608/6 4609/4609/6
f 4608/4608/6 4610/4610/6 4609/4609/6
f 4609/4609/6 4610/4610/6 4611/4611/6
f 4610/4610/6 4612/4612/6 4611/4611/6
f 4611/4611/6 4612/4612/6 4613/4613/6
f 4612/4612/6 4614/4614/6 4613/4613/6
f 4615/4615/6 4616/4616/6 4617/4617/6
f 4617/4617/6 4616/4616/6 4618/4618/6
f 4616/4616/6 4619/4619/6 4618/4618/6
f 4618/4618/6 4619/4619/6 4620/4620/6
f 4619/4619/6 4621/4621/6 4620/4620/6
f 4620/4620/6 4621/4621/6 4622/4622/6
f 4623/4623/6 4624/4624/6 4625/4625/6
f 4624/4624/6 4626/4626/6 4625/4625/6
f 4626/4626/6 4627/4627/6 4625/4625/6
f 4625/4625/6 4627/4627/6 4628/4628/6
f 4627/4627/6 4629/4629/6 4628/4628/6
f 4628/4628/6 4629/4629/6 4630/4630/6
f 4631/4631/6 4632/4632/6 4633/4633/6
f 4632/4632/6 4634/4634/6 4633/4633/6
f 4634/4634/6 4635/4635/6 4633/4633/6
f 4633/4633/6 4635/4635/6 4636/4636/6
f 4635/4635/6 4637/4637/6 4636/4636/6
f 4636/4636/6 4637/4637/6 4638/4638/6
f 4639/4639/192 4640/4640/192 4641/4641/192
f 4640/4640/192 4642/4642/192 4641/4641/192
f 4642/4642/192 4643/4643/192 4641/4641/192
f 4641/4641/192 4643/4643/192 4644/4644/192
f 4643/4643/192 4645/4645/192 4644/4644/192
f 4644/4644/192 4645/4645/192 4646/4646/192
f 4647/4647/10 4648/4648/10 4649/4649/10
f 4648/4648/10 4650/4650/10 4649/4649/10
f 4650/4650/10 4651/4651/10 4649/4649/10
f 4649/4649/10 4651/4651/10 4652/4652/10
f 4651/4651/10 4653/4653/10 4652/4652/10
f 4652/4652/10 4653/4653/10 4654/4654/10
f 4655/4655/8 4656/4656/8 4657/4657/8
f 4656/4656/8 4658/4658/8 4657/4657/8
f 4658/4658/8 4659/4659/8 4657/4657/8
f 4657/4657/8 4659/4659/8 4660/4660/8
f 4659/4659/8 4661/4661/8 4660/4660/8
f 4660/4660/8 4661/4661/8 4662/4662/8
f 4663/4663/8 4664/4664/8 4665/4665/8
f 4664/4664/8 4666/4666/8 4665/4665/8
f 4666/4666/8 4667/4667/8 4665/4665/8
f 4665/4665/8 4667/4667/8 4668/4668/8
f 4667/4667/8 4669/4669/8 4668/4668/8
f 4668/4668/8 4669/4669/8 4670/4670/8
f 4671/4671/10 4672/4672/10 4673/4673/10
f 4672/4672/10 4674/4674/10 4673/4673/10
f 4674/4674/10 4675/4675/10 4673/4673/10
f 4673/4673/10 4675/4675/10 4676/4676/10
f 4675/4675/10 4677/4677/10 4676/4676/10
f 4676/4676/10 4677/4677/10 4678/4678/10
f 4679/4679/192 4680/4680/192 4681/4681/192
f 4680/4680/192 4682/4682/192 4681/4681/192
f 4682/4682/192 4683/4683/192 4681/4681/192
f 4681/4681/192 4683/4683/192 4684/4684/192
f 4683/4683/192 4685/4685/192 4684/4684/192
f 4684/4684/192 4685/4685/192 4686/4686/192
f 4687/4687/8 4688/4688/8 4689/4689/8
f 4688/4688/8 4690/4690/8 4689/4689/8
f 4690/4690/8 4691/4691/8 4689/4689/8
f 4689/4689/8 4691/4691/8 4692/4692/8
f 4691/4691/8 4693/4693/8 4692/4692/8
f 4692/4692/8 4693/4693/8 4694/4694/8
f 4695/4695/8 4696/4696/8 4697/4697/8
f 4696/4696/8 4698/4698/8 4697/4697/8
f 4698/4698/8 4699/4699/8 4697/4697/8
f 4697/4697/8 4699/4699/8 4700/4700/8
f 4699/4699/8 4701/4701/8 4700/4700/8
f 4700/4700/8 4701/4701/8 4702/4702/8
f 4703/4703/10 4704/4704/10 4705/4705/10
f 4704/4704/10 4706/4706/10 4705/4705/10
f 4706/4706/10 4707/4707/10 4705/4705/10
f 4705/4705/10 4707/4707/10 4708/4708/10
f 4707/4707/10 4709/4709/10 4708/4708/10
f 4708/4708/10 4709/4709/10 4710/4710/10
f 4711/4711/192 4712/4712/192 4713/4713/192
f 4712/4712/192 4714/4714/192 4713/4713/192
f 4714/4714/192 4715/4715/192 4713/4713/192
f 4713/4713/192 4715/4715/192 4716/4716/192
f 4715/4715/192 4717/4717/192 4716/4716/192
f 4716/4716/192 4717/4717/192 4718/4718/192
f 4719/4719/6 4720/4720/6 4721/4721/6
f 4720/4720/6 4722/4722/6 4721/4721/6
f 4722/4722/6 4723/4723/6 4721/4721/6
f 4721/4721/6 4723/4723/6 4724/4724/6
f 4723/4723/6 4725/4725/6 4724/4724/6
f 4724/4724/6 4725/4725/6 4726/4726/6
f 4727/4727/6 4728/4728/6 4729/4729/6
f 4728/4728/6 4730/4730/6 4729/4729/6
f 4730/4730/6 4731/4731/6 4729/4729/6
f 4729/4729/6 4731/4731/6 4732/4732/6
f 4731/4731/6 4733/4733/6 4732/4732/6
f 4732/4732/6 4733/4733/6 4734/4734/6
f 4735/4735/192 4736/4736/192 4737/4737/192
f 4736/4736/192 4738/4738/192 4737/4737/192
f 4738/4738/192 4739/4739/192 4737/4737/192
f 4737/4737/192 4739/4739/192 4740/4740/192
f 4739/4739/192 4741/4741/192 4740/4740/192
f 4740/4740/192 4741/4741/192 4742/4742/192
f 4743/4743/192 4744/4744/192 4745/4745/192
f 4744/4744/192 4746/4746/192 4745/4745/192
f 4746/4746/192 4747/4747/192 4745/4745/192
f 4745/4745/192 4747/4747/192 4748/4748/192
f 4747/4747/192 4749/4749/192 4748/4748/192
f 4748/4748/192 4749/4749/192 4750/4750/192
f 4751/4751/8 4752/4752/8 4753/4753/8
f 4752/4752/8 4754/4754/8 4753/4753/8
f 4754/4754/8 4755/4755/8 4753/4753/8
f 4753/4753/8 4755/4755/8 4756/4756/8
f 4755/4755/8 4757/4757/8 4756/4756/8
f 4756/4756/8 4757/4757/8 4758/4758/8
f 4759/4759/8 4760/4760/8 4761/4761/8
f 4760/4760/8 4762/4762/8 4761/4761/8
f 4762/4762/8 4763/4763/8 4761/4761/8
f 4761/4761/8 4763/4763/8 4764/4764/8
f 4763/4763/8 4765/4765/8 4764/4764/8
f 4764/4764/8 4765/4765/8 4766/4766/8
f 4767/4767/192 4768/4768/192 4769/4769/192
f 4768/4768/192 4770/4770/192 4769/4769/192
f 4770/4770/192 4771/4771/192 4769/4769/192
f 4769/4769/192 4771/4771/192 4772/4772/192
f 4771/4771/192 4773/4773/192 4772/4772/192
f 4772/4772/192 4773/4773/192 4774/4774/192
f 4775/4775/192 4776/4776/192 4777/4777/192
f 4776/4776/192 4778/4778/192 4777/4777/192
f 4778/4778/192 4779/4779/192 4777/4777/192
f 4777/4777/192 4779/4779/192 4780/4780/192
f 4779/4779/192 4781/4781/192 4780/4780/192
f 4780/4780/192 4781/4781/192 4782/4782/192
f 4783/4783/6 4784/4784/6 4785/4785/6
f 4784/4784/6 4786/4786/6 4785/4785/6
f 4786/4786/6 4787/4787/6 4785/4785/6
f 4785/4785/6 4787/4787/6 4788/4788/6
f 4787/4787/6 4789/4789/6 4788/4788/6
f 4788/4788/6 4789/4789/6 4790/4790/6
f 4791/4791/6 4792/4792/6 4793/4793/6
f 4792/4792/6 4794/4794/6 4793/4793/6
f 4794/4794/6 4795/4795/6 4793/4793/6
f 4793/4793/6 4795/4795/6 4796/4796/6
f 4795/4795/6 4797/4797/6 4796/4796/6
f 4796/4796/6 4797/4797/6 4798/4798/6
f 4799/4799/192 4800/4800/192 4801/4801/192
f 4800/4800/192 4802/4802/192 4801/4801/192
f 4802/4802/192 4803/4803/192 4801/4801/192
f 4801/4801/192 4803/4803/192 4804/4804/192
f 4803/4803/192 4805/4805/192 4804/4804/192
f 4804/4804/192 4805/4805/192 4806/4806/192
f 4807/4807/6 4808/4808/6 4809/4809/6
f 4808/4808/6 4810/4810/6 4809/4809/6
f 4810/4810/6 4811/4811/6 4809/4809/6
f 4809/4809/6 4811/4811/6 4812/4812/6
f 4811/4811/6 4813/4813/6 4812/4812/6
f 4812/4812/6 4813/4813/6 4814/4814/6
f 4815/4815/6 4816/4816/6 4817/4817/6
f 4816/4816/6 4818/4818/6 4817/4817/6
f 4818/4818/6 4819/4819/6 4817/4817/6
f 4817/4817/6 4819/4819/6 4820/4820/6
f 4819/4819/6 4821/4821/6 4820/4820/6
f 4820/4820/6 4821/4821/6 4822/4822/6
f 4823/4823/10 4824/4824/10 4825/4825/10
f 4824/4824/10 4826/4826/10 4825/4825/10
f 4826/4826/10 4827/4827/10 4825/4825/10
f 4825/4825/10 4827/4827/10 4828/4828/10
f 4827/4827/10 4829/4829/10 4828/4828/10
f 4828/4828/10 4829/4829/10 4830/4830/10
f 4831/4831/8 4832/4832/8 4833/4833/8
f 4832/4832/8 4834/4834/8 4833/4833/8
f 4834/4834/8 4835/4835/8 4833/4833/8
f 4833/4833/8 4835/4835/8 4836/4836/8
f 4835/4835/8 4837/4837/8 4836/4836/8
f 4836/4836/8 4837/4837/8 4838/4838/8
f 4839/4839/8 4840/4840/8 4841/4841/8
f 4840/4840/8 4842/4842/8 4841/4841/8
f 4842/4842/8 4843/4843/8 4841/4841/8
f 4841/4841/8 4843/4843/8 4844/4844/8
f 4843/4843/8 4845/4845/8 4844/4844/8
f 4844/4844/8 4845/4845/8 4846/4846/8
f 4847/4847/10 4848/4848/10 4849/4849/10
f 4848/4848/10 4850/4850/10 4849/4849/10
f 4850/4850/10 4851/4851/10 4849/4849/10
f 4849/4849/10 4851/4851/10 4852/4852/10
f 4851/4851/10 4853/4853/10 4852/4852/10
f 4852/4852/10 4853/4853/10 4854/4854/10
f 4855/4855/8 4856/4856/8 4857/4857/8
f 4857/4857/8 4856/4856/8 4858/4858/8
f 4856/4856/8 4859/4859/8 4858/4858/8
f 4858/4858/8 4859/4859/8 4860/4860/8
f 4859/4859/8 4861/4861/8 4860/4860/8
f 4860/4860/8 4861/4861/8 4862/4862/8
f 4863/4863/8 4864/4864/8 4865/4865/8
f 4864/4864/8 4866/4866/8 4865/4865/8
f 4865/4865/8 4866/4866/8 4867/4867/8
f 4867/4867/8 4866/4866/8 4868/4868/8
f 4866/4866/8 4869/4869/8 4868/4868/8
f 4869/4869/8 4870/4870/8 4868/4868/8
f 4868/4868/8 4870/4870/8 4871/4871/8
f 4872/4872/6 4873/4873/6 4874/4874/6
f 4873/4873/6 4875/4875/6 4874/4874/6
f 4874/4874/6 4875/4875/6 4876/4876/6
f 4876/4876/6 4875/4875/6 4877/4877/6
f 4875/4875/6 4878/4878/6 4877/4877/6
f 4878/4878/6 4879/4879/6 4877/4877/6
f 4877/4877/6 4879/4879/6 4880/4880/6
f 4881/4881/192 4882/4882/192 4883/4883/192
f 4882/4882/192 4884/4884/192 4883/4883/192
f 4883/4883/192 4884/4884/192 4885/4885/192
f 4885/4885/192 4884/4884/192 4886/4886/192
f 4884/4884/192 4887/4887/192 4886/4886/192
f 4887/4887/192 4888/4888/192 4886/4886/192
f 4886/4886/192 4888/4888/192 4889/4889/192
o BarracksIntWalls:0
v -25.581621 14.879646 59.427547
v -31.140827 5.410572 59.427547
v -31.140827 14.879646 59.427547
v 25.557348 21.245768 59.427547
v -25.581623 21.245768 59.427547
v -31.140827 21.245768 59.427547
v 31.140827 21.245768 59.427547
v 31.140827 14.879646 59.427547
v 25.557348 14.879646 59.427547
v -25.581623 5.410572 59.427547
v -25.581621 0.445576 59.427547
v -31.140827 0.445576 59.427547
v 31.140827 5.410572 59.427547
v 25.557348 5.410572 59.427547
v 25.557348 0.445576 59.427547
v 31.140827 0.445576 59.427547
v 31.140827 5.410572 6.956397
v 31.140827 5.410572 16.992460
v 31.140827 14.879646 6.956397
v 31.140827 14.879646 16.992460
v 31.140827 0.445576 16.992460
v 31.140827 0.445576 6.956397
v 31.140827 5.410572 -6.956399
v 31.140827 0.445576 -6.956399
v 31.140827 5.410572 -16.992462
v 31.140827 0.445576 -16.992462
v 31.140827 5.410572 -30.905258
v 31.140827 0.445576 -30.905258
v 31.140827 5.410572 -40.941319
v 31.140827 0.445576 -40.941319
v 31.140827 5.410572 -54.854115
v 31.140827 0.445576 -54.854115
v 31.140827 21.245768 16.992460
v 31.140827 21.245768 6.956397
v 31.140827 21.245768 -6.956399
v 31.140827 14.879646 -6.956399
v 31.140827 21.245768 -16.992462
v 31.140827 14.879646 -16.992462
v 31.140827 21.245768 -30.905258
v 31.140827 14.879646 -30.905258
v 31.140827 21.245768 -40.941319
v 31.140827 14.879646 -40.941319
v 31.140827 21.245768 -54.854115
v 31.140827 14.879646 -54.854115
v 31.140827 21.245768 -59.427547
v 31.140827 14.879646 -59.427547
v 31.140827 5.410572 -59.427547
v 31.140827 0.445576 -59.427547
v -11.331147 5.410572 -59.427547
v 11.957715 5.410572 -59.427547
v -11.331147 14.879646 -59.427547
v 11.957715 14.879646 -59.427547
v 25.870508 5.410572 -59.427547
v 25.870508 0.445576 -59.427547
v 11.957715 0.445576 -59.427547
v -11.331147 0.445576 -59.427547
v -25.243940 5.410572 -59.427547
v -25.243940 0.445576 -59.427547
v 31.140827 0.445576 -59.427547
v 31.140827 5.410572 -59.427547
v 31.140827 14.879646 -59.427547
v 25.870508 14.879646 -59.427547
v 31.140827 21.245768 -59.427547
v 25.870508 21.245768 -59.427547
v 11.957715 21.245768 -59.427547
v -11.331147 21.245768 -59.427547
v -25.243940 21.245768 -59.427547
v -25.243940 14.879646 -59.427547
v -31.140827 21.245768 -59.427547
v -31.140827 14.879646 -59.427547
v -31.140827 5.410572 -59.427547
v -31.140827 0.445576 -59.427547
v -31.140827 14.879646 6.956397
v -31.140827 14.879646 16.992460
v -31.140827 5.410572 6.956397
v -31.140827 5.410572 16.992460
v -31.140827 21.245768 16.992460
v -31.140827 21.245768 30.905256
v -31.140827 14.879646 30.905256
v -31.140827 21.245768 40.941319
v -31.140827 14.879646 40.941319
v -31.140827 21.245768 54.854115
v -31.140827 14.879646 54.854115
v -31.140827 21.245768 59.427547
v -31.140827 14.879646 59.427547
v -31.140827 5.410572 54.854115
v -31.140827 5.410572 59.427547
v -31.140827 0.445576 59.427547
v -31.140827 5.410572 30.905256
v -31.140827 5.410572 40.941319
v -31.140827 0.445576 54.854115
v -31.140827 0.445576 40.941319
v -31.140827 0.445576 30.905256
v -31.140827 0.445576 16.992460
v -31.140827 0.445576 6.956397
v -31.140827 0.445576 -6.956399
v -31.140827 5.410572 -6.956399
v -31.140827 0.445576 -16.992462
v -31.140827 5.410572 -16.992462
v -31.140827 0.445576 -30.905258
v -31.140827 5.410572 -30.905258
v -31.140827 0.445576 -40.941319
v -31.140827 5.410572 -40.941319
v -31.140827 0.445576 -54.854115
v -31.140827 14.879646 -6.956399
v -31.140827 14.879646 -16.992462
v -31.140827 5.410572 -54.854115
v -31.140827 0.445576 -59.427547
v -31.140827 5.410572 -59.427547
v -31.140827 14.879646 -59.427547
v -31.140827 14.879646 -54.854115
v -31.140827 21.245768 -59.427547
v -31.140827 21.245768 -54.854115
v -31.140827 21.245768 -40.941319
v -31.140827 14.879646 -40.941319
v -31.140827 21.245768 -30.905258
v -31.140827 14.879646 -30.905258
v -31.140827 21.245768 -16.992462
v -31.140827 21.245768 -6.956399
v -31.140827 21.245768 6.956397
v 31.140827 5.410572 30.905256
v 31.140827 5.410572 40.941319
v 31.140827 14.879646 30.905256
v 31.140827 14.879646 40.941319
v 31.140827 21.245768 30.905256
v 31.140827 21.245768 40.941319
v 31.140827 14.879646 54.854115
v 31.140827 21.245768 54.854115
v 31.140827 21.245768 59.427547
v 31.140827 14.879646 59.427547
v 31.140827 5.410572 54.854115
v 31.140827 5.410572 59.427547
v 31.140827 0.445576 59.427547
v 31.140827 0.445576 54.854115
v 31.140827 0.445576 40.941319
v 31.140827 0.445576 30.905256
v -31.140827 21.245768 35.617626
v -31.140827 14.897265 35.617626
v -25.243940 15.286165 35.617626
v -31.140827 5.410573 35.617626
v -25.243940 5.410573 35.617626
v -31.140827 0.445576 35.617626
v -25.243940 0.445576 35.617626
v -4.574235 0.445576 35.617626
v -4.574235 5.410573 35.617626
v -4.574235 16.649336 35.617626
v -25.243940 21.245768 35.617626
v -4.574235 21.245768 35.617626
v 5.156814 16.649336 35.617626
v 5.156814 21.245768 35.617626
v 25.870508 15.252637 35.617626
v 25.870508 21.245768 35.617626
v 31.140827 21.245768 35.617626
v 31.140827 14.897265 35.617626
v 25.870508 5.410573 35.617626
v 31.140827 5.410573 35.617626
v 31.140827 0.445576 35.617626
v 25.870508 0.445576 35.617626
v 5.156814 0.445576 35.617626
v 5.156814 5.410573 35.617626
v 31.140827 21.245768 35.126087
v 31.140827 14.897265 35.126087
v 25.870508 15.252637 35.126087
v 31.140827 5.410573 35.126087
v 25.870508 5.410573 35.126087
v 31.140827 0.445576 35.126087
v 25.870508 0.445576 35.126087
v 5.156814 0.445576 35.126087
v 5.156814 5.410573 35.126087
v 5.156814 16.649336 35.126087
v 25.870508 21.245768 35.126087
v 5.156814 21.245768 35.126087
v -4.574235 21.245768 35.126087
v -4.574235 16.649336 35.126087
v -25.243940 15.286165 35.126087
v -4.574235 5.410573 35.126087
v -25.243940 5.410573 35.126087
v -4.574235 0.445576 35.126087
v -25.243940 0.445576 35.126087
v -31.140827 0.445576 35.126087
v -31.140827 5.410573 35.126087
v -31.140827 14.897265 35.126087
v -31.140827 21.245768 35.126087
v -25.243940 21.245768 35.126087
vt 0.267470 0.693707
vt 0.000000 0.238121
vt 0.000000 0.693707
vt 2.727921 1.000000
vt 0.267470 1.000000
vt 0.000000 1.000000
vt 2.996559 1.000000
vt 2.996559 0.693707
vt 2.727921 0.693707
vt 0.267470 0.238121
vt 0.267470 0.000000
vt 0.000000 0.000000
vt 2.996559 0.238121
vt 2.727921 0.238121
vt 2.727921 0.000000
vt 2.996559 0.000000
vt 2.513151 0.241560
vt 2.032465 0.241560
vt 2.513151 0.695089
vt 2.032465 0.695089
vt 2.032465 0.000000
vt 2.513151 0.000000
vt 3.179517 0.241560
vt 3.179517 0.000000
vt 3.660203 0.241560
vt 3.660203 0.000000
vt 4.326568 0.241560
vt 4.326568 0.000000
vt 4.807254 0.241560
vt 4.807254 0.000000
vt 5.473619 0.241560
vt 5.473619 0.000000
vt 2.032465 1.000000
vt 2.513151 1.000000
vt 3.179517 1.000000
vt 3.179517 0.695089
vt 3.660203 1.000000
vt 3.660203 0.695089
vt 4.326568 1.000000
vt 4.326568 0.695089
vt 4.807254 1.000000
vt 4.807254 0.695089
vt 5.473619 1.000000
vt 5.473619 0.695089
vt 5.692668 1.000000
vt 5.692668 0.695089
vt 5.692668 0.241560
vt 5.692668 0.000000
vt 0.953104 0.238121
vt 2.073601 0.238121
vt 0.953104 0.693707
vt 2.073601 0.693707
vt 2.742988 0.238121
vt 2.742988 0.000000
vt 2.073601 0.000000
vt 0.953104 0.000000
vt 0.283717 0.238121
vt 0.283717 0.000000
vt 2.996559 0.000000
vt 2.996559 0.238121
vt 2.996559 0.693707
vt 2.742988 0.693707
vt 2.996559 1.000000
vt 2.742988 1.000000
vt 2.073601 1.000000
vt 0.953104 1.000000
vt 0.283717 1.000000
vt 0.283717 0.693707
vt 0.000000 1.000000
vt 0.000000 0.693707
vt 0.000000 0.238121
vt 0.000000 0.000000
vt 2.513151 0.695089
vt 2.032465 0.695089
vt 2.513151 0.241560
vt 2.032465 0.241560
vt 2.032465 1.000000
vt 1.366100 1.000000
vt 1.366100 0.695089
vt 0.885414 1.000000
vt 0.885414 0.695089
vt 0.219048 1.000000
vt 0.219048 0.695089
vt 0.000000 1.000000
vt 0.000000 0.695089
vt 0.219048 0.241560
vt 0.000000 0.241560
vt 0.000000 0.000000
vt 1.366100 0.241560
vt 0.885414 0.241560
vt 0.219048 0.000000
vt 0.885414 0.000000
vt 1.366100 0.000000
vt 2.032465 0.000000
vt 2.513151 0.000000
vt 3.179517 0.000000
vt 3.179517 0.241560
vt 3.660203 0.000000
vt 3.660203 0.241560
vt 4.326568 0.000000
vt 4.326568 0.241560
vt 4.807254 0.000000
vt 4.807254 0.241560
vt 5.473619 0.000000
vt 3.179517 0.695089
vt 3.660203 0.695089
vt 5.473619 0.241560
vt 5.692668 0.000000
vt 5.692668 0.241560
vt 5.692668 0.695089
vt 5.473619 0.695089
vt 5.692668 1.000000
vt 5.473619 1.000000
vt 4.807254 1.000000
vt 4.807254 0.695089
vt 4.326568 1.000000
vt 4.326568 0.695089
vt 3.660203 1.000000
vt 3.179517 1.000000
vt 2.513151 1.000000
vt 1.366100 0.241560
vt 0.885414 0.241560
vt 1.366100 0.695089
vt 0.885414 0.695089
vt 1.366100 1.000000
vt 0.885414 1.000000
vt 0.219048 0.695089
vt 0.219048 1.000000
vt 0.000000 1.000000
vt 0.000000 0.695089
vt 0.219048 0.241560
vt 0.000000 0.241560
vt 0.000000 0.000000
vt 0.219048 0.000000
vt 0.885414 0.000000
vt 1.366100 0.000000
vt 2.996559 1.000000
vt 2.996559 0.694786
vt 2.712842 0.713483
vt 2.996559 0.238700
vt 2.712842 0.238700
vt 2.996559 0.000000
vt 2.712842 0.000000
vt 1.718360 0.000000
vt 1.718360 0.238700
vt 1.718360 0.779020
vt 2.712842 1.000000
vt 1.718360 1.000000
vt 1.250170 0.779020
vt 1.250170 1.000000
vt 0.253571 0.711871
vt 0.253571 1.000000
vt 0.000000 1.000000
vt 0.000000 0.694786
vt 0.253571 0.238700
vt 0.000000 0.238700
vt 0.000000 0.000000
vt 0.253571 0.000000
vt 1.250170 0.000000
vt 1.250170 0.238700
vt 2.996559 1.000000
vt 2.996559 0.694786
vt 2.742988 0.711871
vt 2.996559 0.238700
vt 2.742988 0.238700
vt 2.996559 0.000000
vt 2.742988 0.000000
vt 1.746389 0.000000
vt 1.746389 0.238700
vt 1.746390 0.779020
vt 2.742988 1.000000
vt 1.746389 1.000000
vt 1.278199 1.000000
vt 1.278199 0.779020
vt 0.283717 0.713483
vt 1.278199 0.238700
vt 0.283717 0.238700
vt 1.278199 0.000000
vt 0.283717 0.000000
vt 0.000000 0.000000
vt 0.000000 0.238700
vt 0.000000 0.694786
vt 0.000000 1.000000
vt 0.283717 1.000000
vn 0.0000 0.0000 -1.0000
vn -1.0000 0.0000 0.0000
vn 0.0000 0.0000 1.0000
vn 1.0000 0.0000 0.0000
usemtl noname.004
s 1
f 4890/4890/323 4891/4891/323 4892/4892/323
f 4893/4893/323 4890/4890/323 4894/4894/323
f 4890/4890/323 4892/4892/323 4894/4894/323
f 4894/4894/323 4892/4892/323 4895/4895/323
f 4896/4896/323 4897/4897/323 4893/4893/323
f 4897/4897/323 4898/4898/323 4893/4893/323
f 4893/4893/323 4898/4898/323 4890/4890/323
f 4898/4898/323 4899/4899/323 4890/4890/323
f 4890/4890/323 4899/4899/323 4891/4891/323
f 4899/4899/323 4900/4900/323 4891/4891/323
f 4891/4891/323 4900/4900/323 4901/4901/323
f 4897/4897/323 4902/4902/323 4898/4898/323
f 4902/4902/323 4903/4903/323 4898/4898/323
f 4898/4898/323 4903/4903/323 4899/4899/323
f 4899/4899/323 4903/4903/323 4900/4900/323
f 4900/4900/323 4903/4903/323 4904/4904/323
f 4903/4903/323 4902/4902/323 4904/4904/323
f 4904/4904/323 4902/4902/323 4905/4905/323
f 4906/4906/324 4907/4907/324 4908/4908/324
f 4907/4907/324 4909/4909/324 4908/4908/324
f 4907/4907/324 4906/4906/324 4910/4910/324
f 4910/4910/324 4906/4906/324 4911/4911/324
f 4906/4906/324 4912/4912/324 4911/4911/324
f 4911/4911/324 4912/4912/324 4913/4913/324
f 4912/4912/324 4914/4914/324 4913/4913/324
f 4913/4913/324 4914/4914/324 4915/4915/324
f 4914/4914/324 4916/4916/324 4915/4915/324
f 4915/4915/324 4916/4916/324 4917/4917/324
f 4916/4916/324 4918/4918/324 4917/4917/324
f 4917/4917/324 4918/4918/324 4919/4919/324
f 4918/4918/324 4920/4920/324 4919/4919/324
f 4919/4919/324 4920/4920/324 4921/4921/324
f 4922/4922/324 4923/4923/324 4909/4909/324
f 4909/4909/324 4923/4923/324 4908/4908/324
f 4923/4923/324 4924/4924/324 4908/4908/324
f 4908/4908/324 4924/4924/324 4925/4925/324
f 4924/4924/324 4926/4926/324 4925/4925/324
f 4925/4925/324 4926/4926/324 4927/4927/324
f 4926/4926/324 4928/4928/324 4927/4927/324
f 4927/4927/324 4928/4928/324 4929/4929/324
f 4928/4928/324 4930/4930/324 4929/4929/324
f 4929/4929/324 4930/4930/324 4931/4931/324
f 4930/4930/324 4932/4932/324 4931/4931/324
f 4931/4931/324 4932/4932/324 4933/4933/324
f 4932/4932/324 4934/4934/324 4933/4933/324
f 4934/4934/324 4935/4935/324 4933/4933/324
f 4933/4933/324 4935/4935/324 4920/4920/324
f 4935/4935/324 4936/4936/324 4920/4920/324
f 4920/4920/324 4936/4936/324 4921/4921/324
f 4936/4936/324 4937/4937/324 4921/4921/324
f 4925/4925/324 4927/4927/324 4912/4912/324
f 4927/4927/324 4914/4914/324 4912/4912/324
f 4929/4929/324 4931/4931/324 4916/4916/324
f 4931/4931/324 4918/4918/324 4916/4916/324
f 4938/4938/325 4939/4939/325 4940/4940/325
f 4939/4939/325 4941/4941/325 4940/4940/325
f 4942/4942/325 4939/4939/325 4943/4943/325
f 4943/4943/325 4939/4939/325 4944/4944/325
f 4939/4939/325 4938/4938/325 4944/4944/325
f 4944/4944/325 4938/4938/325 4945/4945/325
f 4938/4938/325 4946/4946/325 4945/4945/325
f 4945/4945/325 4946/4946/325 4947/4947/325
f 4943/4943/325 4948/4948/325 4942/4942/325
f 4948/4948/325 4949/4949/325 4942/4942/325
f 4949/4949/325 4950/4950/325 4942/4942/325
f 4942/4942/325 4950/4950/325 4951/4951/325
f 4950/4950/325 4952/4952/325 4951/4951/325
f 4952/4952/325 4953/4953/325 4951/4951/325
f 4953/4953/325 4954/4954/325 4951/4951/325
f 4951/4951/325 4954/4954/325 4941/4941/325
f 4954/4954/325 4955/4955/325 4941/4941/325
f 4941/4941/325 4955/4955/325 4940/4940/325
f 4955/4955/325 4956/4956/325 4940/4940/325
f 4940/4940/325 4956/4956/325 4957/4957/325
f 4956/4956/325 4958/4958/325 4957/4957/325
f 4958/4958/325 4959/4959/325 4957/4957/325
f 4957/4957/325 4959/4959/325 4946/4946/325
f 4959/4959/325 4960/4960/325 4946/4946/325
f 4946/4946/325 4960/4960/325 4947/4947/325
f 4960/4960/325 4961/4961/325 4947/4947/325
f 4962/4962/326 4963/4963/326 4964/4964/326
f 4963/4963/326 4965/4965/326 4964/4964/326
f 4962/4962/326 4966/4966/326 4963/4963/326
f 4966/4966/326 4967/4967/326 4963/4963/326
f 4963/4963/326 4967/4967/326 4968/4968/326
f 4967/4967/326 4969/4969/326 4968/4968/326
f 4968/4968/326 4969/4969/326 4970/4970/326
f 4969/4969/326 4971/4971/326 4970/4970/326
f 4970/4970/326 4971/4971/326 4972/4972/326
f 4971/4971/326 4973/4973/326 4972/4972/326
f 4973/4973/326 4974/4974/326 4972/4972/326
f 4972/4972/326 4974/4974/326 4975/4975/326
f 4974/4974/326 4976/4976/326 4975/4975/326
f 4975/4975/326 4976/4976/326 4977/4977/326
f 4968/4968/326 4970/4970/326 4978/4978/326
f 4970/4970/326 4979/4979/326 4978/4978/326
f 4977/4977/326 4980/4980/326 4975/4975/326
f 4980/4980/326 4981/4981/326 4975/4975/326
f 4975/4975/326 4981/4981/326 4979/4979/326
f 4981/4981/326 4982/4982/326 4979/4979/326
f 4979/4979/326 4982/4982/326 4978/4978/326
f 4982/4982/326 4983/4983/326 4978/4978/326
f 4978/4978/326 4983/4983/326 4965/4965/326
f 4983/4983/326 4984/4984/326 4965/4965/326
f 4965/4965/326 4984/4984/326 4964/4964/326
f 4984/4984/326 4985/4985/326 4964/4964/326
f 4964/4964/326 4985/4985/326 4986/4986/326
f 4985/4985/326 4987/4987/326 4986/4986/326
f 4986/4986/326 4987/4987/326 4988/4988/326
f 4987/4987/326 4989/4989/326 4988/4988/326
f 4988/4988/326 4989/4989/326 4990/4990/326
f 4989/4989/326 4991/4991/326 4990/4990/326
f 4990/4990/326 4991/4991/326 4992/4992/326
f 4991/4991/326 4993/4993/326 4992/4992/326
f 4986/4986/326 4988/4988/326 4994/4994/326
f 4988/4988/326 4995/4995/326 4994/4994/326
f 4992/4992/326 4993/4993/326 4996/4996/326
f 4993/4993/326 4997/4997/326 4996/4996/326
f 4997/4997/326 4998/4998/326 4996/4996/326
f 4998/4998/326 4999/4999/326 4996/4996/326
f 4996/4996/326 4999/4999/326 5000/5000/326
f 4999/4999/326 5001/5001/326 5000/5000/326
f 5001/5001/326 5002/5002/326 5000/5000/326
f 5002/5002/326 5003/5003/326 5000/5000/326
f 5000/5000/326 5003/5003/326 5004/5004/326
f 5003/5003/326 5005/5005/326 5004/5004/326
f 5004/5004/326 5005/5005/326 5006/5006/326
f 5005/5005/326 5007/5007/326 5006/5006/326
f 5006/5006/326 5007/5007/326 4995/4995/326
f 5007/5007/326 5008/5008/326 4995/4995/326
f 4995/4995/326 5008/5008/326 4994/4994/326
f 5008/5008/326 5009/5009/326 4994/4994/326
f 4994/4994/326 5009/5009/326 4962/4962/326
f 5009/5009/326 4966/4966/326 4962/4962/326
f 4990/4990/326 4992/4992/326 5006/5006/326
f 4992/4992/326 5004/5004/326 5006/5006/326
f 5010/5010/324 5011/5011/324 5012/5012/324
f 5011/5011/324 5013/5013/324 5012/5012/324
f 4909/4909/324 5012/5012/324 4922/4922/324
f 4922/4922/324 5012/5012/324 5014/5014/324
f 5012/5012/324 5013/5013/324 5014/5014/324
f 5014/5014/324 5013/5013/324 5015/5015/324
f 5013/5013/324 5016/5016/324 5015/5015/324
f 5015/5015/324 5016/5016/324 5017/5017/324
f 5017/5017/324 5016/5016/324 5018/5018/324
f 5018/5018/324 5016/5016/324 5019/5019/324
f 5016/5016/324 5020/5020/324 5019/5019/324
f 5019/5019/324 5020/5020/324 5021/5021/324
f 5021/5021/324 5020/5020/324 5022/5022/324
f 5022/5022/324 5020/5020/324 5023/5023/324
f 5020/5020/324 5011/5011/324 5023/5023/324
f 5023/5023/324 5011/5011/324 5024/5024/324
f 5011/5011/324 5010/5010/324 5024/5024/324
f 5024/5024/324 5010/5010/324 5025/5025/324
f 5010/5010/324 4907/4907/324 5025/5025/324
f 5025/5025/324 4907/4907/324 4910/4910/324
f 5026/5026/325 5027/5027/325 5028/5028/325
f 5027/5027/325 5029/5029/325 5028/5028/325
f 5028/5028/325 5029/5029/325 5030/5030/325
f 5029/5029/325 5031/5031/325 5030/5030/325
f 5031/5031/325 5032/5032/325 5030/5030/325
f 5032/5032/325 5033/5033/325 5030/5030/325
f 5033/5033/325 5034/5034/325 5030/5030/325
f 5034/5034/325 5035/5035/325 5030/5030/325
f 5030/5030/325 5035/5035/325 5028/5028/325
f 5035/5035/325 5036/5036/325 5028/5028/325
f 5028/5028/325 5036/5036/325 5026/5026/325
f 5036/5036/325 5035/5035/325 5037/5037/325
f 5035/5035/325 5038/5038/325 5037/5037/325
f 5037/5037/325 5038/5038/325 5039/5039/325
f 5038/5038/325 5040/5040/325 5039/5039/325
f 5039/5039/325 5040/5040/325 5041/5041/325
f 5041/5041/325 5040/5040/325 5042/5042/325
f 5042/5042/325 5040/5040/325 5043/5043/325
f 5040/5040/325 5044/5044/325 5043/5043/325
f 5043/5043/325 5044/5044/325 5045/5045/325
f 5045/5045/325 5044/5044/325 5046/5046/325
f 5046/5046/325 5044/5044/325 5047/5047/325
f 5047/5047/325 5044/5044/325 5048/5048/325
f 5048/5048/325 5044/5044/325 5049/5049/325
f 5044/5044/325 5040/5040/325 5049/5049/325
f 5049/5049/325 5040/5040/325 5038/5038/325
f 5050/5050/323 5051/5051/323 5052/5052/323
f 5051/5051/323 5053/5053/323 5052/5052/323
f 5052/5052/323 5053/5053/323 5054/5054/323
f 5053/5053/323 5055/5055/323 5054/5054/323
f 5055/5055/323 5056/5056/323 5054/5054/323
f 5056/5056/323 5057/5057/323 5054/5054/323
f 5057/5057/323 5058/5058/323 5054/5054/323
f 5058/5058/323 5059/5059/323 5054/5054/323
f 5054/5054/323 5059/5059/323 5052/5052/323
f 5059/5059/323 5060/5060/323 5052/5052/323
f 5052/5052/323 5060/5060/323 5050/5050/323
f 5060/5060/323 5059/5059/323 5061/5061/323
f 5061/5061/323 5059/5059/323 5062/5062/323
f 5059/5059/323 5063/5063/323 5062/5062/323
f 5062/5062/323 5063/5063/323 5064/5064/323
f 5063/5063/323 5065/5065/323 5064/5064/323
f 5064/5064/323 5065/5065/323 5066/5066/323
f 5065/5065/323 5067/5067/323 5066/5066/323
f 5067/5067/323 5068/5068/323 5066/5066/323
f 5068/5068/323 5069/5069/323 5066/5066/323
f 5069/5069/323 5070/5070/323 5066/5066/323
f 5070/5070/323 5071/5071/323 5066/5066/323
f 5066/5066/323 5071/5071/323 5064/5064/323
f 5071/5071/323 5072/5072/323 5064/5064/323
f 5072/5072/323 5073/5073/323 5064/5064/323
f 5064/5064/323 5073/5073/323 5062/5062/323
