# Blender v2.83.20 OBJ File: ''
# www.blender.org
mtllib barracks02int.mtl
o BarracksIntCeling01:0
v 82.158485 21.245768 53.871784
v 87.714256 21.245768 2.701646
v 87.714256 21.245768 53.871784
v 22.351107 21.245768 53.871784
v 22.351107 21.245768 59.427547
v 82.158485 21.245768 59.427547
v 87.714256 21.245768 59.427547
v 16.642962 21.245768 53.871784
v 16.642962 21.245768 41.173389
v 22.351107 21.245768 41.173389
v 82.158485 21.245768 2.701646
v 82.158485 21.245768 -2.854111
v 87.714256 21.245768 -2.854111
v 31.140827 21.245768 -53.871792
v 31.140827 21.245768 -2.854111
v 25.585052 21.245768 -53.871792
v 25.585052 21.245768 -2.854111
v 31.140827 21.245768 2.701646
v 25.585052 21.245768 2.701646
v 16.642962 21.245768 29.570326
v 22.351107 21.245768 29.570326
v 16.642962 21.245768 35.307034
v 22.351107 21.245768 35.307034
v 31.140827 21.245768 -59.427547
v 25.585052 21.245768 -59.427547
v -25.585066 21.245768 -53.871792
v -25.585066 21.245768 29.570326
v 10.815380 21.245768 29.570326
v 10.815380 21.245768 35.307034
v 10.815380 21.245768 41.173389
v 10.815380 21.245768 53.871784
v 10.815380 21.245768 59.427547
v 16.642962 21.245768 59.427547
v -25.585066 21.245768 59.427547
v -25.585066 21.245768 53.871784
v -25.585066 21.245768 41.173389
v -25.585066 21.245768 35.307034
v -31.140827 21.245768 -53.871792
v -31.140827 21.245768 29.570326
v -31.140827 21.245768 35.307034
v -31.140827 21.245768 41.173389
v -31.140827 21.245768 53.871784
v -31.140827 21.245768 59.427547
v -25.585066 21.245768 -59.427547
v -31.140827 21.245768 -59.427547
vt 0.267881 -2.459909
vt 2.735142 -2.727791
vt 0.267881 -2.727791
vt 0.267881 0.423812
vt 0.000000 0.423812
vt 0.000000 -2.459909
vt 0.000000 -2.727791
vt 0.267881 0.699041
vt 0.880157 0.699041
vt 0.880157 0.423812
vt 2.735142 -2.459909
vt 3.003023 -2.459909
vt 3.003023 -2.727791
vt 5.462933 0.000000
vt 3.003023 0.000000
vt 5.462934 0.267882
vt 3.003024 0.267882
vt 2.735142 0.000000
vt 2.735143 0.267882
vt 1.439620 0.699041
vt 1.439620 0.423812
vt 1.163014 0.699041
vt 1.163014 0.423812
vt 5.730814 0.000000
vt 5.730814 0.267882
vt 5.462933 2.735142
vt 1.439620 2.735142
vt 1.439620 0.980028
vt 1.163014 0.980028
vt 0.880157 0.980028
vt 0.267881 0.980028
vt 0.000000 0.980028
vt 0.000000 0.699041
vt 0.000000 2.735142
vt 0.267881 2.735142
vt 0.880157 2.735142
vt 1.163014 2.735142
vt 5.462933 3.003023
vt 1.439620 3.003023
vt 1.163014 3.003023
vt 0.880157 3.003023
vt 0.267881 3.003023
vt 0.000000 3.003023
vt 5.730814 2.735142
vt 5.730814 3.003023
vn 0.0000 -1.0000 0.0000
usemtl noname
s 1
f 1/1/1 2/2/1 3/3/1
f 4/4/1 1/1/1 5/5/1
f 5/5/1 1/1/1 6/6/1
f 1/1/1 3/3/1 6/6/1
f 6/6/1 3/3/1 7/7/1
f 8/8/1 9/9/1 4/4/1
f 9/9/1 10/10/1 4/4/1
f 4/4/1 10/10/1 1/1/1
f 10/10/1 11/11/1 1/1/1
f 1/1/1 11/11/1 2/2/1
f 11/11/1 12/12/1 2/2/1
f 2/2/1 12/12/1 13/13/1
f 14/14/1 15/15/1 16/16/1
f 16/16/1 15/15/1 17/17/1
f 15/15/1 18/18/1 17/17/1
f 17/17/1 18/18/1 19/19/1
f 19/19/1 18/18/1 20/20/1
f 18/18/1 21/21/1 20/20/1
f 20/20/1 21/21/1 22/22/1
f 21/21/1 23/23/1 22/22/1
f 22/22/1 23/23/1 9/9/1
f 9/9/1 23/23/1 10/10/1
f 10/10/1 23/23/1 11/11/1
f 23/23/1 21/21/1 11/11/1
f 21/21/1 18/18/1 11/11/1
f 11/11/1 18/18/1 12/12/1
f 18/18/1 15/15/1 12/12/1
f 24/24/1 14/14/1 25/25/1
f 14/14/1 16/16/1 25/25/1
f 25/25/1 16/16/1 26/26/1
f 16/16/1 17/17/1 26/26/1
f 26/26/1 17/17/1 27/27/1
f 17/17/1 19/19/1 27/27/1
f 27/27/1 19/19/1 28/28/1
f 19/19/1 20/20/1 28/28/1
f 28/28/1 20/20/1 29/29/1
f 20/20/1 22/22/1 29/29/1
f 29/29/1 22/22/1 30/30/1
f 22/22/1 9/9/1 30/30/1
f 30/30/1 9/9/1 31/31/1
f 9/9/1 8/8/1 31/31/1
f 31/31/1 8/8/1 32/32/1
f 32/32/1 8/8/1 33/33/1
f 8/8/1 4/4/1 33/33/1
f 33/33/1 4/4/1 5/5/1
f 32/32/1 34/34/1 31/31/1
f 34/34/1 35/35/1 31/31/1
f 31/31/1 35/35/1 30/30/1
f 35/35/1 36/36/1 30/30/1
f 30/30/1 36/36/1 29/29/1
f 36/36/1 37/37/1 29/29/1
f 29/29/1 37/37/1 28/28/1
f 37/37/1 27/27/1 28/28/1
f 26/26/1 27/27/1 38/38/1
f 38/38/1 27/27/1 39/39/1
f 27/27/1 37/37/1 39/39/1
f 39/39/1 37/37/1 40/40/1
f 37/37/1 36/36/1 40/40/1
f 40/40/1 36/36/1 41/41/1
f 36/36/1 35/35/1 41/41/1
f 41/41/1 35/35/1 42/42/1
f 35/35/1 34/34/1 42/42/1
f 42/42/1 34/34/1 43/43/1
f 25/25/1 26/26/1 44/44/1
f 26/26/1 38/38/1 44/44/1
f 44/44/1 38/38/1 45/45/1
o BarracksIntFloor:0
v 25.585052 0.445576 -53.871792
v -25.585066 0.445576 -53.871792
v 25.585052 0.445576 -2.854111
v 31.140827 0.445576 -53.871792
v 31.140827 0.445576 -59.427547
v 25.585052 0.445576 -59.427547
v -25.585066 0.445576 -59.427547
v -31.140827 0.445576 -59.427547
v -31.140827 0.445576 -53.871792
v -31.140827 0.445576 29.570326
v -25.585066 0.445576 29.570326
v -31.140827 0.445576 35.307034
v -25.585066 0.445576 35.307034
v -31.140827 0.445576 41.173389
v -25.585066 0.445576 41.173389
v -31.140827 0.445576 53.871784
v -25.585066 0.445576 53.871784
v -31.140827 0.445576 59.427547
v -25.585066 0.445576 59.427547
v 10.815380 0.445576 59.427547
v 16.642962 0.445576 53.871784
v 16.642962 0.445576 59.427547
v 10.815380 0.445576 53.871784
v 10.815380 0.445576 47.522587
v 10.815380 0.445576 41.173389
v 10.815380 0.445576 35.307034
v 10.815380 0.445576 29.570326
v 25.585052 0.445576 2.701646
v 16.642962 0.445576 29.570326
v 22.351107 0.445576 29.570326
v 22.351107 0.445576 35.307034
v 82.158485 0.445576 2.701646
v 82.158485 0.445576 53.871784
v 87.714256 0.445576 53.871784
v 87.714256 0.445576 59.427547
v 16.642962 0.445576 41.173389
v 16.642962 0.445576 47.522587
v 22.351107 0.445576 53.871784
v 16.642962 0.445576 35.307034
v 22.351107 0.445576 41.173389
v 22.351107 0.445576 47.522587
v 31.140827 0.445576 2.701646
v 31.140827 0.445576 -2.854111
v 82.158485 0.445576 -2.854111
v 87.714256 0.445576 -2.854111
v 87.714256 0.445576 2.701646
v 22.351107 0.445576 59.427547
v 82.158485 0.445576 59.427547
vt 5.462934 0.267882
vt 5.462933 2.735142
vt 3.003024 0.267882
vt 5.462933 0.000000
vt 5.730814 0.000000
vt 5.730814 0.267882
vt 5.730814 2.735142
vt 5.730814 3.003023
vt 5.462933 3.003023
vt 1.439620 3.003023
vt 1.439620 2.735142
vt 1.163014 3.003023
vt 1.163014 2.735142
vt 0.880157 3.003023
vt 0.880157 2.735142
vt 0.267881 3.003023
vt 0.267881 2.735142
vt 0.000000 3.003023
vt 0.000000 2.735142
vt 0.000000 0.980028
vt 0.267881 0.699041
vt 0.267881 0.980028
vt 0.000000 0.699041
vt 0.574019 0.980028
vt 0.880157 0.980028
vt 1.163014 0.980028
vt 1.439620 0.980028
vt 2.735143 0.267882
vt 1.439620 0.699041
vt 1.439620 0.423812
vt 1.163014 0.423812
vt 2.735142 -2.459909
vt 0.267881 -2.459909
vt 0.267881 -2.727791
vt 0.000000 -2.727791
vt 0.880157 0.699041
vt 0.574019 0.699041
vt 0.267881 0.423812
vt 1.163014 0.699041
vt 0.880157 0.423812
vt 0.574019 0.423812
vt 2.735142 0.000000
vt 3.003023 0.000000
vt 3.003023 -2.459909
vt 3.003023 -2.727791
vt 2.735142 -2.727791
vt 0.000000 0.423812
vt 0.000000 -2.459909
vn 0.0000 1.0000 0.0000
usemtl noname.001
s 1
f 46/46/2 47/47/2 48/48/2
f 48/48/2 49/49/2 46/46/2
f 49/49/2 50/50/2 46/46/2
f 50/50/2 51/51/2 46/46/2
f 51/51/2 52/52/2 46/46/2
f 46/46/2 52/52/2 47/47/2
f 52/52/2 53/53/2 47/47/2
f 53/53/2 54/54/2 47/47/2
f 54/54/2 55/55/2 47/47/2
f 47/47/2 55/55/2 56/56/2
f 55/55/2 57/57/2 56/56/2
f 56/56/2 57/57/2 58/58/2
f 57/57/2 59/59/2 58/58/2
f 58/58/2 59/59/2 60/60/2
f 59/59/2 61/61/2 60/60/2
f 60/60/2 61/61/2 62/62/2
f 61/61/2 63/63/2 62/62/2
f 63/63/2 64/64/2 62/62/2
f 64/64/2 65/65/2 62/62/2
f 66/66/2 68/67/2 67/68/2
f 67/68/2 68/67/2 65/65/2
f 65/65/2 68/67/2 62/62/2
f 68/67/2 69/69/2 62/62/2
f 62/62/2 69/69/2 60/60/2
f 69/69/2 70/70/2 60/60/2
f 60/60/2 70/70/2 58/58/2
f 70/70/2 71/71/2 58/58/2
f 58/58/2 71/71/2 56/56/2
f 71/71/2 72/72/2 56/56/2
f 56/56/2 72/72/2 73/73/2
f 72/72/2 74/74/2 73/73/2
f 73/73/2 74/74/2 75/75/2
f 74/74/2 76/76/2 75/75/2
f 75/75/2 76/76/2 77/77/2
f 76/76/2 78/78/2 77/77/2
f 77/77/2 78/78/2 79/79/2
f 78/78/2 80/80/2 79/79/2
f 71/71/2 70/70/2 81/81/2
f 81/81/2 70/70/2 82/82/2
f 70/70/2 69/69/2 82/82/2
f 69/69/2 68/67/2 82/82/2
f 68/67/2 66/66/2 82/82/2
f 82/82/2 66/66/2 83/83/2
f 72/72/2 71/71/2 84/84/2
f 71/71/2 81/81/2 84/84/2
f 84/84/2 81/81/2 85/85/2
f 81/81/2 82/82/2 85/85/2
f 85/85/2 82/82/2 86/86/2
f 82/82/2 83/83/2 86/86/2
f 83/83/2 78/78/2 86/86/2
f 86/86/2 78/78/2 85/85/2
f 78/78/2 76/76/2 85/85/2
f 85/85/2 76/76/2 84/84/2
f 76/76/2 74/74/2 84/84/2
f 84/84/2 74/74/2 72/72/2
f 77/77/2 87/87/2 75/75/2
f 75/75/2 87/87/2 73/73/2
f 73/73/2 87/87/2 88/88/2
f 87/87/2 77/77/2 88/88/2
f 88/88/2 77/77/2 89/89/2
f 89/89/2 77/77/2 90/90/2
f 90/90/2 77/77/2 91/91/2
f 77/77/2 79/79/2 91/91/2
f 67/68/2 92/92/2 66/66/2
f 66/66/2 92/92/2 83/83/2
f 92/92/2 93/93/2 83/83/2
f 83/83/2 93/93/2 78/78/2
f 93/93/2 80/80/2 78/78/2
f 49/49/2 48/48/2 88/88/2
f 88/88/2 48/48/2 73/73/2
f 48/48/2 47/47/2 73/73/2
f 73/73/2 47/47/2 56/56/2
o BarracksIntGlass:0
v 25.229084 14.238222 -59.252930
v 19.144482 14.238222 -59.252930
v 25.229086 6.051994 -59.252930
v 19.144480 6.051994 -59.252930
v 18.683744 14.238222 -59.252930
v 12.599138 14.238223 -59.252930
v 18.683743 6.051994 -59.252930
v 12.599138 6.051995 -59.252930
v -30.966215 6.051997 47.667347
v -30.966215 6.051996 41.582745
v -30.966215 14.238225 47.667347
v -30.966215 14.238223 41.582745
v -30.966215 6.051997 54.212688
v -30.966215 6.051997 48.128086
v -30.966215 14.238225 54.212688
v -30.966215 14.238225 48.128082
v -30.966215 14.238223 24.179228
v -30.966215 14.238225 30.263834
v -30.966215 6.051996 24.179228
v -30.966215 6.051997 30.263834
v -30.966215 14.238223 17.633886
v -30.966215 14.238223 23.718491
v -30.966215 6.051995 17.633886
v -30.966215 6.051996 23.718491
v -30.966215 6.051996 -0.230369
v -30.966215 6.051994 -6.314973
v -30.966215 14.238223 -0.230369
v -30.966215 14.238223 -6.314973
v -30.966215 6.051996 6.314972
v -30.966215 6.051996 0.230369
v -30.966215 14.238223 6.314973
v -30.966215 14.238223 0.230368
v -30.966215 14.238223 -23.718489
v -30.966215 14.238223 -17.633884
v -30.966215 6.051994 -23.718489
v -30.966215 6.051996 -17.633884
v -30.966215 14.238223 -30.263830
v -30.966215 14.238223 -24.179228
v -30.966215 6.051994 -30.263830
v -30.966215 6.051994 -24.179226
v -30.966215 6.051996 -48.128082
v -30.966215 6.051994 -54.212688
v -30.966215 14.238223 -48.128086
v -30.966215 14.238223 -54.212688
v -30.966215 6.051996 -41.582745
v -30.966215 6.051996 -47.667347
v -30.966215 14.238223 -41.582745
v -30.966215 14.238223 -47.667347
v 30.966215 6.051997 -47.667347
v 30.966215 6.051996 -41.582745
v 30.966215 14.238225 -47.667347
v 30.966215 14.238223 -41.582745
v 30.966215 6.051997 -54.212688
v 30.966215 6.051997 -48.128086
v 30.966215 14.238225 -54.212688
v 30.966215 14.238225 -48.128082
v 30.966215 14.238223 -24.179228
v 30.966215 14.238225 -30.263834
v 30.966215 6.051996 -24.179228
v 30.966215 6.051997 -30.263834
v 30.966215 14.238223 -17.633886
v 30.966215 14.238223 -23.718491
v 30.966215 6.051995 -17.633886
v 30.966215 6.051996 -23.718491
v 52.465950 6.051996 -2.679498
v 58.550549 6.051994 -2.679498
v 52.465950 14.238223 -2.679498
v 58.550549 14.238223 -2.679498
v 45.920605 6.051996 -2.679498
v 52.005207 6.051996 -2.679498
v 45.920605 14.238223 -2.679498
v 52.005207 14.238223 -2.679498
v 75.954063 14.238223 -2.679498
v 69.869469 14.238223 -2.679498
v 75.954063 6.051994 -2.679498
v 69.869469 6.051996 -2.679498
v 82.499413 14.238223 -2.679498
v 76.414803 14.238223 -2.679498
v 82.499413 6.051994 -2.679498
v 76.414803 6.051994 -2.679498
v 87.539650 6.051996 10.229543
v 87.539650 6.051994 16.314148
v 87.539650 14.238223 10.229544
v 87.539650 14.238223 16.314148
v 87.539650 6.051996 3.684202
v 87.539650 6.051996 9.768806
v 87.539650 14.238223 3.684201
v 87.539650 14.238223 9.768806
v -18.057175 6.051997 -59.252930
v -11.972570 6.051996 -59.252930
v -18.057173 14.238225 -59.252930
v -11.972570 14.238225 -59.252930
v -24.602514 6.051997 -59.252930
v -18.517912 6.051997 -59.252930
v -24.602516 14.238225 -59.252930
v -18.517912 14.238225 -59.252930
v 87.539650 6.051996 47.431198
v 87.539650 6.051994 53.515804
v 87.539650 14.238223 47.431198
v 87.539650 14.238223 53.515804
v 87.539650 6.051996 40.885860
v 87.539650 6.051996 46.970463
v 87.539650 14.238223 40.885860
v 87.539650 14.238223 46.970463
v 75.954063 6.051997 59.252930
v 69.869461 6.051996 59.252930
v 75.954063 14.238225 59.252930
v 69.869461 14.238225 59.252930
v 82.499405 6.051997 59.252930
v 76.414803 6.051997 59.252930
v 82.499405 14.238225 59.252930
v 76.414803 14.238225 59.252930
v 52.465942 14.238225 59.252930
v 58.550549 14.238225 59.252930
v 52.465942 6.051996 59.252930
v 58.550549 6.051997 59.252930
v 45.920605 14.238225 59.252930
v 52.005207 14.238225 59.252930
v 45.920605 6.051996 59.252930
v 52.005207 6.051996 59.252930
v 28.056349 6.051996 59.252930
v 21.971743 6.051995 59.252930
v 28.056349 14.238225 59.252930
v 21.971743 14.238223 59.252930
v 34.601688 6.051996 59.252930
v 28.517088 6.051996 59.252930
v 34.601692 14.238225 59.252930
v 28.517084 14.238225 59.252930
v 4.568228 14.238223 59.252930
v 10.652833 14.238225 59.252930
v 4.568229 6.051995 59.252930
v 10.652833 6.051996 59.252930
v -1.977113 14.238223 59.252930
v 4.107490 14.238223 59.252930
v -1.977114 6.051995 59.252930
v 4.107491 6.051995 59.252930
v -19.841368 6.051996 59.252930
v -25.925974 6.051995 59.252930
v -19.841368 14.238225 59.252930
v -25.925970 14.238223 59.252930
v -13.296027 6.051996 59.252930
v -19.380629 6.051996 59.252930
v -13.296025 14.238225 59.252930
v -19.380630 14.238225 59.252930
vt 0.007318 0.989071
vt 0.007318 0.013801
vt 0.649364 0.989071
vt 0.649364 0.013801
vt 0.649364 0.013801
vt 0.649365 0.989071
vt 0.007318 0.013801
vt 0.007318 0.989071
vt 0.649364 0.013801
vt 0.649365 0.989071
vt 0.007318 0.013801
vt 0.007318 0.989071
vt 0.007318 0.989071
vt 0.007318 0.013801
vt 0.649364 0.989071
vt 0.649364 0.013801
vt 0.649364 0.013801
vt 0.649365 0.989071
vt 0.007318 0.013801
vt 0.007318 0.989071
vt 0.007318 0.989071
vt 0.007318 0.013801
vt 0.649364 0.989071
vt 0.649364 0.013801
vt 0.649364 0.013801
vt 0.649365 0.989071
vt 0.007318 0.013801
vt 0.007318 0.989071
vt 0.007318 0.989071
vt 0.007318 0.013801
vt 0.649364 0.989071
vt 0.649364 0.013801
vt 0.649364 0.013801
vt 0.649365 0.989071
vt 0.007318 0.013801
vt 0.007318 0.989071
vt 0.007318 0.989071
vt 0.007318 0.013801
vt 0.649364 0.989071
vt 0.649364 0.013801
vt 0.649364 0.013801
vt 0.649365 0.989071
vt 0.007318 0.013801
vt 0.007318 0.989071
vt 0.007318 0.989071
vt 0.007318 0.013801
vt 0.649364 0.989071
vt 0.649364 0.013801
vt 0.649364 0.013801
vt 0.649365 0.989071
vt 0.007318 0.013801
vt 0.007318 0.989071
vt 0.007318 0.989071
vt 0.007318 0.013801
vt 0.649364 0.989071
vt 0.649364 0.013801
vt 0.649364 0.013801
vt 0.649365 0.989071
vt 0.007318 0.013801
vt 0.007318 0.989071
vt 0.007318 0.989071
vt 0.007318 0.013801
vt 0.649364 0.989071
vt 0.649364 0.013801
vt 0.649364 0.013801
vt 0.649365 0.989071
vt 0.007318 0.013801
vt 0.007318 0.989071
vt 0.007318 0.989071
vt 0.007318 0.013801
vt 0.649364 0.989071
vt 0.649364 0.013801
vt 0.649364 0.013801
vt 0.649365 0.989071
vt 0.007318 0.013801
vt 0.007318 0.989071
vt 0.007318 0.989071
vt 0.007318 0.013801
vt 0.649364 0.989071
vt 0.649364 0.013801
vt 0.649364 0.013801
vt 0.649365 0.989071
vt 0.007318 0.013801
vt 0.007318 0.989071
vt 0.007318 0.989071
vt 0.007318 0.013801
vt 0.649364 0.989071
vt 0.649364 0.013801
vt 0.649364 0.013801
vt 0.649365 0.989071
vt 0.007318 0.013801
vt 0.007318 0.989071
vt 0.007318 0.989071
vt 0.007318 0.013801
vt 0.649364 0.989071
vt 0.649364 0.013801
vt 0.649364 0.013801
vt 0.649365 0.989071
vt 0.007318 0.013801
vt 0.007318 0.989071
vt 0.007318 0.989071
vt 0.007318 0.013801
vt 0.649364 0.989071
vt 0.649364 0.013801
vt 0.649364 0.013801
vt 0.649365 0.989071
vt 0.007318 0.013801
vt 0.007318 0.989071
vt 0.007318 0.989071
vt 0.007318 0.013801
vt 0.649364 0.989071
vt 0.649364 0.013801
vt 0.649364 0.013801
vt 0.649365 0.989071
vt 0.007318 0.013801
vt 0.007318 0.989071
vt 0.007318 0.989071
vt 0.007318 0.013801
vt 0.649364 0.989071
vt 0.649364 0.013801
vt 0.649364 0.013801
vt 0.649365 0.989071
vt 0.007318 0.013801
vt 0.007318 0.989071
vt 0.007318 0.989071
vt 0.007318 0.013801
vt 0.649364 0.989071
vt 0.649364 0.013801
vt 0.649364 0.013801
vt 0.649365 0.989071
vt 0.007318 0.013801
vt 0.007318 0.989071
vt 0.007318 0.989071
vt 0.007318 0.013801
vt 0.649364 0.989071
vt 0.649364 0.013801
vt 0.649364 0.013801
vt 0.649365 0.989071
vt 0.007318 0.013801
vt 0.007318 0.989071
vt 0.007318 0.989071
vt 0.007318 0.013801
vt 0.649364 0.989071
vt 0.649364 0.013801
vn 0.0000 0.0000 1.0000
vn 1.0000 0.0000 0.0000
vn -1.0000 0.0000 0.0000
vn -0.0000 0.0000 -1.0000
usemtl noname.002
s 1
f 94/94/3 95/95/3 96/96/3
f 95/95/3 97/97/3 96/96/3
f 98/98/3 99/99/3 100/100/3
f 99/99/3 101/101/3 100/100/3
f 102/102/4 103/103/4 104/104/4
f 103/103/4 105/105/4 104/104/4
f 106/106/4 107/107/4 108/108/4
f 107/107/4 109/109/4 108/108/4
f 110/110/4 111/111/4 112/112/4
f 111/111/4 113/113/4 112/112/4
f 114/114/4 115/115/4 116/116/4
f 115/115/4 117/117/4 116/116/4
f 118/118/4 119/119/4 120/120/4
f 119/119/4 121/121/4 120/120/4
f 122/122/4 123/123/4 124/124/4
f 123/123/4 125/125/4 124/124/4
f 126/126/4 127/127/4 128/128/4
f 127/127/4 129/129/4 128/128/4
f 130/130/4 131/131/4 132/132/4
f 131/131/4 133/133/4 132/132/4
f 134/134/4 135/135/4 136/136/4
f 135/135/4 137/137/4 136/136/4
f 138/138/4 139/139/4 140/140/4
f 139/139/4 141/141/4 140/140/4
f 142/142/5 143/143/5 144/144/5
f 143/143/5 145/145/5 144/144/5
f 146/146/5 147/147/5 148/148/5
f 147/147/5 149/149/5 148/148/5
f 150/150/5 151/151/5 152/152/5
f 151/151/5 153/153/5 152/152/5
f 154/154/5 155/155/5 156/156/5
f 155/155/5 157/157/5 156/156/5
f 158/158/3 159/159/3 160/160/3
f 159/159/3 161/161/3 160/160/3
f 162/162/3 163/163/3 164/164/3
f 163/163/3 165/165/3 164/164/3
f 166/166/3 167/167/3 168/168/3
f 167/167/3 169/169/3 168/168/3
f 170/170/3 171/171/3 172/172/3
f 171/171/3 173/173/3 172/172/3
f 174/174/5 175/175/5 176/176/5
f 175/175/5 177/177/5 176/176/5
f 178/178/5 179/179/5 180/180/5
f 179/179/5 181/181/5 180/180/5
f 182/182/3 183/183/3 184/184/3
f 183/183/3 185/185/3 184/184/3
f 186/186/3 187/187/3 188/188/3
f 187/187/3 189/189/3 188/188/3
f 190/190/5 191/191/5 192/192/5
f 191/191/5 193/193/5 192/192/5
f 194/194/5 195/195/5 196/196/5
f 195/195/5 197/197/5 196/196/5
f 198/198/6 199/199/6 200/200/6
f 199/199/6 201/201/6 200/200/6
f 202/202/6 203/203/6 204/204/6
f 203/203/6 205/205/6 204/204/6
f 206/206/6 207/207/6 208/208/6
f 207/207/6 209/209/6 208/208/6
f 210/210/6 211/211/6 212/212/6
f 211/211/6 213/213/6 212/212/6
f 214/214/6 215/215/6 216/216/6
f 215/215/6 217/217/6 216/216/6
f 218/218/6 219/219/6 220/220/6
f 219/219/6 221/221/6 220/220/6
f 222/222/6 223/223/6 224/224/6
f 223/223/6 225/225/6 224/224/6
f 226/226/6 227/227/6 228/228/6
f 227/227/6 229/229/6 228/228/6
f 230/230/6 231/231/6 232/232/6
f 231/231/6 233/233/6 232/232/6
f 234/234/6 235/235/6 236/236/6
f 235/235/6 237/237/6 236/236/6
o BarracksIntWood:0
v -4.861064 16.190802 -58.211231
v -4.861064 0.445576 -59.427547
v -4.861064 0.445575 -58.211231
v -4.861064 0.445576 -59.427547
v -4.861064 16.190802 -58.211231
v -4.861063 16.190802 -59.427547
v -5.176157 16.990801 -58.005501
v -5.176158 16.190802 -59.427547
v -5.176160 16.190802 -58.005501
v -5.176158 16.190802 -59.427547
v -5.176157 16.990801 -58.005501
v -5.176157 16.990801 -59.427547
v -5.176158 16.190802 -59.427547
v 5.959407 16.190800 -58.005501
v -5.176160 16.190802 -58.005501
v 5.959407 16.190800 -58.005501
v -5.176158 16.190802 -59.427547
v 5.959407 16.190800 -59.427547
v 5.175119 16.190802 -58.211231
v 5.175119 0.445576 -59.427547
v 5.175119 0.445575 -58.211231
v 5.175119 0.445576 -59.427547
v 5.175119 16.190802 -58.211231
v 5.175120 16.190802 -59.427547
v 17.418831 16.990801 52.830544
v 15.791056 16.190800 52.830544
v 17.418831 16.190802 52.830547
v 15.791056 16.190800 52.830544
v 17.418831 16.990801 52.830544
v 15.791056 16.990799 52.830544
v 17.418831 16.990801 52.830544
v 15.791056 16.990799 41.694977
v 15.791056 16.990799 52.830544
v 15.791056 16.990799 41.694977
v 17.418831 16.990801 52.830544
v 17.418831 16.990799 41.694977
v 15.791056 16.190800 52.830544
v 17.418831 16.190800 41.694981
v 17.418831 16.190802 52.830547
v 17.418831 16.190800 41.694981
v 15.791056 16.190800 52.830544
v 15.791056 16.190800 41.694977
v 17.418831 16.190800 41.694981
v 15.791056 16.990799 41.694977
v 17.418831 16.990799 41.694977
v 15.791056 16.990799 41.694977
v 17.418831 16.190800 41.694981
v 15.791056 16.190800 41.694977
v -11.331145 5.410571 -59.427547
v -25.243940 5.410572 -58.925274
v -25.243940 5.410572 -59.427547
v -25.243940 5.410572 -58.925274
v -11.331145 5.410571 -59.427547
v -11.331145 5.410572 -58.925274
v -11.331145 5.410572 -58.925274
v -11.331147 14.879646 -59.427547
v -11.331147 14.879646 -58.925274
v -11.331147 14.879646 -59.427547
v -11.331145 5.410572 -58.925274
v -11.331145 5.410571 -59.427547
v -11.972571 14.238222 -59.252930
v -11.972569 6.051993 -59.125275
v -11.972571 14.238222 -59.125275
v -11.972569 6.051993 -59.125275
v -11.972571 14.238222 -59.252930
v -11.972570 6.051994 -59.252930
v -24.602516 6.051995 -59.252930
v -24.602516 14.238223 -59.125275
v -24.602514 6.051996 -59.125275
v -24.602516 14.238223 -59.125275
v -24.602516 6.051995 -59.252930
v -24.602516 14.238223 -59.252930
v -11.972569 6.051993 -59.125275
v -24.602516 6.051995 -59.252930
v -24.602514 6.051996 -59.125275
v -24.602516 6.051995 -59.252930
v -11.972569 6.051993 -59.125275
v -11.972570 6.051994 -59.252930
v 13.030005 13.048636 -59.673248
v 12.616136 12.889635 -59.673248
v 12.616134 12.889635 -59.974743
v 12.616134 12.889635 -59.974743
v 12.616136 12.889635 -59.673248
v 10.791831 12.975644 -59.673248
v 26.494139 12.235309 -59.673248
v 17.152472 12.675715 -59.673248
v 17.152233 12.675766 -59.974743
v 16.170086 12.891792 -59.974743
v 17.152233 12.675766 -59.974743
v 17.152472 12.675715 -59.673248
v 26.611160 14.181582 -59.673248
v 26.494139 12.235309 -59.673248
v 26.494139 12.235309 -59.974743
v 12.616134 12.889635 -59.974743
v 13.030005 13.048636 -59.974743
v 13.030005 13.048636 -59.673248
v 17.152472 12.675715 -59.673248
v 16.170086 12.891792 -59.673248
v 16.170086 12.891792 -59.974743
v 26.611160 14.181575 -59.974743
v 10.908854 14.921918 -59.974743
v 10.908854 14.921918 -59.673248
v 26.494139 12.235309 -59.974743
v 26.611160 14.181575 -59.974743
v 26.611160 14.181582 -59.673248
v 10.908854 14.921918 -59.673248
v 26.611160 14.181582 -59.673248
v 26.611160 14.181575 -59.974743
v -12.687472 9.989094 -59.673248
v -12.369639 10.101863 -59.673248
v -12.369639 10.101863 -59.974728
v -12.369639 10.101863 -59.974728
v -12.688125 9.988862 -59.974728
v -12.687472 9.989094 -59.673248
v -12.688125 9.988862 -59.974728
v -14.950151 9.947085 -59.974728
v -14.950151 9.947085 -59.673248
v -14.950151 9.947085 -59.673248
v -12.687472 9.989094 -59.673248
v -12.688125 9.988862 -59.974728
v -11.076550 12.461299 -59.954903
v -11.076756 12.461157 -59.653484
v -11.815750 12.397370 -59.955441
v -10.698865 12.588556 -59.954578
v -10.699072 12.588412 -59.653168
v -11.076550 12.461299 -59.954903
v -11.815955 12.397227 -59.654022
v -11.815750 12.397370 -59.955441
v -11.076756 12.461157 -59.653484
v -11.076756 12.461157 -59.653484
v -11.076550 12.461299 -59.954903
v -10.699072 12.588412 -59.653168
v -10.605153 12.697203 -59.954464
v -10.699072 12.588412 -59.653168
v -10.698865 12.588556 -59.954578
v -10.699072 12.588412 -59.653168
v -10.605153 12.697203 -59.954464
v -10.605359 12.697053 -59.653053
v -26.283188 11.557853 -59.965740
v -26.095230 11.587276 -59.664185
v -26.095026 11.587420 -59.965603
v -26.095230 11.587276 -59.664185
v -26.283188 11.557853 -59.965740
v -26.283396 11.557711 -59.664333
v -11.076550 12.461299 -59.954903
v -11.815750 12.397370 -59.955441
v -10.698865 12.588556 -59.954578
v -11.815750 12.397370 -59.955441
v -11.815955 12.397227 -59.654022
v -11.918864 12.261333 -59.955574
v -10.699072 12.588412 -59.653168
v -11.815955 12.397227 -59.654022
v -11.076756 12.461157 -59.653484
v -10.605359 12.697053 -59.653053
v -10.667489 13.839019 -59.652554
v -10.699072 12.588412 -59.653168
v -10.698865 12.588556 -59.954578
v -10.667283 13.839160 -59.953968
v -10.605153 12.697203 -59.954464
v -10.605359 12.697053 -59.653053
v -10.605153 12.697203 -59.954464
v -10.667489 13.839019 -59.652554
v -26.095026 11.587420 -59.965603
v -26.095230 11.587276 -59.664185
v -25.954590 11.821431 -59.965393
v -26.255125 11.038103 -59.664558
v -26.095230 11.587276 -59.664185
v -26.283396 11.557711 -59.664333
v -26.283188 11.557853 -59.965740
v -26.095026 11.587420 -59.965603
v -26.254919 11.038246 -59.965969
v -26.283396 11.557711 -59.664333
v -26.283188 11.557853 -59.965740
v -26.255125 11.038103 -59.664558
v -10.667283 13.839160 -59.953968
v -10.698865 12.588556 -59.954578
v -11.815750 12.397370 -59.955441
v -12.223312 12.250694 -59.955788
v -11.815750 12.397370 -59.955441
v -11.918864 12.261333 -59.955574
v -11.919070 12.261190 -59.654156
v -11.918864 12.261333 -59.955574
v -11.815955 12.397227 -59.654022
v -26.361057 12.985216 -59.663708
v -26.331635 12.448363 -59.965351
v -26.331842 12.448221 -59.663940
v -26.331842 12.448221 -59.663940
v -26.331635 12.448363 -59.965351
v -26.077818 12.129000 -59.663918
v -11.815955 12.397227 -59.654022
v -10.699072 12.588412 -59.653168
v -10.667489 13.839019 -59.652554
v -10.667283 13.839160 -59.953968
v -10.667489 13.839019 -59.652554
v -10.605153 12.697203 -59.954464
v -25.954590 11.821431 -59.965393
v -26.254919 11.038246 -59.965969
v -26.095026 11.587420 -59.965603
v -25.954798 11.821288 -59.663979
v -25.954590 11.821431 -59.965393
v -26.095230 11.587276 -59.664185
v 44.574738 13.308036 -3.418052
v 60.268311 14.161837 -3.420435
v 58.712280 12.573371 -3.420911
v 58.372295 12.240668 -3.421008
v 44.574738 13.308036 -3.418052
v 58.712280 12.573371 -3.420911
v 58.712280 12.573371 -3.420911
v 58.690845 12.317286 -3.421029
v 58.372295 12.240668 -3.421008
v 60.330441 13.019879 -3.420987
v 60.236725 12.911232 -3.421022
v 60.268311 14.161837 -3.420435
v 59.119843 12.720046 -3.420914
v 60.268311 14.161837 -3.420435
v 60.236725 12.911232 -3.421022
v 60.236725 12.911232 -3.421022
v 59.859039 12.783976 -3.421015
v 59.119843 12.720046 -3.420914
v 44.858032 12.451676 -3.117097
v 44.604008 12.770897 -3.116901
v 44.603954 12.771040 -3.418312
v 44.603954 12.771040 -3.418312
v 44.857983 12.451819 -3.418509
v 44.858032 12.451676 -3.117097
v 44.981052 12.143965 -3.117265
v 44.858032 12.451676 -3.117097
v 44.857983 12.451819 -3.418509
v 44.857983 12.451819 -3.418509
v 44.980999 12.144107 -3.418676
v 44.981052 12.143965 -3.117265
v 44.840618 11.909952 -3.117351
v 44.981052 12.143965 -3.117265
v 44.980999 12.144107 -3.418676
v -26.360853 12.985359 -59.965118
v -26.331635 12.448363 -59.965351
v -26.361057 12.985216 -59.663708
v -26.077610 12.129143 -59.965332
v -26.077818 12.129000 -59.663918
v -26.331635 12.448363 -59.965351
v -26.077818 12.129000 -59.663918
v -26.077610 12.129143 -59.965332
v -25.954798 11.821288 -59.663979
v -26.095230 11.587276 -59.664185
v -26.255125 11.038103 -59.664558
v -25.954798 11.821288 -59.663979
v -26.254919 11.038246 -59.965969
v -26.255125 11.038103 -59.664558
v -26.283188 11.557853 -59.965740
v -11.815750 12.397370 -59.955441
v -12.223312 12.250694 -59.955788
v -10.667283 13.839160 -59.953968
v -26.360853 12.985359 -59.965118
v -26.361057 12.985216 -59.663708
v -10.667283 13.839160 -59.953968
v -11.919070 12.261190 -59.654156
v -11.815955 12.397227 -59.654022
v -12.223519 12.250552 -59.654369
v -11.918864 12.261333 -59.955574
v -11.919070 12.261190 -59.654156
v -12.223312 12.250694 -59.955788
v -26.331842 12.448221 -59.663940
v -26.077818 12.129000 -59.663918
v -26.361057 12.985216 -59.663708
v -10.667489 13.839019 -59.652554
v -12.223519 12.250552 -59.654369
v -11.815955 12.397227 -59.654022
v -10.667489 13.839019 -59.652554
v -10.667283 13.839160 -59.953968
v -26.361057 12.985216 -59.663708
v -26.254919 11.038246 -59.965969
v -25.954590 11.821431 -59.965393
v -12.555978 11.783531 -59.956234
v -25.954590 11.821431 -59.965393
v -25.954798 11.821288 -59.663979
v -26.077610 12.129143 -59.965332
v -26.331635 12.448363 -59.965351
v -26.360853 12.985359 -59.965118
v -26.077610 12.129143 -59.965332
v -25.954798 11.821288 -59.663979
v -12.556184 11.783388 -59.654823
v -26.077818 12.129000 -59.663918
v -12.556184 11.783388 -59.654823
v -25.954798 11.821288 -59.663979
v -26.255125 11.038103 -59.664558
v -26.254919 11.038246 -59.965969
v -12.555978 11.783531 -59.956234
v -26.255125 11.038103 -59.664558
v -10.667283 13.839160 -59.953968
v -12.223312 12.250694 -59.955788
v -26.360853 12.985359 -59.965118
v -12.223519 12.250552 -59.654369
v -12.223312 12.250694 -59.955788
v -11.919070 12.261190 -59.654156
v -26.361057 12.985216 -59.663708
v -26.077818 12.129000 -59.663918
v -12.563498 11.917849 -59.654762
v -26.361057 12.985216 -59.663708
v -12.223519 12.250552 -59.654369
v -10.667489 13.839019 -59.652554
v -26.077610 12.129143 -59.965332
v -12.555978 11.783531 -59.956234
v -25.954590 11.821431 -59.965393
v -12.563293 11.917992 -59.956177
v -26.077610 12.129143 -59.965332
v -26.360853 12.985359 -59.965118
v -12.563498 11.917849 -59.654762
v -26.077818 12.129000 -59.663918
v -12.556184 11.783388 -59.654823
v -12.556184 11.783388 -59.654823
v -26.255125 11.038103 -59.664558
v -12.555978 11.783531 -59.956234
v -26.360853 12.985359 -59.965118
v -12.223312 12.250694 -59.955788
v -12.563293 11.917992 -59.956177
v -12.223312 12.250694 -59.955788
v -12.223519 12.250552 -59.654369
v -12.244746 11.994611 -59.955921
v -12.563498 11.917849 -59.654762
v -12.223519 12.250552 -59.654369
v -26.361057 12.985216 -59.663708
v -12.555978 11.783531 -59.956234
v -26.077610 12.129143 -59.965332
v -12.563293 11.917992 -59.956177
v -12.556184 11.783388 -59.654823
v -12.555978 11.783531 -59.956234
v -12.563498 11.917849 -59.654762
v -12.244746 11.994611 -59.955921
v -12.563293 11.917992 -59.956177
v -12.223312 12.250694 -59.955788
v -12.244952 11.994468 -59.654510
v -12.244746 11.994611 -59.955921
v -12.223519 12.250552 -59.654369
v -12.223519 12.250552 -59.654369
v -12.563498 11.917849 -59.654762
v -12.244952 11.994468 -59.654510
v -12.563293 11.917992 -59.956177
v -12.563498 11.917849 -59.654762
v -12.555978 11.783531 -59.956234
v -12.244746 11.994611 -59.955921
v -12.244952 11.994468 -59.654510
v -12.563293 11.917992 -59.956177
v -12.563498 11.917849 -59.654762
v -12.563293 11.917992 -59.956177
v -12.244952 11.994468 -59.654510
v -31.832285 8.666883 -55.104633
v -31.832289 6.439940 -40.615292
v -31.530792 6.439941 -40.615292
v -31.530792 4.935337 -40.846542
v -31.832289 4.935336 -40.846542
v -31.832285 7.162279 -55.335884
v -31.530792 6.439941 -40.615292
v -31.530790 8.666883 -55.104633
v -31.832285 8.666883 -55.104633
v -31.832285 7.162279 -55.335884
v -31.530790 7.162279 -55.335884
v -31.530792 4.935337 -40.846542
v -31.530872 13.799840 -55.738110
v -31.530872 13.702698 -55.843700
v -31.832281 13.799840 -55.738110
v -31.832281 13.702704 -55.843700
v -31.832281 13.799840 -55.738110
v -31.530872 13.702698 -55.843700
v -31.832281 12.561175 -55.913387
v -31.832281 13.702704 -55.843700
v -31.530872 13.702698 -55.843700
v -31.832281 13.549895 -40.106991
v -31.832281 13.030486 -40.138699
v -31.530869 13.030486 -40.138699
v -31.530872 13.702698 -55.843700
v -31.530872 12.561175 -55.913387
v -31.832281 12.561175 -55.913387
v -31.530869 13.030486 -40.138699
v -31.530869 13.549893 -40.106991
v -31.832281 13.549895 -40.106991
v -31.530872 14.385828 -53.800701
v -31.530869 13.549893 -40.106991
v -31.530869 12.806468 -40.495441
v -31.530869 12.486645 -40.408646
v -31.530869 12.140315 -40.193035
v -31.530869 11.603525 -40.225807
v -31.832281 13.549895 -40.106991
v -31.530869 13.549893 -40.106991
v -31.530872 14.385828 -53.800701
v -31.530869 11.603525 -40.225807
v -31.530872 12.561175 -55.913387
v -31.530872 13.960045 -54.184914
v -31.530869 12.806468 -40.495441
v -31.530869 12.486645 -40.408646
v -31.530872 14.385828 -53.800701
v -31.530869 11.603525 -40.225807
v -31.530872 14.251419 -53.808907
v -31.530869 12.486645 -40.408646
v -31.530872 14.385828 -53.800701
v -31.832281 14.385828 -53.800701
v -31.832281 13.549895 -40.106991
v -31.530872 14.251419 -53.808907
v -31.530869 11.603525 -40.225807
v -31.530872 13.960045 -54.184914
v -31.530872 14.251419 -53.808907
v -31.530872 14.385828 -53.800701
v -31.530869 12.486645 -40.408646
v -31.530872 13.960045 -54.184914
v -31.530872 14.211963 -54.134155
v -31.530872 14.251419 -53.808907
v -31.832142 11.428690 -40.157894
v -31.832142 9.479846 -40.097172
v -31.530645 9.479846 -40.097172
v -31.832142 9.479846 -40.097172
v -31.832142 9.067636 -49.440125
v -31.530645 9.067666 -49.440369
v -31.530645 9.067666 -49.440369
v -31.530645 9.479846 -40.097172
v -31.832142 9.479846 -40.097172
v -31.530645 9.479846 -40.097172
v -31.530645 11.428683 -40.157894
v -31.832142 11.428690 -40.157894
v -31.832142 10.735871 -55.862366
v -31.832142 11.428690 -40.157894
v -31.530645 11.428683 -40.157894
v -31.530645 9.193345 -50.438107
v -31.530645 9.067666 -49.440369
v -31.832142 9.067636 -49.440125
v -31.832142 9.067636 -49.440125
v -31.832142 9.193346 -50.438107
v -31.530645 9.193345 -50.438107
v -31.530645 11.428683 -40.157894
v -31.530645 10.735871 -55.862366
v -31.832142 10.735871 -55.862366
v -31.530645 9.063558 -53.579426
v -31.530645 9.193345 -50.438107
v -31.832142 9.193346 -50.438107
v -31.832142 9.193346 -50.438107
v -31.832142 9.063558 -53.579426
v -31.530645 9.063558 -53.579426
v -31.509333 6.238822 -27.009882
v -31.591949 7.236530 -15.884249
v -31.893423 7.236051 -15.886444
v -31.893423 7.236051 -15.886444
v -31.810804 6.238344 -27.012079
v -31.509333 6.238822 -27.009882
v -31.509333 6.238822 -27.009882
v -31.509520 6.410645 -27.022068
v -31.591949 7.236530 -15.884249
v -31.509333 6.238822 -27.009882
v -31.810804 6.238344 -27.012079
v -31.810989 6.410166 -27.024261
v -31.594034 9.181210 -16.022160
v -31.591949 7.236530 -15.884249
v -31.509520 6.410645 -27.022068
v -31.591949 7.236530 -15.884249
v -31.594034 9.181210 -16.022160
v -31.895506 9.180732 -16.024355
v -31.895506 9.180732 -16.024355
v -31.893423 7.236051 -15.886444
v -31.591949 7.236530 -15.884249
v -31.810989 6.410166 -27.024261
v -31.810804 6.238344 -27.012079
v -31.893423 7.236051 -15.886444
v -31.810989 6.410166 -27.024261
v -31.509520 6.410645 -27.022068
v -31.509333 6.238822 -27.009882
v -31.477747 7.776910 -31.681833
v -31.594034 9.181210 -16.022160
v -31.509520 6.410645 -27.022068
v -31.779219 7.776432 -31.684027
v -31.895506 9.180732 -16.024355
v -31.594034 9.181210 -16.022160
v -31.895506 9.180732 -16.024355
v -31.779219 7.776432 -31.684027
v -31.893423 7.236051 -15.886444
v -31.509520 6.410645 -27.022068
v -31.507269 6.483076 -27.346582
v -31.477747 7.776910 -31.681833
v -31.893423 7.236051 -15.886444
v -31.808741 6.482597 -27.348776
v -31.810989 6.410166 -27.024261
v -31.594034 9.181210 -16.022160
v -31.477747 7.776910 -31.681833
v -31.779219 7.776432 -31.684027
v -31.808741 6.482597 -27.348776
v -31.893423 7.236051 -15.886444
v -31.779219 7.776432 -31.684027
v -31.507269 6.483076 -27.346582
v -31.490437 6.136197 -29.582178
v -31.477747 7.776910 -31.681833
v -31.777136 5.831751 -31.546116
v -31.779219 7.776432 -31.684027
v -31.477747 7.776910 -31.681833
v -31.477747 7.776910 -31.681833
v -31.475662 5.832229 -31.543921
v -31.777136 5.831751 -31.546116
v -31.475662 5.832229 -31.543921
v -31.477747 7.776910 -31.681833
v -31.490437 6.136197 -29.582178
v -31.791901 6.135399 -29.584991
v -31.808741 6.482597 -27.348776
v -31.779219 7.776432 -31.684027
v -31.490437 6.136197 -29.582178
v -31.507269 6.483076 -27.346582
v -31.808741 6.482597 -27.348776
v -31.779219 7.776432 -31.684027
v -31.777136 5.831751 -31.546116
v -31.791901 6.135399 -29.584991
v -31.490437 6.136197 -29.582178
v -31.488001 5.981220 -29.882477
v -31.475662 5.832229 -31.543921
v -31.808741 6.482597 -27.348776
v -31.791901 6.135399 -29.584991
v -31.490437 6.136197 -29.582178
v -31.777136 5.831751 -31.546116
v -31.789474 5.980742 -29.884672
v -31.791901 6.135399 -29.584991
v -31.488001 5.981220 -29.882477
v -31.490437 6.136197 -29.582178
v -31.791901 6.135399 -29.584991
v -31.791901 6.135399 -29.584991
v -31.789474 5.980742 -29.884672
v -31.488001 5.981220 -29.882477
v -31.530790 13.298320 -16.050806
v -31.832285 13.298320 -16.050806
v -31.832285 13.212311 -17.875109
v -31.832285 12.998443 -22.411207
v -31.832285 12.557984 -31.753113
v -31.530790 12.557984 -31.753113
v -31.530790 13.371312 -18.288980
v -31.530790 13.212311 -17.875111
v -31.832285 13.212311 -17.875109
v -31.832285 13.212311 -17.875109
v -31.530790 13.212311 -17.875111
v -31.530790 13.298320 -16.050806
v -31.530790 12.557984 -31.753113
v -31.530790 12.998390 -22.411448
v -31.832285 12.998443 -22.411207
v -31.832285 13.214469 -21.429060
v -31.832285 12.998443 -22.411207
v -31.530790 12.998390 -22.411448
v -31.530790 14.504259 -31.870136
v -31.530790 12.557984 -31.753113
v -31.832285 12.557984 -31.753113
v -31.832285 13.212311 -17.875109
v -31.832285 13.371312 -18.288980
v -31.530790 13.371312 -18.288980
v -31.530790 12.998390 -22.411448
v -31.530790 13.214469 -21.429060
v -31.832285 13.214469 -21.429060
v -31.832285 14.504252 -31.870136
v -31.832285 15.244594 -16.167830
v -31.530790 15.244594 -16.167830
v -31.832285 12.557984 -31.753113
v -31.832285 14.504252 -31.870136
v -31.530790 14.504259 -31.870136
v -31.530790 15.244594 -16.167830
v -31.530790 14.504259 -31.870136
v -31.832285 14.504252 -31.870136
v -31.832289 15.575561 40.860348
v -31.832289 14.070956 40.629101
v -31.832285 11.844012 55.118439
v -31.832285 11.844012 55.118439
v -31.832285 13.348618 55.349689
v -31.832289 15.575561 40.860348
v -31.832285 11.844012 55.118439
v -31.832289 14.070956 40.629101
v -31.530792 14.070955 40.629101
v -31.832289 14.070956 40.629101
v -31.832289 15.575561 40.860348
v -31.530792 15.575561 40.860348
v 25.745651 11.831697 -59.673248
v 25.871515 10.314637 -59.673248
v 25.871515 10.314638 -59.974743
v 25.871515 10.314638 -59.974743
v 25.871515 10.314637 -59.673248
v 11.262235 9.102571 -59.673248
v -31.530792 14.070955 40.629101
v -31.530790 11.844012 55.118439
v -31.832285 11.844012 55.118439
v -31.530792 15.575561 40.860348
v -31.530792 14.070955 40.629101
v -31.832289 14.070956 40.629101
v -31.517302 10.311770 -6.011828
v -31.517302 10.424539 -6.329660
v -31.818781 10.424539 -6.329660
v -31.818781 10.424539 -6.329660
v -31.818781 10.311538 -6.011175
v -31.517302 10.311770 -6.011828
v -31.818781 10.311538 -6.011175
v -31.818781 10.269761 -3.749149
v -31.517302 10.269761 -3.749149
v -31.517302 10.269761 -3.749149
v -31.517302 10.311770 -6.011828
v -31.818781 10.311538 -6.011175
v -31.836613 12.720046 -6.884277
v -31.836649 12.783976 -7.623477
v -31.535238 12.783833 -7.623505
v -31.836649 12.783976 -7.623477
v -31.836624 12.911232 -8.001163
v -31.535212 12.911089 -8.001189
v -31.535238 12.783833 -7.623505
v -31.535202 12.719905 -6.884305
v -31.836613 12.720046 -6.884277
v -31.535212 12.911089 -8.001189
v -31.535238 12.783833 -7.623505
v -31.836649 12.783976 -7.623477
v -31.836624 12.911232 -8.001163
v -31.836582 13.019879 -8.094874
v -31.535212 12.911089 -8.001189
v -31.535170 13.019730 -8.094902
v -31.535212 12.911089 -8.001189
v -31.836582 13.019879 -8.094874
v -31.835707 11.910095 7.395002
v -31.835703 11.880529 7.583164
v -31.534292 11.909952 7.394975
v -31.534290 11.880386 7.583138
v -31.534292 11.909952 7.394975
v -31.835703 11.880529 7.583164
v -31.836624 12.911232 -8.001163
v -31.836649 12.783976 -7.623477
v -31.836613 12.720046 -6.884277
v -31.535238 12.783833 -7.623505
v -31.535212 12.911089 -8.001189
v -31.535202 12.719905 -6.884305
v -31.535212 12.911089 -8.001189
v -31.535170 13.019730 -8.094902
v -31.534622 14.161695 -8.032773
v -31.836582 13.019879 -8.094874
v -31.836624 12.911232 -8.001163
v -31.836033 14.161837 -8.032745
v -31.534622 14.161695 -8.032773
v -31.535170 13.019730 -8.094902
v -31.836582 13.019879 -8.094874
v -31.835606 12.144107 7.254567
v -31.835707 11.910095 7.395002
v -31.534292 11.909952 7.394975
v -31.534290 11.880386 7.583138
v -31.534540 11.360780 7.554868
v -31.534292 11.909952 7.394975
v -31.835951 11.360923 7.554895
v -31.835703 11.880529 7.583164
v -31.835707 11.910095 7.395002
v -31.534540 11.360780 7.554868
v -31.534290 11.880386 7.583138
v -31.835703 11.880529 7.583164
v -31.836613 12.720046 -6.884277
v -31.836033 14.161837 -8.032745
v -31.836624 12.911232 -8.001163
v -31.836668 12.584009 -6.781164
v -31.836645 12.573371 -6.476715
v -31.836613 12.720046 -6.884277
v -31.533863 12.770897 7.631585
v -31.533606 13.307892 7.660800
v -31.835276 12.771040 7.631612
v -31.534622 14.161695 -8.032773
v -31.535202 12.719905 -6.884305
v -31.535212 12.911089 -8.001189
v -31.836582 13.019879 -8.094874
v -31.836033 14.161837 -8.032745
v -31.534622 14.161695 -8.032773
v -31.835707 11.910095 7.395002
v -31.835606 12.144107 7.254567
v -31.835951 11.360923 7.554895
v -31.534292 11.909952 7.394975
v -31.534195 12.143965 7.254539
v -31.835606 12.144107 7.254567
v -31.533606 13.307892 7.660800
v -31.835020 13.308036 7.660827
v -31.835276 12.771040 7.631612
v -31.534195 12.143965 7.254539
v -31.534037 12.451676 7.377558
v -31.835449 12.451819 7.377585
v -31.534195 12.143965 7.254539
v -31.534292 11.909952 7.394975
v -31.534540 11.360780 7.554868
v -31.835703 11.880529 7.583164
v -31.835951 11.360923 7.554895
v -31.534540 11.360780 7.554868
v -31.836033 14.161837 -8.032745
v -31.836613 12.720046 -6.884277
v -31.836645 12.573371 -6.476715
v -31.836033 14.161837 -8.032745
v -31.835020 13.308036 7.660827
v -31.533606 13.307892 7.660800
v -31.535233 12.573228 -6.476741
v -31.535257 12.583867 -6.781191
v -31.535202 12.719905 -6.884305
v -31.836645 12.573371 -6.476715
v -31.836668 12.584009 -6.781164
v -31.535257 12.583867 -6.781191
v -31.533606 13.307892 7.660800
v -31.533863 12.770897 7.631585
v -31.534037 12.451676 7.377558
v -31.535202 12.719905 -6.884305
v -31.534622 14.161695 -8.032773
v -31.535233 12.573228 -6.476741
v -31.533606 13.307892 7.660800
v -31.534622 14.161695 -8.032773
v -31.836033 14.161837 -8.032745
v -31.836838 12.106208 -6.144049
v -31.835951 11.360923 7.554895
v -31.835606 12.144107 7.254567
v -31.835449 12.451819 7.377585
v -31.835606 12.144107 7.254567
v -31.534195 12.143965 7.254539
v -31.835449 12.451819 7.377585
v -31.835276 12.771040 7.631612
v -31.835020 13.308036 7.660827
v -31.534037 12.451676 7.377558
v -31.534195 12.143965 7.254539
v -31.535425 12.106065 -6.144077
v -31.534540 11.360780 7.554868
v -31.535425 12.106065 -6.144077
v -31.534195 12.143965 7.254539
v -31.534540 11.360780 7.554868
v -31.835951 11.360923 7.554895
v -31.836838 12.106208 -6.144049
v -31.835020 13.308036 7.660827
v -31.836033 14.161837 -8.032745
v -31.836645 12.573371 -6.476715
v -31.535257 12.583867 -6.781191
v -31.535233 12.573228 -6.476741
v -31.836645 12.573371 -6.476715
v -31.535360 12.240524 -6.136762
v -31.533606 13.307892 7.660800
v -31.534037 12.451676 7.377558
v -31.534622 14.161695 -8.032773
v -31.533606 13.307892 7.660800
v -31.535233 12.573228 -6.476741
v -31.835606 12.144107 7.254567
v -31.835449 12.451819 7.377585
v -31.836838 12.106208 -6.144049
v -31.835020 13.308036 7.660827
v -31.836775 12.240668 -6.136734
v -31.835449 12.451819 7.377585
v -31.535425 12.106065 -6.144077
v -31.535360 12.240524 -6.136762
v -31.534037 12.451676 7.377558
v -31.836838 12.106208 -6.144049
v -31.535425 12.106065 -6.144077
v -31.534540 11.360780 7.554868
v -31.836775 12.240668 -6.136734
v -31.835020 13.308036 7.660827
v -31.836645 12.573371 -6.476715
v -31.836765 12.317286 -6.455281
v -31.836645 12.573371 -6.476715
v -31.535233 12.573228 -6.476741
v -31.533606 13.307892 7.660800
v -31.535360 12.240524 -6.136762
v -31.535233 12.573228 -6.476741
v -31.836775 12.240668 -6.136734
v -31.836838 12.106208 -6.144049
v -31.835449 12.451819 7.377585
v -31.535360 12.240524 -6.136762
v -31.535425 12.106065 -6.144077
v -31.836838 12.106208 -6.144049
v -31.836645 12.573371 -6.476715
v -31.836765 12.317286 -6.455281
v -31.836775 12.240668 -6.136734
v -31.535233 12.573228 -6.476741
v -31.535355 12.317144 -6.455308
v -31.836765 12.317286 -6.455281
v -31.535355 12.317144 -6.455308
v -31.535233 12.573228 -6.476741
v -31.535360 12.240524 -6.136762
v -31.836838 12.106208 -6.144049
v -31.836775 12.240668 -6.136734
v -31.535360 12.240524 -6.136762
v -31.836775 12.240668 -6.136734
v -31.836765 12.317286 -6.455281
v -31.535355 12.317144 -6.455308
v -31.535355 12.317144 -6.455308
v -31.535360 12.240524 -6.136762
v -31.836775 12.240668 -6.136734
v -31.530872 6.711057 55.751919
v -31.530872 6.808198 55.857510
v -31.832281 6.711057 55.751919
v -31.832281 6.808193 55.857510
v -31.832281 6.711057 55.751919
v -31.530872 6.808198 55.857510
v -31.832281 7.949722 55.927193
v -31.832281 6.808193 55.857510
v -31.530872 6.808198 55.857510
v -31.832281 6.961002 40.120796
v -31.832281 7.480411 40.152504
v -31.530869 7.480411 40.152504
v -31.530872 6.808198 55.857510
v -31.530872 7.949722 55.927193
v -31.832281 7.949722 55.927193
v -31.530869 7.480411 40.152504
v -31.530869 6.961002 40.120796
v -31.832281 6.961002 40.120796
v -31.530872 6.125068 53.814510
v -31.530869 6.961002 40.120796
v -31.530869 7.704428 40.509247
v -31.530869 8.024251 40.422451
v -31.530869 8.370582 40.206844
v -31.530869 8.907372 40.239613
v -31.832281 6.961002 40.120796
v -31.530869 6.961002 40.120796
v -31.530872 6.125068 53.814510
v -31.530869 8.907372 40.239613
v -31.530872 7.949722 55.927193
v -31.530872 6.550851 54.198719
v -31.530869 7.704428 40.509247
v -31.530869 8.024251 40.422451
v -31.530872 6.125068 53.814510
v -31.530869 8.907372 40.239613
v -31.530872 6.259477 53.822712
v -31.530869 8.024251 40.422451
v -31.530872 6.125068 53.814510
v -31.832281 6.125068 53.814510
v -31.832281 6.961002 40.120796
v -31.530872 6.259477 53.822712
v -31.530869 8.907372 40.239613
v -31.530872 6.550851 54.198719
v -31.530872 6.298934 54.147961
v -31.530872 6.550851 54.198719
v -31.832281 6.550851 54.198719
v -31.530872 6.259477 53.822712
v -31.530872 6.125068 53.814510
v -31.530869 8.024251 40.422451
v -31.530872 6.550851 54.198719
v -31.530872 6.298934 54.147961
v -31.530872 6.259477 53.822712
v -31.832281 6.550851 54.198719
v -31.832281 6.298934 54.147961
v -31.530872 6.298934 54.147961
v -31.530872 6.259477 53.822712
v -31.530872 6.298934 54.147961
v -31.832281 6.298934 54.147961
v -31.832281 6.298934 54.147961
v -31.832281 6.259477 53.822712
v -31.530872 6.259477 53.822712
v -31.832142 9.082207 40.171700
v -31.832142 11.031050 40.110977
v -31.530645 11.031050 40.110977
v -31.832142 11.031050 40.110977
v -31.832142 11.443259 49.453930
v -31.530645 11.443231 49.454174
v -31.530645 11.443231 49.454174
v -31.530645 11.031050 40.110977
v -31.832142 11.031050 40.110977
v -31.530645 11.031050 40.110977
v -31.530645 9.082213 40.171700
v -31.832142 9.082207 40.171700
v -31.832142 9.775025 55.876171
v -31.832142 9.082207 40.171700
v -31.530645 9.082213 40.171700
v -31.530645 11.317551 50.451916
v -31.530645 11.443231 49.454174
v -31.832142 11.443259 49.453930
v -31.832142 11.443259 49.453930
v -31.832142 11.317550 50.451916
v -31.530645 11.317551 50.451916
v -31.530645 9.082213 40.171700
v -31.530645 9.775025 55.876171
v -31.832142 9.775025 55.876171
v -31.530645 11.447339 53.593231
v -31.530645 11.317551 50.451916
v -31.832142 11.317550 50.451916
v -31.832142 11.317550 50.451916
v -31.832142 11.447339 53.593231
v -31.530645 11.447339 53.593231
v -31.531935 14.272074 27.024984
v -31.520735 13.274367 15.899050
v -31.822214 13.274844 15.898704
v -31.822214 13.274844 15.898704
v -31.833414 14.272552 27.024637
v -31.531935 14.272074 27.024984
v -31.531935 14.272074 27.024984
v -31.532221 14.100252 27.037169
v -31.520735 13.274367 15.899050
v -31.531935 14.272074 27.024984
v -31.833414 14.272552 27.024637
v -31.833700 14.100730 27.036819
v -31.523977 11.329686 16.036938
v -31.520735 13.274367 15.899050
v -31.532221 14.100252 27.037169
v -31.520735 13.274367 15.899050
v -31.523977 11.329686 16.036938
v -31.825459 11.330165 16.036591
v -31.825459 11.330165 16.036591
v -31.822214 13.274844 15.898704
v -31.520735 13.274367 15.899050
v -31.833700 14.100730 27.036819
v -31.833414 14.272552 27.024637
v -31.822214 13.274844 15.898704
v -31.833700 14.100730 27.036819
v -31.532221 14.100252 27.037169
v -31.531935 14.272074 27.024984
v -31.539743 12.733987 31.697035
v -31.523977 11.329686 16.036938
v -31.532221 14.100252 27.037169
v -31.841223 12.734466 31.696690
v -31.825459 11.330165 16.036591
v -31.523977 11.329686 16.036938
v -31.825459 11.330165 16.036591
v -31.841223 12.734466 31.696690
v -31.822214 13.274844 15.898704
v -31.532221 14.100252 27.037169
v -31.532709 14.027820 27.361689
v -31.539743 12.733987 31.697035
v -31.822214 13.274844 15.898704
v -31.834188 14.028299 27.361343
v -31.833700 14.100730 27.036819
v -31.532709 14.027820 27.361689
v -31.532221 14.100252 27.037169
v -31.833700 14.100730 27.036819
v -31.523977 11.329686 16.036938
v -31.539743 12.733987 31.697035
v -31.841223 12.734466 31.696690
v -31.834188 14.028299 27.361343
v -31.822214 13.274844 15.898704
v -31.841223 12.734466 31.696690
v -31.532709 14.027820 27.361689
v -31.534729 14.374700 29.597349
v -31.539743 12.733987 31.697035
v -31.833700 14.100730 27.036819
v -31.834188 14.028299 27.361343
v -31.532709 14.027820 27.361689
v -31.837980 14.679145 31.558798
v -31.841223 12.734466 31.696690
v -31.539743 12.733987 31.697035
v -31.539743 12.733987 31.697035
v -31.536499 14.678667 31.559147
v -31.837980 14.679145 31.558798
v -31.536499 14.678667 31.559147
v -31.539743 12.733987 31.697035
v -31.534729 14.374700 29.597349
v -31.836210 14.375498 29.597620
v -31.834188 14.028299 27.361343
v -31.841223 12.734466 31.696690
v -31.534729 14.374700 29.597349
v -31.532709 14.027820 27.361689
v -31.834188 14.028299 27.361343
v -31.841223 12.734466 31.696690
v -31.837980 14.679145 31.558798
v -31.836210 14.375498 29.597620
v -31.837980 14.679145 31.558798
v -31.536499 14.678667 31.559147
v -31.534826 14.529675 29.897657
v -31.534729 14.374700 29.597349
v -31.534826 14.529675 29.897657
v -31.536499 14.678667 31.559147
v -31.834188 14.028299 27.361343
v -31.836210 14.375498 29.597620
v -31.534729 14.374700 29.597349
v -31.837980 14.679145 31.558798
v -31.836308 14.530154 29.897312
v -31.836210 14.375498 29.597620
v -31.534826 14.529675 29.897657
v -31.836308 14.530154 29.897312
v -31.837980 14.679145 31.558798
v -31.534826 14.529675 29.897657
v -31.534729 14.374700 29.597349
v -31.836210 14.375498 29.597620
v -31.836210 14.375498 29.597620
v -31.836308 14.530154 29.897312
v -31.534826 14.529675 29.897657
v -31.530790 7.212575 16.064611
v -31.832285 7.212575 16.064611
v -31.832285 7.298585 17.888914
v -31.832285 7.512454 22.425014
v -31.832285 7.952911 31.766920
v -31.530790 7.952911 31.766920
v -31.530790 7.139583 18.302786
v -31.530790 7.298585 17.888916
v -31.832285 7.298585 17.888914
v -31.832285 7.298585 17.888914
v -31.530790 7.298585 17.888916
v -31.530790 7.212575 16.064611
v -31.530790 7.952911 31.766920
v -31.530790 7.512506 22.425253
v -31.832285 7.512454 22.425014
v -31.832285 7.296428 21.442865
v -31.832285 7.512454 22.425014
v -31.530790 7.512506 22.425253
v -31.530790 6.006638 31.883942
v -31.530790 7.952911 31.766920
v -31.832285 7.952911 31.766920
v 25.871515 10.314638 -59.974743
v 25.745651 11.831697 -59.974743
v 25.745651 11.831697 -59.673248
v 11.262235 9.102571 -59.673248
v 11.262235 9.102571 -59.974743
v 25.871515 10.314638 -59.974743
v 21.751472 5.916146 -59.675373
v 10.625611 6.913854 -59.717480
v 10.626710 6.913374 -60.018959
v -31.832285 7.139584 18.302786
v -31.832285 7.296428 21.442865
v -31.530790 7.296428 21.442865
v -31.832285 7.298585 17.888914
v -31.832285 7.139584 18.302786
v -31.530790 7.139583 18.302786
v -31.530790 7.512506 22.425253
v -31.530790 7.296428 21.442865
v -31.832285 7.296428 21.442865
v -31.832285 6.006644 31.883940
v -31.832285 5.266302 16.181635
v -31.530790 5.266302 16.181635
v -31.832285 7.952911 31.766920
v -31.832285 6.006644 31.883940
v -31.530790 6.006638 31.883942
v -31.530790 7.296428 21.442865
v -31.530790 7.139583 18.302786
v -31.832285 7.139584 18.302786
v -31.530790 5.266302 16.181635
v -31.530790 6.006638 31.883942
v -31.832285 6.006644 31.883940
v 88.298439 8.666883 17.206091
v 88.298439 6.439940 2.716753
v 87.996941 6.439941 2.716753
v 87.996941 4.935337 2.948003
v 88.298439 4.935336 2.948003
v 88.298439 7.162279 17.437342
v 10.626710 6.913374 -60.018959
v 21.752571 5.915668 -59.976856
v 21.751472 5.916146 -59.675373
v 21.751472 5.916146 -59.675373
v 21.763657 6.087968 -59.675606
v 10.625611 6.913854 -59.717480
v 21.751472 5.916146 -59.675373
v 21.752571 5.915668 -59.976856
v 21.764753 6.087490 -59.977081
v 10.763514 8.858534 -59.720062
v 10.625611 6.913854 -59.717480
v 21.763657 6.087968 -59.675606
v 10.625611 6.913854 -59.717480
v 10.763514 8.858534 -59.720062
v 10.764612 8.858055 -60.021542
v 10.764612 8.858055 -60.021542
v 10.626710 6.913374 -60.018959
v 10.625611 6.913854 -59.717480
v 21.764753 6.087490 -59.977081
v 21.752571 5.915668 -59.976856
v 10.626710 6.913374 -60.018959
v 21.764753 6.087490 -59.977081
v 21.763657 6.087968 -59.675606
v 21.751472 5.916146 -59.675373
v 26.423508 7.454234 -59.660805
v 10.763514 8.858534 -59.720062
v 21.763657 6.087968 -59.675606
v 10.764612 8.858055 -60.021542
v 26.424606 7.453755 -59.962280
v 10.626710 6.913374 -60.018959
v 21.763657 6.087968 -59.675606
v 22.088179 6.160399 -59.674538
v 26.423508 7.454234 -59.660805
v 10.626710 6.913374 -60.018959
v 22.089277 6.159921 -59.976013
v 21.764753 6.087490 -59.977081
v 22.088179 6.160399 -59.674538
v 21.763657 6.087968 -59.675606
v 21.764753 6.087490 -59.977081
v 22.089277 6.159921 -59.976013
v 10.626710 6.913374 -60.018959
v 26.424606 7.453755 -59.962280
v 22.088179 6.160399 -59.674538
v 24.323822 5.813520 -59.665844
v 26.423508 7.454234 -59.660805
v 21.764753 6.087490 -59.977081
v 22.089277 6.159921 -59.976013
v 22.088179 6.160399 -59.674538
v 26.285604 5.509553 -59.658215
v 26.423508 7.454234 -59.660805
v 24.323822 5.813520 -59.665844
v 24.325537 5.812723 -59.967316
v 22.089277 6.159921 -59.976013
v 26.424606 7.453755 -59.962280
v 24.323822 5.813520 -59.665844
v 22.088179 6.160399 -59.674538
v 22.089277 6.159921 -59.976013
v 26.424606 7.453755 -59.962280
v 26.286703 5.509075 -59.959694
v 24.325537 5.812723 -59.967316
v 26.286703 5.509075 -59.959694
v 26.285604 5.509553 -59.658215
v 24.624126 5.658544 -59.664501
v 24.323822 5.813520 -59.665844
v 24.624126 5.658544 -59.664501
v 26.285604 5.509553 -59.658215
v 22.089277 6.159921 -59.976013
v 24.325537 5.812723 -59.967316
v 24.323822 5.813520 -59.665844
v 26.286703 5.509075 -59.959694
v 24.625225 5.658065 -59.965981
v 24.325537 5.812723 -59.967316
v 24.624126 5.658544 -59.664501
v 24.625225 5.658065 -59.965981
v 26.286703 5.509075 -59.959694
v 24.624126 5.658544 -59.664501
v 24.323822 5.813520 -59.665844
v 24.325537 5.812723 -59.967316
v 24.325537 5.812723 -59.967316
v 24.625225 5.658065 -59.965981
v 24.624126 5.658544 -59.664501
v 10.791831 12.975644 -59.673248
v 10.791831 12.975644 -59.974743
v 12.616134 12.889635 -59.974743
v 17.152233 12.675766 -59.974743
v 26.494139 12.235309 -59.974743
v 26.494139 12.235309 -59.673248
v 31.656265 7.212575 -16.063749
v 31.657034 5.266302 -16.180769
v 31.670944 7.139584 -18.301874
v 31.670944 7.139584 -18.301874
v 31.668228 7.298585 -17.888012
v 31.656265 7.212575 -16.063749
v 31.691534 7.296428 -21.441885
v 31.697977 7.512454 -22.424013
v 31.396488 7.512506 -22.426229
v 31.396488 7.512506 -22.426229
v 31.390045 7.296428 -21.443863
v 31.691534 7.296428 -21.441885
v 31.670944 7.139584 -18.301874
v 31.691534 7.296428 -21.441885
v 31.390045 7.296428 -21.443863
v 31.390045 7.296428 -21.443863
v 31.369455 7.139583 -18.303852
v 31.670944 7.139584 -18.301874
v 31.423588 6.526387 -54.502369
v 31.423588 6.550851 -54.198719
v 31.423588 6.649656 -54.620453
v 31.423590 7.949722 -55.927193
v 31.423588 6.649656 -54.620453
v 31.423588 6.550851 -54.198719
v 31.423588 8.907372 -40.239613
v 31.423590 7.949722 -55.927193
v 31.423588 6.550851 -54.198719
v 31.423590 6.808198 -55.857510
v 31.423590 6.711057 -55.751919
v 31.423590 7.949722 -55.927193
v 31.423588 6.649656 -54.620453
v 31.423590 7.949722 -55.927193
v 31.423590 6.711057 -55.751919
v 31.423590 6.711057 -55.751919
v 31.423590 6.628104 -55.362099
v 31.423588 6.649656 -54.620453
v 31.668228 7.298585 -17.888012
v 31.670944 7.139584 -18.301874
v 31.369455 7.139583 -18.303852
v 31.369455 7.139583 -18.303852
v 31.366739 7.298585 -17.889990
v 31.668228 7.298585 -17.888012
v 60.105629 8.402291 -3.420470
v 44.399338 9.125744 -3.420469
v 55.672955 10.385355 -3.420470
v 44.399338 9.125744 -3.420469
v 44.525337 11.071233 -3.420469
v 55.672955 10.385355 -3.420470
v 55.684093 10.557250 -3.420470
v 55.672955 10.385355 -3.420470
v 44.525337 11.071233 -3.420469
v 31.430939 14.374700 -29.597555
v 31.431458 14.529675 -29.897861
v 31.435461 14.678667 -31.559347
v 31.435461 14.678667 -31.559347
v 31.438902 12.733987 -31.697229
v 31.430939 14.374700 -29.597555
v 31.425785 14.027820 -27.361898
v 31.430939 14.374700 -29.597555
v 31.438902 12.733987 -31.697229
v 31.424839 14.100252 -27.037378
v 31.425785 14.027820 -27.361898
v 31.438902 12.733987 -31.697229
v 31.438902 12.733987 -31.697229
v 31.401167 11.329686 -16.037170
v 31.424839 14.100252 -27.037378
v 31.401167 11.329686 -16.037170
v 31.397726 13.274367 -15.899286
v 31.424839 14.100252 -27.037378
v 31.424536 14.272074 -27.025196
v 31.424839 14.100252 -27.037378
v 31.397726 13.274367 -15.899286
v 44.574791 13.307892 -3.116641
v 44.574738 13.308036 -3.418052
v 44.603954 12.771040 -3.418312
v 44.604008 12.770897 -3.116901
v 44.574791 13.307892 -3.116641
v 44.603954 12.771040 -3.418312
v 44.652454 11.880386 -3.117331
v 44.680721 11.360780 -3.117583
v 44.840618 11.909952 -3.117351
v 44.981052 12.143965 -3.117265
v 44.840618 11.909952 -3.117351
v 44.680721 11.360780 -3.117583
v 44.680721 11.360780 -3.117583
v 58.379669 12.106065 -3.119662
v 44.981052 12.143965 -3.117265
v 44.858032 12.451676 -3.117097
v 44.981052 12.143965 -3.117265
v 58.379669 12.106065 -3.119662
v 58.379669 12.106065 -3.119662
v 58.372353 12.240524 -3.119597
v 44.858032 12.451676 -3.117097
v 58.372353 12.240524 -3.119597
v 44.574791 13.307892 -3.116641
v 44.858032 12.451676 -3.117097
v 44.574791 13.307892 -3.116641
v 44.604008 12.770897 -3.116901
v 44.858032 12.451676 -3.117097
v 58.690899 12.317144 -3.119617
v 58.712330 12.573228 -3.119500
v 58.372353 12.240524 -3.119597
v 44.574791 13.307892 -3.116641
v 58.372353 12.240524 -3.119597
v 58.712330 12.573228 -3.119500
v 60.268368 14.161695 -3.119023
v 44.574791 13.307892 -3.116641
v 58.712330 12.573228 -3.119500
v 59.119900 12.719905 -3.119503
v 60.268368 14.161695 -3.119023
v 58.712330 12.573228 -3.119500
v 58.712330 12.573228 -3.119500
v 59.016785 12.583867 -3.119549
v 59.119900 12.719905 -3.119503
v 59.859097 12.783833 -3.119603
v 60.236782 12.911089 -3.119610
v 59.119900 12.719905 -3.119503
v 60.268368 14.161695 -3.119023
v 59.119900 12.719905 -3.119503
v 60.236782 12.911089 -3.119610
v 60.236782 12.911089 -3.119610
v 60.330494 13.019730 -3.119575
v 60.268368 14.161695 -3.119023
v 44.680672 11.360923 -3.418994
v 44.652401 11.880529 -3.418743
v 44.840565 11.910095 -3.418762
v 44.840565 11.910095 -3.418762
v 44.980999 12.144107 -3.418676
v 44.680672 11.360923 -3.418994
v 58.379616 12.106208 -3.421074
v 44.680672 11.360923 -3.418994
v 44.980999 12.144107 -3.418676
v 44.980999 12.144107 -3.418676
v 44.857983 12.451819 -3.418509
v 58.379616 12.106208 -3.421074
v 58.372295 12.240668 -3.421008
v 58.379616 12.106208 -3.421074
v 44.857983 12.451819 -3.418509
v 44.574738 13.308036 -3.418052
v 58.372295 12.240668 -3.421008
v 44.857983 12.451819 -3.418509
v 44.857983 12.451819 -3.418509
v 44.603954 12.771040 -3.418312
v 44.574738 13.308036 -3.418052
v 59.016731 12.584009 -3.420960
v 58.712280 12.573371 -3.420911
v 59.119843 12.720046 -3.420914
v 60.268311 14.161837 -3.420435
v 59.119843 12.720046 -3.420914
v 58.712280 12.573371 -3.420911
v 87.996941 6.439941 2.716753
v 87.996941 8.666883 17.206091
v 88.298439 8.666883 17.206091
v 88.298439 7.162279 17.437342
v 87.996941 7.162279 17.437342
v 87.996941 4.935337 2.948003
v 83.366066 10.637314 -3.136791
v 83.240204 12.154372 -3.136791
v 68.630920 10.942307 -3.136791
v 68.630920 10.942307 -3.136791
v 68.756790 9.425247 -3.136791
v 83.366066 10.637314 -3.136791
v 68.630920 10.942307 -3.438287
v 83.240204 12.154372 -3.438287
v 83.366066 10.637314 -3.438287
v 83.366066 10.637314 -3.438287
v 68.756790 9.425247 -3.438287
v 68.630920 10.942307 -3.438287
v 87.997025 13.799840 17.839567
v 87.997025 13.702698 17.945160
v 88.298431 13.799840 17.839567
v 88.298431 13.702704 17.945158
v 88.298431 13.799840 17.839567
v 87.997025 13.702698 17.945160
v 88.298431 12.561175 18.014841
v 88.298431 13.702704 17.945158
v 87.997025 13.702698 17.945160
v 88.298431 13.549895 2.208448
v 88.298431 13.030486 2.240155
v 87.997025 13.030486 2.240155
v 87.997025 13.702698 17.945160
v 87.997025 12.561175 18.014841
v 88.298431 12.561175 18.014841
v 87.997025 13.030486 2.240155
v 87.997025 13.549893 2.208448
v 88.298431 13.549895 2.208448
v 88.298431 13.549895 2.208448
v 87.997025 13.549893 2.208448
v 87.997025 14.385828 15.902160
v 87.997025 14.385828 15.902160
v 88.298431 14.385828 15.902160
v 88.298431 13.549895 2.208448
v 88.298294 11.428690 2.259352
v 88.298294 9.479846 2.198631
v 87.996796 9.479846 2.198631
v 88.298294 9.479846 2.198631
v 88.298294 9.067636 11.541583
v 87.996796 9.067666 11.541827
v 87.996796 9.067666 11.541827
v 87.996796 9.479846 2.198631
v 88.298294 9.479846 2.198631
v 87.996796 9.479846 2.198631
v 87.996796 11.428683 2.259352
v 88.298294 11.428690 2.259352
v 88.298294 10.735871 17.963825
v 88.298294 11.428690 2.259352
v 87.996796 11.428683 2.259352
v 87.996796 9.193345 12.539568
v 87.996796 9.067666 11.541827
v 88.298294 9.067636 11.541583
v 88.298294 9.067636 11.541583
v 88.298294 9.193346 12.539568
v 87.996796 9.193345 12.539568
v 87.996796 11.428683 2.259352
v 87.996796 10.735871 17.963825
v 88.298294 10.735871 17.963825
v 87.996796 9.063558 15.680882
v 87.996796 9.193345 12.539568
v 88.298294 9.193346 12.539568
v 87.996796 8.867523 16.078552
v 88.298294 8.867523 16.078550
v 88.298294 8.787028 17.903107
v 88.298294 9.193346 12.539568
v 88.298294 9.063558 15.680882
v 87.996796 9.063558 15.680882
v 88.298294 9.063558 15.680882
v 88.298294 8.867523 16.078550
v 87.996796 8.867523 16.078552
v 88.298294 8.787028 17.903107
v 87.996796 8.787028 17.903107
v 87.996796 8.867523 16.078552
v 87.996796 8.867523 16.078552
v 87.996796 9.063558 15.680882
v 88.298294 9.063558 15.680882
v 79.246689 6.238822 -3.090639
v 68.120750 7.236530 -3.084396
v 68.120537 7.236051 -3.385875
v 68.120537 7.236051 -3.385875
v 79.246483 6.238344 -3.392118
v 79.246689 6.238822 -3.090639
v 79.246689 6.238822 -3.090639
v 79.258873 6.410645 -3.090920
v 68.120750 7.236530 -3.084396
v 79.246689 6.238822 -3.090639
v 79.246483 6.238344 -3.392118
v 79.258659 6.410166 -3.392400
v 68.258636 9.181210 -3.087579
v 68.120750 7.236530 -3.084396
v 79.258873 6.410645 -3.090920
v 68.120750 7.236530 -3.084396
v 68.258636 9.181210 -3.087579
v 68.258430 9.180732 -3.389058
v 68.258430 9.180732 -3.389058
v 68.120537 7.236051 -3.385875
v 68.120750 7.236530 -3.084396
v 79.258659 6.410166 -3.392400
v 79.246483 6.238344 -3.392118
v 68.120537 7.236051 -3.385875
v 79.258659 6.410166 -3.392400
v 79.258873 6.410645 -3.090920
v 79.246689 6.238822 -3.090639
v 83.918747 7.776910 -3.096366
v 68.258636 9.181210 -3.087579
v 79.258873 6.410645 -3.090920
v 83.918533 7.776432 -3.397846
v 68.258430 9.180732 -3.389058
v 68.258636 9.181210 -3.087579
v 68.258430 9.180732 -3.389058
v 83.918533 7.776432 -3.397846
v 68.120537 7.236051 -3.385875
v 79.258873 6.410645 -3.090920
v 79.583397 6.483076 -3.091263
v 83.918747 7.776910 -3.096366
v 68.120537 7.236051 -3.385875
v 79.583183 6.482597 -3.392743
v 79.258659 6.410166 -3.392400
v 79.583397 6.483076 -3.091263
v 79.258873 6.410645 -3.090920
v 79.258659 6.410166 -3.392400
v 68.258636 9.181210 -3.087579
v 83.918747 7.776910 -3.096366
v 83.918533 7.776432 -3.397846
v 79.583183 6.482597 -3.392743
v 68.120537 7.236051 -3.385875
v 83.918533 7.776432 -3.397846
v 79.583397 6.483076 -3.091263
v 81.819054 6.136197 -3.092285
v 83.918747 7.776910 -3.096366
v 79.258659 6.410166 -3.392400
v 79.583183 6.482597 -3.392743
v 79.583397 6.483076 -3.091263
v 83.780640 5.831751 -3.394663
v 83.918533 7.776432 -3.397846
v 83.918747 7.776910 -3.096366
v 83.918747 7.776910 -3.096366
v 83.780853 5.832229 -3.093183
v 83.780640 5.831751 -3.394663
v 83.780853 5.832229 -3.093183
v 83.918747 7.776910 -3.096366
v 81.819054 6.136197 -3.092285
v 81.819458 6.135399 -3.393765
v 79.583183 6.482597 -3.392743
v 83.918533 7.776432 -3.397846
v 81.819054 6.136197 -3.092285
v 79.583397 6.483076 -3.091263
v 79.583183 6.482597 -3.392743
v 83.918533 7.776432 -3.397846
v 83.780640 5.831751 -3.394663
v 81.819458 6.135399 -3.393765
v 81.819054 6.136197 -3.092285
v 82.119362 5.981220 -3.092251
v 83.780853 5.832229 -3.093183
v 79.583183 6.482597 -3.392743
v 81.819458 6.135399 -3.393765
v 81.819054 6.136197 -3.092285
v 83.780640 5.831751 -3.394663
v 82.119148 5.980742 -3.393730
v 81.819458 6.135399 -3.393765
v 82.119362 5.981220 -3.092251
v 81.819054 6.136197 -3.092285
v 81.819458 6.135399 -3.393765
v 81.819458 6.135399 -3.393765
v 82.119148 5.980742 -3.393730
v 82.119362 5.981220 -3.092251
v 68.286385 13.298320 -3.438287
v 68.403404 15.244594 -3.438287
v 70.524559 13.371312 -3.438287
v 74.646782 12.998443 -3.438287
v 73.664635 13.214469 -3.438287
v 84.105713 14.504252 -3.438286
v 74.646782 12.998443 -3.438287
v 83.988693 12.557984 -3.438287
v 83.988693 12.557984 -3.136791
v 73.664635 13.214469 -3.438287
v 70.524559 13.371312 -3.438287
v 68.403404 15.244594 -3.438287
v 70.524559 13.371312 -3.438287
v 70.110687 13.212311 -3.438287
v 68.286385 13.298320 -3.438287
v 83.988693 12.557984 -3.136791
v 74.647026 12.998390 -3.136791
v 74.646782 12.998443 -3.438287
v 73.664635 13.214469 -3.438287
v 74.646782 12.998443 -3.438287
v 74.647026 12.998390 -3.136791
v 68.403404 15.244594 -3.438287
v 84.105713 14.504252 -3.438286
v 73.664635 13.214469 -3.438287
v 84.105713 14.504252 -3.438286
v 83.988693 12.557984 -3.438287
v 74.646782 12.998443 -3.438287
v 84.105713 14.504259 -3.136791
v 83.988693 12.557984 -3.136791
v 83.988693 12.557984 -3.438287
v 68.286385 13.298320 -3.136791
v 70.110687 13.212311 -3.136791
v 70.524559 13.371312 -3.136791
v 83.988693 12.557984 -3.136791
v 84.105713 14.504259 -3.136791
v 74.647026 12.998390 -3.136791
v 74.647026 12.998390 -3.136791
v 73.664635 13.214469 -3.136791
v 73.664635 13.214469 -3.438287
v 84.105713 14.504252 -3.438286
v 68.403404 15.244594 -3.438287
v 68.403404 15.244594 -3.136791
v 83.988693 12.557984 -3.438287
v 84.105713 14.504252 -3.438286
v 84.105713 14.504259 -3.136791
v 68.403404 15.244594 -3.136791
v 68.286385 13.298320 -3.136791
v 70.524559 13.371312 -3.136791
v 73.664635 13.214469 -3.136791
v 74.647026 12.998390 -3.136791
v 84.105713 14.504259 -3.136791
v 68.403404 15.244594 -3.136791
v 84.105713 14.504259 -3.136791
v 84.105713 14.504252 -3.438286
v 70.524559 13.371312 -3.136791
v 73.664635 13.214469 -3.136791
v 68.403404 15.244594 -3.136791
v 84.105713 14.504259 -3.136791
v 68.403404 15.244594 -3.136791
v 73.664635 13.214469 -3.136791
v 31.390045 7.296428 -21.443863
v 31.396488 7.512506 -22.426229
v 31.458515 6.006638 -31.884714
v 31.457748 7.952911 -31.767694
v 31.458515 6.006638 -31.884714
v 31.396488 7.512506 -22.426229
v 59.859097 12.783833 -3.119603
v 59.119900 12.719905 -3.119503
v 59.119843 12.720046 -3.420914
v 59.119843 12.720046 -3.420914
v 59.859039 12.783976 -3.421015
v 59.859097 12.783833 -3.119603
v 60.236782 12.911089 -3.119610
v 59.859097 12.783833 -3.119603
v 59.859039 12.783976 -3.421015
v 59.859039 12.783976 -3.421015
v 60.236725 12.911232 -3.421022
v 60.236782 12.911089 -3.119610
v 60.236725 12.911232 -3.421022
v 60.330441 13.019879 -3.420987
v 60.236782 12.911089 -3.119610
v 60.330494 13.019730 -3.119575
v 60.236782 12.911089 -3.119610
v 60.330441 13.019879 -3.420987
v 31.423590 6.711057 -55.751919
v 31.423590 6.808198 -55.857510
v 31.725000 6.711057 -55.751919
v 31.725000 6.808193 -55.857510
v 31.725000 6.711057 -55.751919
v 31.423590 6.808198 -55.857510
v 58.246754 10.311538 -3.420470
v 55.984730 10.269761 -3.420470
v 55.984730 10.269761 -3.118990
v 55.984730 10.269761 -3.118990
v 58.247406 10.311770 -3.118990
v 58.246754 10.311538 -3.420470
v 58.565235 10.424539 -3.420470
v 58.246754 10.311538 -3.420470
v 58.247406 10.311770 -3.118990
v 58.247406 10.311770 -3.118990
v 58.565235 10.424539 -3.118990
v 58.565235 10.424539 -3.420470
v 31.760004 6.006644 -31.882736
v 31.759237 7.952911 -31.765717
v 31.697977 7.512454 -22.424013
v 31.697977 7.512454 -22.424013
v 31.691534 7.296428 -21.441885
v 31.760004 6.006644 -31.882736
v 31.657034 5.266302 -16.180769
v 31.760004 6.006644 -31.882736
v 31.691534 7.296428 -21.441885
v 31.691534 7.296428 -21.441885
v 31.670944 7.139584 -18.301874
v 31.657034 5.266302 -16.180769
v 11.957714 14.879648 -58.925274
v 11.957715 5.410573 -59.427547
v 11.957715 5.410573 -58.925274
v 11.957715 5.410573 -59.427547
v 11.957714 14.879648 -58.925274
v 11.957713 14.879648 -59.427547
v 25.229086 6.051996 -59.125275
v 12.599139 6.051997 -59.252930
v 12.599139 6.051997 -59.125275
v 12.599139 6.051997 -59.252930
v 25.229086 6.051996 -59.125275
v 25.229086 6.051996 -59.252930
v 12.599139 6.051997 -59.252930
v 12.599138 14.238227 -59.125275
v 12.599139 6.051997 -59.125275
v 12.599138 14.238227 -59.125275
v 12.599139 6.051997 -59.252930
v 12.599139 14.238225 -59.252930
v 25.229086 14.238225 -59.252930
v 25.229086 6.051996 -59.125275
v 25.229084 14.238223 -59.125275
v 25.229086 6.051996 -59.125275
v 25.229086 14.238225 -59.252930
v 25.229086 6.051996 -59.252930
v 12.599138 14.238227 -59.125275
v 25.229086 14.238225 -59.252930
v 25.229084 14.238223 -59.125275
v 25.229086 14.238225 -59.252930
v 12.599138 14.238227 -59.125275
v 12.599139 14.238225 -59.252930
v 87.211990 14.879646 3.042776
v 87.714256 5.410572 3.042777
v 87.211990 5.410572 3.042777
v 87.714256 5.410572 3.042777
v 87.211990 14.879646 3.042776
v 87.714256 14.879646 3.042775
v 87.411987 6.051994 16.314148
v 87.539650 6.051996 3.684202
v 87.411987 6.051996 3.684202
v 87.539650 6.051996 3.684202
v 87.411987 6.051994 16.314148
v 87.539650 6.051994 16.314148
v 87.539650 6.051996 3.684202
v 87.411987 14.238225 3.684200
v 87.411987 6.051996 3.684202
v 87.411987 14.238225 3.684200
v 87.539650 6.051996 3.684202
v 87.539650 14.238223 3.684201
v 87.539650 14.238223 16.314148
v 87.411987 6.051994 16.314148
v 87.411987 14.238222 16.314146
v 87.411987 6.051994 16.314148
v 87.539650 14.238223 16.314148
v 87.539650 6.051994 16.314148
v 87.411987 14.238225 3.684200
v 87.539650 14.238223 16.314148
v 87.411987 14.238222 16.314146
v 87.539650 14.238223 16.314148
v 87.411987 14.238225 3.684200
v 87.539650 14.238223 3.684201
v 83.140831 5.410572 -2.854111
v 69.228043 5.410572 -2.351839
v 69.228043 5.410572 -2.854111
v 69.228043 5.410572 -2.351839
v 83.140831 5.410572 -2.854111
v 83.140831 5.410572 -2.351839
v 69.869469 14.238225 -2.551839
v 82.499413 14.238223 -2.679498
v 82.499413 14.238223 -2.551839
v 82.499413 14.238223 -2.679498
v 69.869469 14.238225 -2.551839
v 69.869469 14.238223 -2.679498
v 82.499413 6.051994 -2.551839
v 69.869469 6.051996 -2.679498
v 69.869469 6.051996 -2.551839
v 69.869469 6.051996 -2.679498
v 82.499413 6.051994 -2.551839
v 82.499413 6.051994 -2.679498
v 45.279182 14.879646 -2.351839
v 45.279182 5.410572 -2.854111
v 45.279182 5.410572 -2.351839
v 45.279182 5.410572 -2.854111
v 45.279182 14.879646 -2.351839
v 45.279179 14.879646 -2.854111
v 58.550549 6.051994 -2.551839
v 45.920605 6.051996 -2.679498
v 45.920605 6.051996 -2.551839
v 45.920605 6.051996 -2.679498
v 58.550549 6.051994 -2.551839
v 58.550549 6.051994 -2.679498
v 45.920605 6.051996 -2.679498
v 45.920605 14.238225 -2.551839
v 45.920605 6.051996 -2.551839
v 45.920605 14.238225 -2.551839
v 45.920605 6.051996 -2.679498
v 45.920605 14.238223 -2.679498
v 45.920605 14.238225 -2.551839
v 58.550549 14.238223 -2.679498
v 58.550549 14.238222 -2.551839
v 58.550549 14.238223 -2.679498
v 45.920605 14.238225 -2.551839
v 45.920605 14.238223 -2.679498
v 31.140827 5.410572 -16.992460
v 30.638556 5.410573 -30.905256
v 31.140827 5.410573 -30.905256
v 30.638556 5.410573 -30.905256
v 31.140827 5.410572 -16.992460
v 30.638556 5.410573 -16.992460
v 30.638556 5.410573 -16.992460
v 31.140827 14.879648 -16.992462
v 30.638556 14.879648 -16.992462
v 31.140827 14.879648 -16.992462
v 30.638556 5.410573 -16.992460
v 31.140827 5.410572 -16.992460
v 30.966215 14.238223 -17.633886
v 30.838556 6.051995 -17.633886
v 30.838556 14.238223 -17.633886
v 30.838556 6.051995 -17.633886
v 30.966215 14.238223 -17.633886
v 30.966215 6.051995 -17.633886
v 30.966215 6.051997 -30.263834
v 30.838556 14.238225 -30.263834
v 30.838556 6.051997 -30.263830
v 30.838556 14.238225 -30.263834
v 30.966215 6.051997 -30.263834
v 30.966215 14.238225 -30.263834
v 30.838556 6.051995 -17.633886
v 30.966215 6.051997 -30.263834
v 30.838556 6.051997 -30.263830
v 30.966215 6.051997 -30.263834
v 30.838556 6.051995 -17.633886
v 30.966215 6.051995 -17.633886
v 30.838556 6.051995 -41.582745
v 30.966215 6.051997 -54.212688
v 30.838556 6.051997 -54.212688
v 30.966215 6.051997 -54.212688
v 30.838556 6.051995 -41.582745
v 30.966215 6.051996 -41.582745
v -30.838556 6.051994 -54.212688
v -30.966215 6.051996 -41.582745
v -30.838556 6.051996 -41.582745
v -30.966215 6.051996 -41.582745
v -30.838556 6.051994 -54.212688
v -30.966215 6.051994 -54.212688
v -30.838556 14.238225 -41.582745
v -30.966215 14.238223 -54.212688
v -30.838556 14.238222 -54.212688
v -30.966215 14.238223 -54.212688
v -30.838556 14.238225 -41.582745
v -30.966215 14.238223 -41.582745
v -31.140827 5.410572 -30.905256
v -30.638556 5.410572 -16.992460
v -31.140827 5.410572 -16.992460
v -30.638556 5.410572 -16.992460
v -31.140827 5.410572 -30.905256
v -30.638556 5.410572 -30.905256
v -30.838556 14.238225 -17.633884
v -30.966215 14.238223 -30.263830
v -30.838556 14.238223 -30.263830
v -30.966215 14.238223 -30.263830
v -30.838556 14.238225 -17.633884
v -30.966215 14.238223 -17.633884
v -30.966215 6.051996 -17.633884
v -30.838556 14.238225 -17.633884
v -30.838556 6.051996 -17.633886
v -30.838556 14.238225 -17.633884
v -30.966215 6.051996 -17.633884
v -30.966215 14.238223 -17.633884
v -30.838556 6.051994 -30.263830
v -30.966215 6.051996 -17.633884
v -30.838556 6.051996 -17.633886
v -30.966215 6.051996 -17.633884
v -30.838556 6.051994 -30.263830
v -30.966215 6.051994 -30.263830
v -30.638556 14.879646 6.956398
v -31.140827 5.410572 6.956397
v -30.638556 5.410572 6.956397
v -31.140827 5.410572 6.956397
v -30.638556 14.879646 6.956398
v -31.140827 14.879646 6.956399
v -30.838556 6.051994 -6.314973
v -30.966215 6.051996 6.314972
v -30.838556 6.051996 6.314972
v -30.966215 6.051996 6.314972
v -30.838556 6.051994 -6.314973
v -30.966215 6.051994 -6.314973
v -30.966215 6.051996 6.314972
v -30.838556 14.238225 6.314974
v -30.838556 6.051996 6.314972
v -30.838556 14.238225 6.314974
v -30.966215 6.051996 6.314972
v -30.966215 14.238223 6.314973
v -30.966215 14.238223 -6.314973
v -30.838556 6.051994 -6.314973
v -30.838556 14.238222 -6.314972
v -30.838556 6.051994 -6.314973
v -30.966215 14.238223 -6.314973
v -30.966215 6.051994 -6.314973
v -30.838556 14.238225 6.314974
v -30.966215 14.238223 -6.314973
v -30.838556 14.238222 -6.314972
v -30.966215 14.238223 -6.314973
v -30.838556 14.238225 6.314974
v -30.966215 14.238223 6.314973
v -31.140827 5.410572 16.992460
v -30.638556 5.410573 30.905256
v -31.140827 5.410573 30.905256
v -30.638556 5.410573 30.905256
v -31.140827 5.410572 16.992460
v -30.638556 5.410573 16.992460
v -30.638556 5.410573 16.992460
v -31.140827 14.879648 16.992462
v -30.638556 14.879648 16.992462
v -31.140827 14.879648 16.992462
v -30.638556 5.410573 16.992460
v -31.140827 5.410572 16.992460
v -30.966215 14.238223 17.633886
v -30.838556 6.051995 17.633886
v -30.838556 14.238223 17.633886
v -30.838556 6.051995 17.633886
v -30.966215 14.238223 17.633886
v -30.966215 6.051995 17.633886
v -30.966215 6.051997 30.263834
v -30.838556 14.238225 30.263834
v -30.838556 6.051997 30.263830
v -30.838556 14.238225 30.263834
v -30.966215 6.051997 30.263834
v -30.966215 14.238225 30.263834
v -30.838556 6.051995 17.633886
v -30.966215 6.051997 30.263834
v -30.838556 6.051997 30.263830
v -30.966215 6.051997 30.263834
v -30.838556 6.051995 17.633886
v -30.966215 6.051995 17.633886
v -30.838556 6.051995 41.582745
v -30.966215 6.051997 54.212688
v -30.838556 6.051997 54.212688
v -30.966215 6.051997 54.212688
v -30.838556 6.051995 41.582745
v -30.966215 6.051996 41.582745
v 31.458515 6.006638 -31.884714
v 31.355545 5.266302 -16.182745
v 31.390045 7.296428 -21.443863
v 31.369455 7.139583 -18.303852
v 31.390045 7.296428 -21.443863
v 31.355545 5.266302 -16.182745
v 31.355545 5.266302 -16.182745
v 31.354776 7.212575 -16.065725
v 31.369455 7.139583 -18.303852
v 31.354776 7.212575 -16.065725
v 31.366739 7.298585 -17.889990
v 31.369455 7.139583 -18.303852
v 31.732420 14.375498 -29.597401
v 31.732939 14.530154 -29.897093
v 31.431458 14.529675 -29.897861
v 31.431458 14.529675 -29.897861
v 31.430939 14.374700 -29.597555
v 31.732420 14.375498 -29.597401
v 31.727262 14.028299 -27.361130
v 31.732420 14.375498 -29.597401
v 31.430939 14.374700 -29.597555
v 31.430939 14.374700 -29.597555
v 31.425785 14.027820 -27.361898
v 31.727262 14.028299 -27.361130
v 31.726318 14.100730 -27.036610
v 31.727262 14.028299 -27.361130
v 31.425785 14.027820 -27.361898
v 31.425785 14.027820 -27.361898
v 31.424839 14.100252 -27.037378
v 31.726318 14.100730 -27.036610
v 31.423365 9.775025 -55.876171
v 31.423361 9.082213 -40.171700
v 31.423365 11.317551 -50.451916
v 31.423365 11.443231 -49.454174
v 31.423365 11.317551 -50.451916
v 31.423361 9.082213 -40.171700
v 31.423361 9.082213 -40.171700
v 31.423365 11.031050 -40.110977
v 31.423365 11.443231 -49.454174
v 31.724859 11.317550 -50.451916
v 31.724859 11.447339 -53.593231
v 31.423365 11.447339 -53.593231
v 31.423365 11.447339 -53.593231
v 31.423365 11.317551 -50.451916
v 31.724859 11.317550 -50.451916
v 31.724859 11.443259 -49.453930
v 31.724859 11.317550 -50.451916
v 31.423365 11.317551 -50.451916
v 31.423365 11.317551 -50.451916
v 31.423365 11.443231 -49.454174
v 31.724859 11.443259 -49.453930
v 31.725000 6.298934 -54.147961
v 31.725000 6.259477 -53.822712
v 31.423588 6.259477 -53.822712
v 31.423588 6.259477 -53.822712
v 31.423588 6.298934 -54.147961
v 31.725000 6.298934 -54.147961
v 31.725000 6.550851 -54.198719
v 31.725000 6.298934 -54.147961
v 31.423588 6.298934 -54.147961
v 31.423588 6.298934 -54.147961
v 31.423588 6.550851 -54.198719
v 31.725000 6.550851 -54.198719
v 58.690899 12.317144 -3.119617
v 58.372353 12.240524 -3.119597
v 58.372295 12.240668 -3.421008
v 58.372295 12.240668 -3.421008
v 58.690845 12.317286 -3.421029
v 58.690899 12.317144 -3.119617
v 58.712330 12.573228 -3.119500
v 58.690899 12.317144 -3.119617
v 58.690845 12.317286 -3.421029
v 58.690845 12.317286 -3.421029
v 58.712280 12.573371 -3.420911
v 58.712330 12.573228 -3.119500
v 59.016785 12.583867 -3.119549
v 58.712330 12.573228 -3.119500
v 58.712280 12.573371 -3.420911
v 58.712280 12.573371 -3.420911
v 59.016731 12.584009 -3.420960
v 59.016785 12.583867 -3.119549
v 31.397726 13.274367 -15.899286
v 31.401167 11.329686 -16.037170
v 31.702642 11.330165 -16.036402
v 31.702642 11.330165 -16.036402
v 31.699207 13.274844 -15.898517
v 31.397726 13.274367 -15.899286
v 31.401167 11.329686 -16.037170
v 31.438902 12.733987 -31.697229
v 31.740377 12.734466 -31.696461
v 31.740377 12.734466 -31.696461
v 31.702642 11.330165 -16.036402
v 31.401167 11.329686 -16.037170
v 31.438902 12.733987 -31.697229
v 31.435461 14.678667 -31.559347
v 31.736942 14.679145 -31.558577
v 31.736942 14.679145 -31.558577
v 31.740377 12.734466 -31.696461
v 31.438902 12.733987 -31.697229
v 31.431458 14.529675 -29.897861
v 31.732939 14.530154 -29.897093
v 31.736942 14.679145 -31.558577
v 31.736942 14.679145 -31.558577
v 31.435461 14.678667 -31.559347
v 31.431458 14.529675 -29.897861
v 31.424536 14.272074 -27.025196
v 31.397726 13.274367 -15.899286
v 31.699207 13.274844 -15.898517
v 31.699207 13.274844 -15.898517
v 31.726013 14.272552 -27.024427
v 31.424536 14.272074 -27.025196
v 31.424536 14.272074 -27.025196
v 31.726013 14.272552 -27.024427
v 31.726318 14.100730 -27.036610
v 31.726318 14.100730 -27.036610
v 31.424839 14.100252 -27.037378
v 31.424536 14.272074 -27.025196
v 31.668228 7.298585 -17.888012
v 31.366739 7.298585 -17.889990
v 31.354776 7.212575 -16.065725
v 31.354776 7.212575 -16.065725
v 31.656265 7.212575 -16.063749
v 31.668228 7.298585 -17.888012
v 31.759237 7.952911 -31.765717
v 31.760004 6.006644 -31.882736
v 31.458515 6.006638 -31.884714
v 31.458515 6.006638 -31.884714
v 31.457748 7.952911 -31.767694
v 31.759237 7.952911 -31.765717
v 31.760004 6.006644 -31.882736
v 31.657034 5.266302 -16.180769
v 31.355545 5.266302 -16.182745
v 31.355545 5.266302 -16.182745
v 31.458515 6.006638 -31.884714
v 31.760004 6.006644 -31.882736
v 31.697977 7.512454 -22.424013
v 31.759237 7.952911 -31.765717
v 31.457748 7.952911 -31.767694
v 31.457748 7.952911 -31.767694
v 31.396488 7.512506 -22.426229
v 31.697977 7.512454 -22.424013
v 44.652401 11.880529 -3.418743
v 44.680672 11.360923 -3.418994
v 44.680721 11.360780 -3.117583
v 44.680721 11.360780 -3.117583
v 44.652454 11.880386 -3.117331
v 44.652401 11.880529 -3.418743
v 58.379616 12.106208 -3.421074
v 58.379669 12.106065 -3.119662
v 44.680721 11.360780 -3.117583
v 44.680721 11.360780 -3.117583
v 44.680672 11.360923 -3.418994
v 58.379616 12.106208 -3.421074
v 60.268311 14.161837 -3.420435
v 44.574738 13.308036 -3.418052
v 44.574791 13.307892 -3.116641
v 44.574791 13.307892 -3.116641
v 60.268368 14.161695 -3.119023
v 60.268311 14.161837 -3.420435
v 60.330441 13.019879 -3.420987
v 60.268311 14.161837 -3.420435
v 60.268368 14.161695 -3.119023
v 60.268368 14.161695 -3.119023
v 60.330494 13.019730 -3.119575
v 60.330441 13.019879 -3.420987
v 58.379616 12.106208 -3.421074
v 58.372295 12.240668 -3.421008
v 58.372353 12.240524 -3.119597
v 58.372353 12.240524 -3.119597
v 58.379669 12.106065 -3.119662
v 58.379616 12.106208 -3.421074
v 31.423588 7.480411 -40.152504
v 31.423588 6.961002 -40.120796
v 31.725000 6.961002 -40.120796
v 31.725000 6.961002 -40.120796
v 31.725000 7.480411 -40.152504
v 31.423588 7.480411 -40.152504
v 31.423588 6.125068 -53.814510
v 31.725000 6.125068 -53.814510
v 31.725000 6.961002 -40.120796
v 31.725000 6.961002 -40.120796
v 31.423588 6.961002 -40.120796
v 31.423588 6.125068 -53.814510
v 31.423590 6.808198 -55.857510
v 31.423590 7.949722 -55.927193
v 31.725000 7.949722 -55.927193
v 31.725000 7.949722 -55.927193
v 31.725000 6.808193 -55.857510
v 31.423590 6.808198 -55.857510
v 31.423365 11.031050 -40.110977
v 31.423361 9.082213 -40.171700
v 31.724859 9.082207 -40.171700
v 31.724859 9.082207 -40.171700
v 31.724859 11.031050 -40.110977
v 31.423365 11.031050 -40.110977
v 31.423361 9.082213 -40.171700
v 31.423365 9.775025 -55.876171
v 31.724859 9.775025 -55.876171
v 31.724859 9.775025 -55.876171
v 31.724859 9.082207 -40.171700
v 31.423361 9.082213 -40.171700
v 31.423365 11.443231 -49.454174
v 31.423365 11.031050 -40.110977
v 31.724859 11.031050 -40.110977
v 31.724859 11.031050 -40.110977
v 31.724859 11.443259 -49.453930
v 31.423365 11.443231 -49.454174
v 44.689743 7.135417 -3.438286
v 59.319820 8.063368 -3.438287
v 59.416180 6.544149 -3.438286
v 59.416180 6.544149 -3.438286
v 44.786102 5.616199 -3.438286
v 44.689743 7.135417 -3.438286
v 44.689743 7.135417 -3.136791
v 44.786102 5.616199 -3.136790
v 59.416180 6.544149 -3.136791
v 59.416180 6.544149 -3.136791
v 59.319820 8.063368 -3.136791
v 44.689743 7.135417 -3.136791
v 31.423508 15.575561 -40.860348
v 31.423508 14.070955 -40.629101
v 31.725004 14.070956 -40.629101
v 31.725004 14.070956 -40.629101
v 31.725006 15.575561 -40.860348
v 31.423508 15.575561 -40.860348
v 31.423508 14.070955 -40.629101
v 31.423508 11.844012 -55.118439
v 31.725004 11.844012 -55.118439
v 31.725004 11.844012 -55.118439
v 31.725004 14.070956 -40.629101
v 31.423508 14.070955 -40.629101
v 31.725006 15.575561 -40.860348
v 31.725004 14.070956 -40.629101
v 31.725004 11.844012 -55.118439
v 31.725004 11.844012 -55.118439
v 31.725004 13.348618 -55.349689
v 31.725006 15.575561 -40.860348
v 44.525337 11.071233 -3.118989
v 55.984730 10.269761 -3.118990
v 55.672955 10.385355 -3.118990
v 55.672955 10.385355 -3.118990
v 55.684093 10.557250 -3.118990
v 44.525337 11.071233 -3.118989
v 60.231628 10.347781 -3.118990
v 58.565235 10.424539 -3.118990
v 58.247406 10.311770 -3.118990
v 60.105629 8.402291 -3.118990
v 60.231628 10.347781 -3.118990
v 58.247406 10.311770 -3.118990
v 58.247406 10.311770 -3.118990
v 55.984730 10.269761 -3.118990
v 60.105629 8.402291 -3.118990
v 55.984730 10.269761 -3.118990
v 44.525337 11.071233 -3.118989
v 60.105629 8.402291 -3.118990
v 44.399338 9.125744 -3.118989
v 60.105629 8.402291 -3.118990
v 44.525337 11.071233 -3.118989
v 31.699207 13.274844 -15.898517
v 31.727262 14.028299 -27.361130
v 31.726318 14.100730 -27.036610
v 31.726318 14.100730 -27.036610
v 31.726013 14.272552 -27.024427
v 31.699207 13.274844 -15.898517
v 31.736942 14.679145 -31.558577
v 31.732939 14.530154 -29.897093
v 31.732420 14.375498 -29.597401
v 31.740377 12.734466 -31.696461
v 31.736942 14.679145 -31.558577
v 31.732420 14.375498 -29.597401
v 31.732420 14.375498 -29.597401
v 31.727262 14.028299 -27.361130
v 31.740377 12.734466 -31.696461
v 31.727262 14.028299 -27.361130
v 31.699207 13.274844 -15.898517
v 31.740377 12.734466 -31.696461
v 31.702642 11.330165 -16.036402
v 31.740377 12.734466 -31.696461
v 31.699207 13.274844 -15.898517
v 44.652454 11.880386 -3.117331
v 44.840618 11.909952 -3.117351
v 44.652401 11.880529 -3.418743
v 44.840565 11.910095 -3.418762
v 44.652401 11.880529 -3.418743
v 44.840618 11.909952 -3.117351
v 44.980999 12.144107 -3.418676
v 44.840565 11.910095 -3.418762
v 44.840618 11.909952 -3.117351
v -12.328578 6.439941 60.118999
v -12.559828 4.935337 60.118999
v -12.559828 4.935337 59.817505
v -12.559828 4.935337 59.817505
v -12.559828 4.935337 60.118999
v -27.049164 7.162280 60.118999
v -12.559828 4.935337 59.817505
v -12.328578 6.439941 59.817505
v -12.328578 6.439941 60.118999
v -27.049164 7.162280 60.118999
v -27.049164 7.162280 59.817505
v -12.559828 4.935337 59.817505
v -27.451391 13.799840 59.817585
v -27.556986 13.702698 59.817585
v -27.451391 13.799840 60.118999
v -27.556982 13.702704 60.118999
v -27.451391 13.799840 60.118999
v -27.556986 13.702698 59.817585
v -27.556986 13.702698 59.817585
v -27.626667 12.561175 59.817585
v -27.626667 12.561175 60.118999
v -27.626667 12.561175 60.118999
v -27.556982 13.702704 60.118999
v -27.556986 13.702698 59.817585
v -11.871177 11.428690 60.118855
v -11.810455 9.479847 60.118862
v -11.810455 9.479847 59.817360
v -11.810455 9.479847 60.118862
v -11.871177 11.428690 60.118855
v -21.153410 9.067637 60.118862
v -21.153652 9.067666 59.817364
v -11.810455 9.479847 59.817360
v -11.810455 9.479847 60.118862
v -11.810455 9.479847 59.817360
v -11.871177 11.428683 59.817360
v -11.871177 11.428690 60.118855
v -11.810455 9.479847 60.118862
v -21.153410 9.067637 60.118862
v -21.153652 9.067666 59.817364
v -22.151392 9.193347 60.118862
v -21.153410 9.067637 60.118862
v -11.871177 11.428690 60.118855
v -11.871177 11.428683 59.817360
v -11.810455 9.479847 59.817360
v -21.153652 9.067666 59.817364
v -27.575651 10.735871 60.118862
v -11.871177 11.428690 60.118855
v -11.871177 11.428683 59.817360
v -22.151392 9.193346 59.817364
v -21.153652 9.067666 59.817364
v -21.153410 9.067637 60.118862
v -11.871177 11.428690 60.118855
v -27.575651 10.735871 60.118862
v -22.151392 9.193347 60.118862
v -21.153410 9.067637 60.118862
v -22.151392 9.193347 60.118862
v -22.151392 9.193346 59.817364
v -21.153652 9.067666 59.817364
v -22.151392 9.193346 59.817364
v -11.871177 11.428683 59.817360
v -11.871177 11.428683 59.817360
v -27.575651 10.735871 59.817364
v -27.575651 10.735871 60.118862
v -25.292707 9.063558 59.817364
v -22.151392 9.193346 59.817364
v -22.151392 9.193347 60.118862
v -27.575651 10.735871 59.817364
v -11.871177 11.428683 59.817360
v -22.151392 9.193346 59.817364
v -22.151392 9.193347 60.118862
v -25.292707 9.063558 60.118862
v -25.292707 9.063558 59.817364
v -25.690378 8.867524 59.817364
v -25.292707 9.063558 59.817364
v -25.292707 9.063558 60.118862
v -27.514933 8.787028 60.118862
v -27.514933 8.787028 59.817364
v -25.690378 8.867524 59.817364
v -25.690378 8.867524 59.817364
v -25.690374 8.867524 60.118862
v -27.514933 8.787028 60.118862
v -25.292707 9.063558 60.118862
v -25.690374 8.867524 60.118862
v -25.690378 8.867524 59.817364
v 1.276835 6.238822 59.796051
v 12.402469 7.236530 59.878670
v 12.400273 7.236051 60.180141
v 12.400273 7.236051 60.180141
v 1.274639 6.238344 60.097523
v 1.276835 6.238822 59.796051
v 1.276835 6.238822 59.796051
v 1.264650 6.410645 59.796234
v 12.402469 7.236530 59.878670
v 1.276835 6.238822 59.796051
v 1.274639 6.238344 60.097523
v 1.262454 6.410167 60.097706
v 1.262454 6.410167 60.097706
v 1.274639 6.238344 60.097523
v 12.400273 7.236051 60.180141
v 12.264559 9.181211 59.880749
v 12.402469 7.236530 59.878670
v 1.264650 6.410645 59.796234
v 1.262454 6.410167 60.097706
v 1.264650 6.410645 59.796234
v 1.276835 6.238822 59.796051
v 12.262362 9.180732 60.182220
v -3.397312 7.776432 60.065937
v 12.400273 7.236051 60.180141
v 12.400273 7.236051 60.180141
v 0.937939 6.482598 60.095459
v 1.262454 6.410167 60.097706
v -3.395116 7.776910 59.764462
v 12.264559 9.181211 59.880749
v 1.264650 6.410645 59.796234
v 0.940135 6.483076 59.793983
v 1.264650 6.410645 59.796234
v 1.262454 6.410167 60.097706
v -3.397312 7.776432 60.065937
v 12.262362 9.180732 60.182220
v 12.264559 9.181211 59.880749
v 0.937939 6.482598 60.095459
v 12.400273 7.236051 60.180141
v -3.397312 7.776432 60.065937
v 1.262454 6.410167 60.097706
v 0.937939 6.482598 60.095459
v 0.940135 6.483076 59.793983
v 1.264650 6.410645 59.796234
v 0.940135 6.483076 59.793983
v -3.395116 7.776910 59.764462
v 12.264559 9.181211 59.880749
v -3.395116 7.776910 59.764462
v -3.397312 7.776432 60.065937
v -1.298274 6.135400 60.078621
v 0.937939 6.482598 60.095459
v -3.397312 7.776432 60.065937
v -1.295463 6.136198 59.777149
v 0.940135 6.483076 59.793983
v 0.937939 6.482598 60.095459
v 0.940135 6.483076 59.793983
v -1.295463 6.136198 59.777149
v -3.395116 7.776910 59.764462
v -3.259400 5.831751 60.063850
v -3.397312 7.776432 60.065937
v -3.395116 7.776910 59.764462
v -3.397312 7.776432 60.065937
v -3.259400 5.831751 60.063850
v -1.298274 6.135400 60.078621
v 0.937939 6.482598 60.095459
v -1.298274 6.135400 60.078621
v -1.295463 6.136198 59.777149
v -3.257205 5.832230 59.762379
v -3.395116 7.776910 59.764462
v -1.295463 6.136198 59.777149
v -3.395116 7.776910 59.764462
v -3.257205 5.832230 59.762379
v -3.259400 5.831751 60.063850
v -3.259400 5.831751 60.063850
v -1.597956 5.980742 60.076191
v -1.298274 6.135400 60.078621
v -1.595760 5.981221 59.774719
v -1.295463 6.136198 59.777149
v -1.298274 6.135400 60.078621
v -1.295463 6.136198 59.777149
v -1.595760 5.981221 59.774719
v -3.257205 5.832230 59.762379
v -3.259400 5.831751 60.063850
v -3.257205 5.832230 59.762379
v -1.595760 5.981221 59.774719
v -1.595760 5.981221 59.774719
v -1.597956 5.980742 60.076191
v -3.259400 5.831751 60.063850
v -1.298274 6.135400 60.078621
v -1.597956 5.980742 60.076191
v -1.595760 5.981221 59.774719
v 12.235910 13.298320 59.817505
v 12.235910 13.298320 60.118999
v 10.411609 13.212313 60.118999
v 10.411609 13.212313 60.118999
v 9.997737 13.371314 60.118999
v 9.997737 13.371314 59.817505
v -3.583418 14.504252 60.118999
v 12.118888 15.244594 60.118999
v 12.118888 15.244594 59.817505
v 5.875270 12.998392 59.817505
v 6.857657 13.214469 59.817505
v 6.857657 13.214469 60.118999
v 10.411609 13.212313 60.118999
v 10.411607 13.212313 59.817505
v 12.235910 13.298320 59.817505
v 9.997737 13.371314 59.817505
v 10.411607 13.212313 59.817505
v 10.411609 13.212313 60.118999
v 6.857657 13.214469 60.118999
v 5.875509 12.998443 60.118999
v 5.875270 12.998392 59.817505
v 12.118888 15.244594 59.817505
v -3.583418 14.504259 59.817505
v -3.583418 14.504252 60.118999
v -3.466396 12.557985 59.817505
v 5.875270 12.998392 59.817505
v 5.875509 12.998443 60.118999
v 5.875509 12.998443 60.118999
v -3.466396 12.557985 60.118999
v -3.466396 12.557985 59.817505
v -3.466396 12.557985 60.118999
v -3.583418 14.504252 60.118999
v -3.583418 14.504259 59.817505
v -3.583418 14.504259 59.817505
v -3.466396 12.557985 59.817505
v -3.466396 12.557985 60.118999
v 59.305145 8.356524 59.817505
v 59.431011 9.873584 59.817505
v 59.431011 9.873583 60.118999
v 59.431011 9.873583 60.118999
v 59.431011 9.873584 59.817505
v 44.821732 11.085649 59.817505
v 59.431011 9.873583 60.118999
v 59.305145 8.356524 60.118999
v 59.305145 8.356524 59.817505
v 44.821732 11.085649 59.817505
v 44.821732 11.085649 60.118999
v 59.431011 9.873583 60.118999
v 22.274889 10.311770 59.804016
v 21.957058 10.424540 59.804016
v 21.957058 10.424540 60.105499
v 21.957058 10.424540 60.105499
v 22.275541 10.311538 60.105499
v 22.274889 10.311770 59.804016
v 24.537569 10.269762 59.804016
v 22.274889 10.311770 59.804016
v 22.275541 10.311538 60.105499
v 22.275541 10.311538 60.105499
v 24.537569 10.269762 60.105499
v 24.537569 10.269762 59.804016
v 20.285528 12.911089 59.821930
v 20.663212 12.783834 59.821957
v 20.663239 12.783977 60.123363
v 20.285553 12.911232 60.123341
v 20.663239 12.783977 60.123363
v 21.402439 12.720047 60.123329
v 20.663212 12.783834 59.821957
v 20.285528 12.911089 59.821930
v 21.402411 12.719905 59.821918
v 20.663239 12.783977 60.123363
v 20.285553 12.911232 60.123341
v 20.285528 12.911089 59.821930
v 21.402439 12.720047 60.123329
v 20.253973 14.161838 60.122749
v 20.285553 12.911232 60.123341
v 21.505552 12.584010 60.123383
v 21.810003 12.573371 60.123363
v 21.402439 12.720047 60.123329
v 20.253942 14.161695 59.821339
v 21.402411 12.719905 59.821918
v 20.285528 12.911089 59.821930
v 20.285553 12.911232 60.123341
v 20.191841 13.019879 60.123299
v 20.285528 12.911089 59.821930
v 20.191841 13.019879 60.123299
v 20.285553 12.911232 60.123341
v 20.253973 14.161838 60.122749
v 20.253973 14.161838 60.122749
v 21.402439 12.720047 60.123329
v 21.810003 12.573371 60.123363
v 21.810003 12.573371 60.123363
v 21.505552 12.584010 60.123383
v 21.505526 12.583867 59.821972
v 21.809975 12.573229 59.821949
v 21.505526 12.583867 59.821972
v 21.402411 12.719905 59.821918
v 20.285528 12.911089 59.821930
v 20.191816 13.019730 59.821888
v 20.253942 14.161695 59.821339
v 21.402411 12.719905 59.821918
v 20.253942 14.161695 59.821339
v 21.809975 12.573229 59.821949
v 20.191816 13.019730 59.821888
v 20.285528 12.911089 59.821930
v 20.191841 13.019879 60.123299
v 20.191841 13.019879 60.123299
v 20.253973 14.161838 60.122749
v 20.253942 14.161695 59.821339
v 35.947544 13.308036 60.121735
v 20.253973 14.161838 60.122749
v 21.810003 12.573371 60.123363
v 21.505526 12.583867 59.821972
v 21.809975 12.573229 59.821949
v 21.810003 12.573371 60.123363
v 20.253942 14.161695 59.821339
v 20.191816 13.019730 59.821888
v 20.191841 13.019879 60.123299
v 20.253942 14.161695 59.821339
v 35.947517 13.307892 59.820324
v 21.809975 12.573229 59.821949
v 35.947517 13.307892 59.820324
v 20.253942 14.161695 59.821339
v 20.253973 14.161838 60.122749
v 20.253973 14.161838 60.122749
v 35.947544 13.308036 60.121735
v 35.947517 13.307892 59.820324
v 22.149984 12.240668 60.123486
v 35.947544 13.308036 60.121735
v 21.810003 12.573371 60.123363
v 21.831434 12.317287 60.123482
v 21.810003 12.573371 60.123363
v 21.809975 12.573229 59.821949
v 35.947517 13.307892 59.820324
v 22.149956 12.240525 59.822079
v 21.809975 12.573229 59.821949
v 35.947517 13.307892 59.820324
v 35.947544 13.308036 60.121735
v 35.918331 12.771041 60.121990
v 35.947544 13.308036 60.121735
v 22.149984 12.240668 60.123486
v 35.664303 12.451819 60.122169
v 21.810003 12.573371 60.123363
v 21.831434 12.317287 60.123482
v 22.149984 12.240668 60.123486
v 21.809975 12.573229 59.821949
v 21.831409 12.317145 59.822071
v 21.831434 12.317287 60.123482
v 22.149956 12.240525 59.822079
v 35.947517 13.307892 59.820324
v 35.664272 12.451676 59.820751
v 21.831409 12.317145 59.822071
v 21.809975 12.573229 59.821949
v 22.149956 12.240525 59.822079
v 35.918301 12.770898 59.820583
v 35.947517 13.307892 59.820324
v 35.918331 12.771041 60.121990
v 35.664303 12.451819 60.122169
v 35.918331 12.771041 60.121990
v 35.947544 13.308036 60.121735
v 22.149984 12.240668 60.123486
v 22.142668 12.106208 60.123554
v 35.664303 12.451819 60.122169
v 22.149984 12.240668 60.123486
v 21.831434 12.317287 60.123482
v 21.831409 12.317145 59.822071
v 35.947517 13.307892 59.820324
v 35.918301 12.770898 59.820583
v 35.664272 12.451676 59.820751
v 22.142639 12.106065 59.822144
v 22.149956 12.240525 59.822079
v 35.664272 12.451676 59.820751
v 21.831409 12.317145 59.822071
v 22.149956 12.240525 59.822079
v 22.149984 12.240668 60.123486
v 35.664272 12.451676 59.820751
v 35.918301 12.770898 59.820583
v 35.918331 12.771041 60.121990
v 35.918331 12.771041 60.121990
v 35.664303 12.451819 60.122169
v 35.664272 12.451676 59.820751
v 35.541286 12.144108 60.122322
v 35.664303 12.451819 60.122169
v 22.142668 12.106208 60.123554
v 22.142668 12.106208 60.123554
v 22.149984 12.240668 60.123486
v 22.149956 12.240525 59.822079
v 35.664272 12.451676 59.820751
v 35.541256 12.143966 59.820911
v 22.142639 12.106065 59.822144
v 22.149956 12.240525 59.822079
v 22.142639 12.106065 59.822144
v 22.142668 12.106208 60.123554
v 35.541256 12.143966 59.820911
v 35.664272 12.451676 59.820751
v 35.664303 12.451819 60.122169
v 22.142668 12.106208 60.123554
v 35.841610 11.360923 60.122669
v 35.541286 12.144108 60.122322
v 35.664303 12.451819 60.122169
v 35.541286 12.144108 60.122322
v 35.541256 12.143966 59.820911
v 35.841587 11.360780 59.821255
v 22.142639 12.106065 59.822144
v 35.541256 12.143966 59.820911
v 22.142668 12.106208 60.123554
v 22.142639 12.106065 59.822144
v 35.841587 11.360780 59.821255
v 35.681717 11.910095 60.122417
v 35.541286 12.144108 60.122322
v 35.841610 11.360923 60.122669
v 35.841587 11.360780 59.821255
v 35.841610 11.360923 60.122669
v 22.142668 12.106208 60.123554
v 35.681690 11.909952 59.821011
v 35.541256 12.143966 59.820911
v 35.541286 12.144108 60.122322
v 35.541256 12.143966 59.820911
v 35.681690 11.909952 59.821011
v 35.841587 11.360780 59.821255
v 35.541286 12.144108 60.122322
v 35.681717 11.910095 60.122417
v 35.681690 11.909952 59.821011
v 35.841610 11.360923 60.122669
v 35.869881 11.880530 60.122417
v 35.681717 11.910095 60.122417
v 35.869881 11.880530 60.122417
v 35.841610 11.360923 60.122669
v 35.841587 11.360780 59.821255
v 35.869854 11.880386 59.821011
v 35.841587 11.360780 59.821255
v 35.681690 11.909952 59.821011
v 35.681717 11.910095 60.122417
v 35.869881 11.880530 60.122417
v 35.681690 11.909952 59.821011
v 35.841587 11.360780 59.821255
v 35.869854 11.880386 59.821011
v 35.869881 11.880530 60.122417
v 35.869854 11.880386 59.821011
v 35.681690 11.909952 59.821011
v 35.869881 11.880530 60.122417
v 84.038628 6.711057 59.817585
v 84.144218 6.808199 59.817585
v 84.038628 6.711057 60.118999
v 84.144218 6.808193 60.118999
v 84.038628 6.711057 60.118999
v 84.144218 6.808199 59.817585
v 84.144218 6.808199 59.817585
v 84.213905 7.949722 59.817585
v 84.213905 7.949722 60.118999
v 84.213905 7.949722 60.118999
v 84.144218 6.808193 60.118999
v 84.144218 6.808199 59.817585
v 68.458420 9.082207 60.118855
v 68.397697 11.031051 60.118862
v 68.397697 11.031051 59.817360
v 68.397697 11.031051 60.118862
v 68.458420 9.082207 60.118855
v 77.740654 11.443260 60.118862
v 77.740891 11.443232 59.817364
v 68.397697 11.031051 59.817360
v 68.397697 11.031051 60.118862
v 68.397697 11.031051 59.817360
v 68.458420 9.082213 59.817360
v 68.458420 9.082207 60.118855
v 68.397697 11.031051 60.118862
v 77.740654 11.443260 60.118862
v 77.740891 11.443232 59.817364
v 78.738632 11.317551 60.118862
v 77.740654 11.443260 60.118862
v 68.458420 9.082207 60.118855
v 68.458420 9.082213 59.817360
v 68.397697 11.031051 59.817360
v 77.740891 11.443232 59.817364
v 84.162895 9.775026 60.118862
v 68.458420 9.082207 60.118855
v 68.458420 9.082213 59.817360
v 78.738632 11.317552 59.817364
v 77.740891 11.443232 59.817364
v 77.740654 11.443260 60.118862
v 68.458420 9.082207 60.118855
v 84.162895 9.775026 60.118862
v 78.738632 11.317551 60.118862
v 77.740654 11.443260 60.118862
v 78.738632 11.317551 60.118862
v 78.738632 11.317552 59.817364
v 77.740891 11.443232 59.817364
v 78.738632 11.317552 59.817364
v 68.458420 9.082213 59.817360
v 68.458420 9.082213 59.817360
v 84.162895 9.775026 59.817364
v 84.162895 9.775026 60.118862
v 81.879944 11.447339 59.817364
v 78.738632 11.317552 59.817364
v 78.738632 11.317551 60.118862
v 84.162895 9.775026 59.817364
v 68.458420 9.082213 59.817360
v 78.738632 11.317552 59.817364
v 78.738632 11.317551 60.118862
v 81.879944 11.447339 60.118862
v 81.879944 11.447339 59.817364
v 82.277618 11.643373 59.817364
v 81.879944 11.447339 59.817364
v 81.879944 11.447339 60.118862
v 84.102173 11.723868 60.118862
v 84.102173 11.723868 59.817364
v 82.277618 11.643373 59.817364
v 82.277618 11.643373 59.817364
v 82.277611 11.643373 60.118862
v 84.102173 11.723868 60.118862
v 81.879944 11.447339 60.118862
v 82.277611 11.643373 60.118862
v 82.277618 11.643373 59.817364
v 55.311703 14.272075 59.818653
v 44.185768 13.274367 59.807453
v 44.185421 13.274846 60.108929
v 44.185421 13.274846 60.108929
v 55.311352 14.272552 60.120129
v 55.311703 14.272075 59.818653
v 55.311703 14.272075 59.818653
v 55.323883 14.100252 59.818939
v 44.185768 13.274367 59.807453
v 44.323307 11.330165 60.112179
v 44.185421 13.274846 60.108929
v 44.185768 13.274367 59.807453
v 55.323536 14.100730 60.120419
v 55.311352 14.272552 60.120129
v 44.185421 13.274846 60.108929
v 44.323654 11.329687 59.810696
v 44.185768 13.274367 59.807453
v 55.323883 14.100252 59.818939
v 44.185768 13.274367 59.807453
v 44.323654 11.329687 59.810696
v 44.323307 11.330165 60.112179
v 44.323307 11.330165 60.112179
v 59.983406 12.734466 60.127941
v 44.185421 13.274846 60.108929
v 44.185421 13.274846 60.108929
v 55.648060 14.028299 60.120907
v 55.323536 14.100730 60.120419
v 59.983753 12.733987 59.826458
v 44.323654 11.329687 59.810696
v 55.323883 14.100252 59.818939
v 55.648060 14.028299 60.120907
v 44.185421 13.274846 60.108929
v 59.983406 12.734466 60.127941
v 55.323883 14.100252 59.818939
v 55.648407 14.027822 59.819427
v 59.983753 12.733987 59.826458
v 57.884335 14.375498 60.122925
v 55.648060 14.028299 60.120907
v 59.983406 12.734466 60.127941
v 57.884064 14.374700 59.821442
v 55.648407 14.027822 59.819427
v 55.648060 14.028299 60.120907
v 55.648407 14.027822 59.819427
v 57.884064 14.374700 59.821442
v 59.983753 12.733987 59.826458
v 59.845516 14.679146 60.124695
v 59.983406 12.734466 60.127941
v 59.983753 12.733987 59.826458
v 59.983406 12.734466 60.127941
v 59.845516 14.679146 60.124695
v 57.884335 14.375498 60.122925
v 55.648060 14.028299 60.120907
v 57.884335 14.375498 60.122925
v 57.884064 14.374700 59.821442
v 59.845863 14.678667 59.823219
v 59.983753 12.733987 59.826458
v 57.884064 14.374700 59.821442
v 59.983753 12.733987 59.826458
v 59.845863 14.678667 59.823219
v 59.845516 14.679146 60.124695
v 59.845516 14.679146 60.124695
v 58.184029 14.530154 60.123024
v 57.884335 14.375498 60.122925
v 58.184376 14.529677 59.821545
v 57.884064 14.374700 59.821442
v 57.884335 14.375498 60.122925
v 57.884064 14.374700 59.821442
v 58.184376 14.529677 59.821545
v 59.845863 14.678667 59.823219
v 59.845516 14.679146 60.124695
v 59.845863 14.678667 59.823219
v 58.184376 14.529677 59.821545
v 58.184376 14.529677 59.821545
v 58.184029 14.530154 60.123024
v 59.845516 14.679146 60.124695
v 57.884335 14.375498 60.122925
v 58.184029 14.530154 60.123024
v 58.184376 14.529677 59.821545
v 60.170654 6.006645 60.118999
v 44.468349 5.266303 60.118999
v 44.468349 5.266303 59.817505
v 50.711971 7.512506 59.817505
v 49.729580 7.296428 59.817505
v 49.729580 7.296428 60.118999
v 49.729580 7.296428 60.118999
v 50.711731 7.512455 60.118999
v 50.711971 7.512506 59.817505
v 44.468349 5.266303 59.817505
v 60.170654 6.006638 59.817505
v 60.170654 6.006645 60.118999
v 60.053638 7.952912 59.817505
v 50.711971 7.512506 59.817505
v 50.711731 7.512455 60.118999
v 50.711731 7.512455 60.118999
v 60.053638 7.952912 60.118999
v 60.053638 7.952912 59.817505
v 60.053638 7.952912 60.118999
v 60.170654 6.006645 60.118999
v 60.170654 6.006638 59.817505
v 60.170654 6.006638 59.817505
v 60.053638 7.952912 59.817505
v 60.053638 7.952912 60.118999
v -12.654600 14.879648 59.427547
v -26.567396 14.879646 58.925274
v -26.567396 14.879646 59.427547
v -26.567396 14.879646 58.925274
v -12.654600 14.879648 59.427547
v -12.654601 14.879646 58.925274
v -12.654601 14.879646 58.925274
v -12.654602 5.410572 59.427547
v -12.654602 5.410572 58.925274
v -12.654602 5.410572 59.427547
v -12.654601 14.879646 58.925274
v -12.654600 14.879648 59.427547
v -25.925970 14.238223 59.252930
v -25.925974 6.051994 59.125275
v -25.925970 14.238223 59.125275
v -25.925974 6.051994 59.125275
v -25.925970 14.238223 59.252930
v -25.925974 6.051995 59.252930
v -25.925974 6.051994 59.125275
v -13.296027 6.051996 59.252930
v -13.296027 6.051996 59.125275
v -13.296027 6.051996 59.252930
v -25.925974 6.051994 59.125275
v -25.925974 6.051995 59.252930
v -2.618539 5.410572 59.427547
v 11.294256 5.410572 58.925274
v 11.294256 5.410572 59.427547
v 11.294256 5.410572 58.925274
v -2.618539 5.410572 59.427547
v -2.618539 5.410572 58.925274
v -2.618539 5.410572 58.925274
v -2.618537 14.879648 59.427547
v -2.618537 14.879648 58.925274
v -2.618537 14.879648 59.427547
v -2.618539 5.410572 58.925274
v -2.618539 5.410572 59.427547
v -1.977115 6.051994 59.125275
v 10.652833 6.051996 59.252930
v 10.652831 6.051997 59.125275
v 10.652833 6.051996 59.252930
v -1.977115 6.051994 59.125275
v -1.977114 6.051995 59.252930
v -1.977113 14.238223 59.252930
v -1.977115 6.051994 59.125275
v -1.977113 14.238223 59.125275
v -1.977115 6.051994 59.125275
v -1.977113 14.238223 59.252930
v -1.977114 6.051995 59.252930
v 10.652833 6.051996 59.252930
v 10.652833 14.238225 59.125275
v 10.652831 6.051997 59.125275
v 10.652833 14.238225 59.125275
v 10.652833 6.051996 59.252930
v 10.652833 14.238225 59.252930
v 35.243114 14.879648 59.427547
v 21.330320 14.879646 58.925274
v 21.330320 14.879646 59.427547
v 21.330320 14.879646 58.925274
v 35.243114 14.879648 59.427547
v 35.243114 14.879646 58.925274
v 35.243114 14.879646 58.925274
v 35.243114 5.410572 59.427547
v 35.243114 5.410572 58.925274
v 35.243114 5.410572 59.427547
v 35.243114 14.879646 58.925274
v 35.243114 14.879648 59.427547
v 34.601692 14.238225 59.125275
v 21.971743 14.238223 59.252930
v 21.971745 14.238223 59.125275
v 21.971743 14.238223 59.252930
v 34.601692 14.238225 59.125275
v 34.601692 14.238225 59.252930
v 21.971743 14.238223 59.252930
v 21.971743 6.051994 59.125275
v 21.971745 14.238223 59.125275
v 21.971743 6.051994 59.125275
v 21.971743 14.238223 59.252930
v 21.971743 6.051995 59.252930
v 21.971743 6.051994 59.125275
v 34.601688 6.051996 59.252930
v 34.601688 6.051996 59.125275
v 34.601688 6.051996 59.252930
v 21.971743 6.051994 59.125275
v 21.971743 6.051995 59.252930
v 45.279179 5.410573 59.427547
v 59.191975 5.410573 58.925274
v 59.191975 5.410573 59.427547
v 59.191975 5.410573 58.925274
v 45.279179 5.410573 59.427547
v 45.279179 5.410573 58.925274
v 45.920605 6.051995 59.125275
v 58.550549 6.051997 59.252930
v 58.550549 6.051998 59.125275
v 58.550549 6.051997 59.252930
v 45.920605 6.051995 59.125275
v 45.920605 6.051996 59.252930
v 58.550549 14.238227 59.125275
v 45.920605 14.238225 59.252930
v 45.920605 14.238225 59.125275
v 45.920605 14.238225 59.252930
v 58.550549 14.238227 59.125275
v 58.550549 14.238225 59.252930
v 83.140831 14.879648 58.925274
v 83.140831 5.410573 59.427547
v 83.140831 5.410573 58.925274
v 83.140831 5.410573 59.427547
v 83.140831 14.879648 58.925274
v 83.140831 14.879648 59.427547
v 82.499413 14.238227 59.125275
v 69.869461 14.238225 59.252930
v 69.869461 14.238223 59.125275
v 69.869461 14.238225 59.252930
v 82.499413 14.238227 59.125275
v 82.499405 14.238225 59.252930
v 82.499405 6.051997 59.252930
v 82.499413 14.238227 59.125275
v 82.499405 6.051997 59.125275
v 82.499413 14.238227 59.125275
v 82.499405 6.051997 59.252930
v 82.499405 14.238225 59.252930
v 69.869461 6.051996 59.125275
v 82.499405 6.051997 59.252930
v 82.499405 6.051997 59.125275
v 82.499405 6.051997 59.252930
v 69.869461 6.051996 59.125275
v 69.869461 6.051996 59.252930
v 88.090736 10.311770 53.212658
v 88.090736 10.424539 53.530487
v 88.392212 10.424539 53.530487
v 88.392212 10.424539 53.530487
v 88.392212 10.311538 53.212006
v 88.090736 10.311770 53.212658
v 88.090736 10.269761 50.949978
v 88.090736 10.311770 53.212658
v 88.392212 10.311538 53.212006
v 88.392212 10.311538 53.212006
v 88.392212 10.269761 50.949978
v 88.090736 10.269761 50.949978
v 88.410049 12.720046 54.085110
v 88.410088 12.783976 54.824310
v 88.108673 12.783833 54.824337
v 88.108673 12.783833 54.824337
v 88.108635 12.719905 54.085140
v 88.410049 12.720046 54.085110
v 88.108643 12.911089 55.202023
v 88.108673 12.783833 54.824337
v 88.410088 12.783976 54.824310
v 88.410057 12.911232 55.201996
v 88.410088 12.783976 54.824310
v 88.410049 12.720046 54.085110
v 88.410103 12.584009 53.981995
v 88.410049 12.720046 54.085110
v 88.108635 12.719905 54.085140
v 88.108673 12.783833 54.824337
v 88.108643 12.911089 55.202023
v 88.108635 12.719905 54.085140
v 88.410088 12.783976 54.824310
v 88.410057 12.911232 55.201996
v 88.108643 12.911089 55.202023
v 88.410049 12.720046 54.085110
v 88.409470 14.161837 55.233578
v 88.410057 12.911232 55.201996
v 88.410103 12.584009 53.981995
v 88.410080 12.573371 53.677547
v 88.410049 12.720046 54.085110
v 88.108635 12.719905 54.085140
v 88.108696 12.583867 53.982021
v 88.410103 12.584009 53.981995
v 88.108055 14.161695 55.233608
v 88.108635 12.719905 54.085140
v 88.108643 12.911089 55.202023
v 88.410057 12.911232 55.201996
v 88.410019 13.019879 55.295704
v 88.108643 12.911089 55.202023
v 88.410019 13.019879 55.295704
v 88.410057 12.911232 55.201996
v 88.409470 14.161837 55.233578
v 88.409470 14.161837 55.233578
v 88.410049 12.720046 54.085110
v 88.410080 12.573371 53.677547
v 88.410080 12.573371 53.677547
v 88.410103 12.584009 53.981995
v 88.108696 12.583867 53.982021
v 88.108665 12.573228 53.677570
v 88.108696 12.583867 53.982021
v 88.108635 12.719905 54.085140
v 88.108643 12.911089 55.202023
v 88.108604 13.019730 55.295734
v 88.108055 14.161695 55.233608
v 88.108635 12.719905 54.085140
v 88.108055 14.161695 55.233608
v 88.108665 12.573228 53.677570
v 88.108604 13.019730 55.295734
v 88.108643 12.911089 55.202023
v 88.410019 13.019879 55.295704
v 88.410019 13.019879 55.295704
v 88.409470 14.161837 55.233578
v 88.108055 14.161695 55.233608
v 88.408447 13.308036 39.540005
v 88.409470 14.161837 55.233578
v 88.410080 12.573371 53.677547
v 88.108696 12.583867 53.982021
v 88.108665 12.573228 53.677570
v 88.410080 12.573371 53.677547
v 88.108055 14.161695 55.233608
v 88.108604 13.019730 55.295734
v 88.410019 13.019879 55.295704
v 88.108055 14.161695 55.233608
v 88.107040 13.307892 39.540031
v 88.108665 12.573228 53.677570
v 88.107040 13.307892 39.540031
v 88.108055 14.161695 55.233608
v 88.409470 14.161837 55.233578
v 88.409470 14.161837 55.233578
v 88.408447 13.308036 39.540005
v 88.107040 13.307892 39.540031
v 88.410210 12.240668 53.337563
v 88.408447 13.308036 39.540005
v 88.410080 12.573371 53.677547
v 88.410202 12.317286 53.656109
v 88.410080 12.573371 53.677547
v 88.108665 12.573228 53.677570
v 88.107040 13.307892 39.540031
v 88.108795 12.240524 53.337593
v 88.108665 12.573228 53.677570
v 88.107040 13.307892 39.540031
v 88.408447 13.308036 39.540005
v 88.408714 12.771040 39.569218
v 88.408447 13.308036 39.540005
v 88.410210 12.240668 53.337563
v 88.408882 12.451819 39.823246
v 88.410080 12.573371 53.677547
v 88.410202 12.317286 53.656109
v 88.410210 12.240668 53.337563
v 88.108665 12.573228 53.677570
v 88.108788 12.317144 53.656139
v 88.410202 12.317286 53.656109
v 88.108795 12.240524 53.337593
v 88.107040 13.307892 39.540031
v 88.107475 12.451676 39.823273
v 88.108788 12.317144 53.656139
v 88.108665 12.573228 53.677570
v 88.108795 12.240524 53.337593
v 88.107292 12.770897 39.569244
v 88.107040 13.307892 39.540031
v 88.408714 12.771040 39.569218
v 88.408882 12.451819 39.823246
v 88.408714 12.771040 39.569218
v 88.408447 13.308036 39.540005
v 88.410210 12.240668 53.337563
v 88.410271 12.106208 53.344879
v 88.408882 12.451819 39.823246
v 88.410210 12.240668 53.337563
v 88.410202 12.317286 53.656109
v 88.108788 12.317144 53.656139
v 88.107040 13.307892 39.540031
v 88.107292 12.770897 39.569244
v 88.107475 12.451676 39.823273
v 88.108856 12.106065 53.344906
v 88.108795 12.240524 53.337593
v 88.107475 12.451676 39.823273
v 88.108788 12.317144 53.656139
v 88.108795 12.240524 53.337593
v 88.410210 12.240668 53.337563
v 88.107475 12.451676 39.823273
v 88.107292 12.770897 39.569244
v 88.408714 12.771040 39.569218
v 88.408714 12.771040 39.569218
v 88.408882 12.451819 39.823246
v 88.107475 12.451676 39.823273
v 88.409042 12.144107 39.946266
v 88.408882 12.451819 39.823246
v 88.410271 12.106208 53.344879
v 88.410271 12.106208 53.344879
v 88.410210 12.240668 53.337563
v 88.108795 12.240524 53.337593
v 88.107475 12.451676 39.823273
v 88.107628 12.143965 39.946293
v 88.108856 12.106065 53.344906
v 88.108795 12.240524 53.337593
v 88.108856 12.106065 53.344906
v 88.410271 12.106208 53.344879
v 88.410271 12.106208 53.344879
v 88.409386 11.360923 39.645935
v 88.409042 12.144107 39.946266
v 88.107971 11.360780 39.645962
v 88.108856 12.106065 53.344906
v 88.107628 12.143965 39.946293
v 88.410271 12.106208 53.344879
v 88.108856 12.106065 53.344906
v 88.107971 11.360780 39.645962
v 88.409142 11.910095 39.805828
v 88.409042 12.144107 39.946266
v 88.409386 11.360923 39.645935
v 88.107971 11.360780 39.645962
v 88.409386 11.360923 39.645935
v 88.410271 12.106208 53.344879
v 88.107727 11.909952 39.805859
v 88.107628 12.143965 39.946293
v 88.409042 12.144107 39.946266
v 88.107628 12.143965 39.946293
v 88.107727 11.909952 39.805859
v 88.107971 11.360780 39.645962
v 88.409042 12.144107 39.946266
v 88.409142 11.910095 39.805828
v 88.107727 11.909952 39.805859
v 88.409386 11.360923 39.645935
v 88.409134 11.880529 39.617668
v 88.409142 11.910095 39.805828
v 88.107719 11.880386 39.617695
v 88.107971 11.360780 39.645962
v 88.107727 11.909952 39.805859
v 88.409142 11.910095 39.805828
v 88.409134 11.880529 39.617668
v 88.107727 11.909952 39.805859
v 88.107719 11.880386 39.617695
v 88.107727 11.909952 39.805859
v 88.409134 11.880529 39.617668
v 87.411987 14.238225 40.885857
v 87.539650 14.238223 53.515804
v 87.411987 14.238222 53.515804
v 87.539650 14.238223 53.515804
v 87.411987 14.238225 40.885857
v 87.539650 14.238223 40.885860
v 87.539650 6.051996 40.885860
v 87.411987 14.238225 40.885857
v 87.411987 6.051996 40.885860
v 87.411987 14.238225 40.885857
v 87.539650 6.051996 40.885860
v 87.539650 14.238223 40.885860
v 87.411987 6.051994 53.515804
v 87.539650 6.051996 40.885860
v 87.411987 6.051996 40.885860
v 87.539650 6.051996 40.885860
v 87.411987 6.051994 53.515804
v 87.539650 6.051994 53.515804
v 86.292213 16.990801 23.110559
v 87.714256 16.190802 23.110558
v 86.292213 16.190802 23.110556
v 87.714256 16.190802 23.110558
v 86.292213 16.990801 23.110559
v 87.714256 16.990801 23.110559
v 87.714256 16.190802 23.110558
v 86.292213 16.190800 34.246124
v 86.292213 16.190802 23.110556
v 86.292213 16.190800 34.246124
v 87.714256 16.190802 23.110558
v 87.714256 16.190800 34.246124
v 87.135185 2.240408 -0.550167
v 87.714256 19.457853 -0.550167
v 87.135185 19.457853 -0.550167
v 87.135185 19.457853 -0.550167
v 87.714256 21.245768 -0.550167
v 87.135185 21.245768 -0.550167
v 87.714256 21.245768 -0.550167
v 87.135185 19.457853 -0.550167
v 87.714256 19.457853 -0.550167
v -31.517302 10.269761 -3.749149
v -31.818781 10.269761 -3.749149
v -31.517302 10.385355 -3.437380
v -31.818781 10.385355 -3.437380
v -31.818781 10.347781 -7.996050
v -31.517302 10.347781 -7.996050
v -31.818781 8.402291 -7.870052
v -31.517302 8.402291 -7.870052
v -31.517302 10.557250 -3.448514
v -31.517302 10.385355 -3.437380
v -31.818781 10.557250 -3.448514
v -31.818781 10.385355 -3.437380
v -31.517302 10.557250 -3.448514
v -31.818781 10.557250 -3.448514
v -31.517302 11.071233 7.710241
v -31.818781 11.071233 7.710241
v -31.818781 8.402291 -7.870052
v -31.517302 8.402291 -7.870052
v -31.818781 9.125744 7.836241
v -31.517302 9.125744 7.836241
v -31.517302 11.071233 7.710241
v -31.818781 11.071233 7.710241
v -31.517302 9.125744 7.836241
v -31.818781 9.125744 7.836241
v -31.836613 12.720046 -6.884277
v -31.535202 12.719905 -6.884305
v -31.836668 12.584009 -6.781164
v -31.535257 12.583867 -6.781191
v -31.533863 12.770897 7.631585
v -31.835276 12.771040 7.631612
v -31.534037 12.451676 7.377558
v -31.835449 12.451819 7.377585
v -31.530872 6.628104 55.362099
v -31.832281 6.628104 55.362099
v -31.530872 6.649656 54.620453
v -31.832281 6.649656 54.620453
v -31.530872 6.711057 55.751919
v -31.832281 6.711057 55.751919
v -31.530872 6.628104 55.362099
v -31.832281 6.628104 55.362099
v -31.530869 7.488129 40.342815
v -31.530869 7.480411 40.152504
v -31.832281 7.488129 40.342815
v -31.832281 7.480411 40.152504
v -31.530872 6.649656 54.620453
v -31.832281 6.649656 54.620453
v -31.530872 6.526387 54.502369
v -31.832281 6.526387 54.502369
v -31.530869 7.488129 40.342815
v -31.832281 7.488129 40.342815
v -31.530869 7.704428 40.509247
v -31.832281 7.704428 40.509247
v -31.530869 7.480411 40.152504
v -31.530869 7.488129 40.342815
v -31.530869 6.961002 40.120796
v -31.530869 7.704428 40.509247
v -31.832281 8.370582 40.206844
v -31.832281 8.907372 40.239613
v -31.530869 8.370582 40.206844
v -31.530869 8.907372 40.239613
v -31.832281 8.370582 40.206844
v -31.530869 8.370582 40.206844
v -31.832281 8.024251 40.422451
v -31.530869 8.024251 40.422451
v -31.832281 8.024251 40.422451
v -31.530869 8.024251 40.422451
v -31.832281 7.704428 40.509247
v -31.530869 7.704428 40.509247
v -31.530869 8.907372 40.239613
v -31.832281 8.907372 40.239613
v -31.530872 7.949722 55.927193
v -31.832281 7.949722 55.927193
v -31.530872 6.526387 54.502369
v -31.832281 6.526387 54.502369
v -31.530872 6.550851 54.198719
v -31.832281 6.550851 54.198719
v -31.832281 6.125068 53.814510
v -31.530872 6.125068 53.814510
v -31.832281 6.259477 53.822712
v -31.530872 6.259477 53.822712
v -31.832142 9.775025 55.876171
v -31.530645 9.775025 55.876171
v -31.832142 11.723868 55.815456
v -31.530645 11.723868 55.815456
v -31.832142 11.643373 53.990902
v -31.832142 11.723868 55.815456
v -31.530645 11.643373 53.990902
v -31.530645 11.723868 55.815456
v -31.832142 11.643373 53.990902
v -31.530645 11.643373 53.990902
v -31.832142 11.447339 53.593231
v -31.530645 11.447339 53.593231
v -31.832285 7.212575 16.064611
v -31.530790 7.212575 16.064611
v -31.832285 5.266302 16.181635
v -31.530790 5.266302 16.181635
v 25.745651 11.831697 -59.974743
v 25.871515 10.314638 -59.974743
v 11.136371 10.619631 -59.974743
v 11.262235 9.102571 -59.974743
v 88.298439 6.439940 2.716753
v 88.298439 8.666883 17.206091
v 88.298439 4.935336 2.948003
v 88.298439 7.162279 17.437342
v 88.298439 4.935336 2.948003
v 87.996941 4.935337 2.948003
v 88.298439 6.439940 2.716753
v 87.996941 6.439941 2.716753
v 88.298439 8.666883 17.206091
v 87.996941 8.666883 17.206091
v 88.298439 7.162279 17.437342
v 87.996941 7.162279 17.437342
v 10.764612 8.858055 -60.021542
v 10.763514 8.858534 -59.720062
v 26.424606 7.453755 -59.962280
v 26.423508 7.454234 -59.660805
v 26.424606 7.453755 -59.962280
v 26.423508 7.454234 -59.660805
v 26.286703 5.509075 -59.959694
v 26.285604 5.509553 -59.658215
v 87.996941 6.439941 2.716753
v 87.996941 4.935337 2.948003
v 87.996941 8.666883 17.206091
v 87.996941 7.162279 17.437342
v 83.240204 12.154372 -3.136791
v 83.240204 12.154372 -3.438287
v 68.630920 10.942307 -3.136791
v 68.630920 10.942307 -3.438287
v 83.366066 10.637314 -3.136791
v 83.366066 10.637314 -3.438287
v 83.240204 12.154372 -3.136791
v 83.240204 12.154372 -3.438287
v 83.366066 10.637314 -3.136791
v 68.756790 9.425247 -3.136791
v 83.366066 10.637314 -3.438287
v 68.756790 9.425247 -3.438287
v 68.630920 10.942307 -3.136791
v 68.630920 10.942307 -3.438287
v 68.756790 9.425247 -3.136791
v 68.756790 9.425247 -3.438287
v 87.997025 13.882792 17.449749
v 88.298431 13.882792 17.449749
v 87.997025 13.861239 16.708105
v 88.298431 13.861239 16.708105
v 87.997025 13.799840 17.839567
v 88.298431 13.799840 17.839567
v 87.997025 13.882792 17.449749
v 88.298431 13.882792 17.449749
v 87.997025 13.022768 2.430470
v 87.997025 13.030486 2.240155
v 88.298431 13.022768 2.430470
v 88.298431 13.030486 2.240155
v 87.997025 13.861239 16.708105
v 88.298431 13.861239 16.708105
v 87.997025 13.984509 16.590021
v 88.298431 13.984509 16.590021
v 87.997025 13.022768 2.430470
v 88.298431 13.022768 2.430470
v 87.997025 12.806468 2.596899
v 88.298431 12.806468 2.596899
v 88.298431 12.140315 2.294495
v 88.298431 11.603525 2.327264
v 87.997025 12.140315 2.294495
v 87.997025 11.603525 2.327264
v 88.298431 12.140315 2.294495
v 87.997025 12.140315 2.294495
v 88.298431 12.486645 2.510104
v 87.997025 12.486645 2.510104
v 88.298431 12.486645 2.510104
v 87.997025 12.486645 2.510104
v 88.298431 12.806468 2.596899
v 87.997025 12.806468 2.596899
v 87.997025 11.603525 2.327264
v 88.298431 11.603525 2.327264
v 87.997025 12.561175 18.014841
v 88.298431 12.561175 18.014841
v 87.997025 13.984509 16.590021
v 88.298431 13.984509 16.590021
v 87.997025 13.960045 16.286369
v 88.298431 13.960045 16.286369
v 87.997025 13.960045 16.286369
v 88.298431 13.960045 16.286369
v 87.997025 14.211963 16.235613
v 88.298431 14.211963 16.235613
v 88.298431 14.385828 15.902160
v 87.997025 14.385828 15.902160
v 88.298431 14.251419 15.910364
v 87.997025 14.251419 15.910364
v 87.997025 14.211963 16.235613
v 88.298431 14.211963 16.235613
v 87.997025 14.251419 15.910364
v 88.298431 14.251419 15.910364
v 88.298294 10.735871 17.963825
v 87.996796 10.735871 17.963825
v 88.298294 8.787028 17.903107
v 87.996796 8.787028 17.903107
v 83.780853 5.832229 -3.093183
v 82.119362 5.981220 -3.092251
v 83.780640 5.831751 -3.394663
v 82.119148 5.980742 -3.393730
v 68.286385 13.298320 -3.438287
v 70.110687 13.212311 -3.438287
v 68.286385 13.298320 -3.136791
v 70.110687 13.212311 -3.136791
v 68.286385 13.298320 -3.438287
v 68.286385 13.298320 -3.136791
v 68.403404 15.244594 -3.438287
v 68.403404 15.244594 -3.136791
v 70.110687 13.212311 -3.136791
v 70.110687 13.212311 -3.438287
v 70.524559 13.371312 -3.136791
v 70.524559 13.371312 -3.438287
v 73.664635 13.214469 -3.438287
v 73.664635 13.214469 -3.136791
v 70.524559 13.371312 -3.438287
v 70.524559 13.371312 -3.136791
v 31.725000 6.526387 -54.502369
v 31.423588 6.526387 -54.502369
v 31.725000 6.649656 -54.620453
v 31.423588 6.649656 -54.620453
v 31.725000 6.649656 -54.620453
v 31.423588 6.649656 -54.620453
v 31.725000 6.628104 -55.362099
v 31.423590 6.628104 -55.362099
v 31.725000 6.628104 -55.362099
v 31.423590 6.628104 -55.362099
v 31.725000 6.711057 -55.751919
v 31.423590 6.711057 -55.751919
v 55.672955 10.385355 -3.420470
v 55.672955 10.385355 -3.118990
v 55.984730 10.269761 -3.420470
v 55.984730 10.269761 -3.118990
v 25.870508 14.879648 -59.427547
v 11.957713 14.879648 -59.427547
v 25.870508 14.879648 -58.925274
v 11.957714 14.879648 -58.925274
v 11.957714 14.879648 -58.925274
v 12.457715 14.379646 -58.925274
v 25.870508 14.879648 -58.925274
v 25.370508 14.379645 -58.925274
v 18.683744 6.051997 -59.125275
v 18.683744 14.238225 -59.125275
v 18.683744 6.051997 -59.252930
v 18.683744 14.238225 -59.252930
v 25.229086 6.051996 -59.125275
v 12.599139 6.051997 -59.125275
v 25.370508 5.910574 -59.125275
v 12.457715 5.910575 -59.125275
v 11.957714 14.879648 -58.925274
v 11.957715 5.410573 -58.925274
v 12.457715 14.379646 -58.925274
v 12.457715 5.910575 -58.925274
v 25.229086 6.051996 -59.125275
v 25.370508 5.910574 -59.125275
v 25.229084 14.238223 -59.125275
v 25.370508 14.379645 -59.125275
v 12.457715 5.910575 -58.925274
v 25.370508 5.910574 -58.925274
v 12.457715 5.910575 -59.125275
v 25.370508 5.910574 -59.125275
v 25.370508 5.910574 -59.125275
v 25.370508 5.910574 -58.925274
v 25.370508 14.379645 -59.125275
v 25.370508 14.379645 -58.925274
v 11.957715 5.410573 -59.427547
v 25.870512 5.410573 -59.427547
v 11.957715 5.410573 -58.925274
v 25.870512 5.410573 -58.925274
v 25.870512 5.410573 -58.925274
v 25.370508 5.910574 -58.925274
v 11.957715 5.410573 -58.925274
v 12.457715 5.910575 -58.925274
v 25.870512 5.410573 -58.925274
v 25.870508 14.879648 -58.925274
v 25.370508 5.910574 -58.925274
v 25.370508 14.379645 -58.925274
v 25.870508 14.879648 -58.925274
v 25.870512 5.410573 -58.925274
v 25.870508 14.879648 -59.427547
v 25.870512 5.410573 -59.427547
v 19.144482 6.051997 -59.252930
v 19.144482 14.238225 -59.252930
v 19.144482 6.051997 -59.125275
v 19.144482 14.238225 -59.125275
v 12.599138 14.238227 -59.125275
v 12.457715 14.379646 -59.125275
v 12.599139 6.051997 -59.125275
v 12.457715 5.910575 -59.125275
v 19.144482 6.051997 -59.125275
v 19.144482 14.238225 -59.125275
v 18.683744 6.051997 -59.125275
v 18.683744 14.238225 -59.125275
v 12.457715 14.379646 -59.125275
v 12.457715 14.379646 -58.925274
v 12.457715 5.910575 -59.125275
v 12.457715 5.910575 -58.925274
v 12.599138 14.238227 -59.125275
v 25.229084 14.238223 -59.125275
v 12.457715 14.379646 -59.125275
v 25.370508 14.379645 -59.125275
v 25.370508 14.379645 -58.925274
v 12.457715 14.379646 -58.925274
v 25.370508 14.379645 -59.125275
v 12.457715 14.379646 -59.125275
v 87.714256 14.879646 16.955570
v 87.714256 14.879646 3.042775
v 87.211990 14.879646 16.955570
v 87.211990 14.879646 3.042776
v 87.211990 14.879646 3.042776
v 87.211990 14.379645 3.542777
v 87.211990 14.879646 16.955570
v 87.211990 14.379643 16.455570
v 87.411987 6.051996 9.768806
v 87.411987 14.238223 9.768806
v 87.539650 6.051996 9.768806
v 87.539650 14.238223 9.768806
v 87.411987 6.051994 16.314148
v 87.411987 6.051996 3.684202
v 87.411987 5.910573 16.455570
v 87.411987 5.910574 3.542777
v 87.211990 14.879646 3.042776
v 87.211990 5.410572 3.042777
v 87.211990 14.379645 3.542777
v 87.211990 5.910574 3.542777
v 87.411987 6.051994 16.314148
v 87.411987 5.910573 16.455570
v 87.411987 14.238222 16.314146
v 87.411987 14.379643 16.455570
v 87.211990 5.910574 3.542777
v 87.211990 5.910573 16.455570
v 87.411987 5.910574 3.542777
v 87.411987 5.910573 16.455570
v 87.411987 5.910573 16.455570
v 87.211990 5.910573 16.455570
v 87.411987 14.379643 16.455570
v 87.211990 14.379643 16.455570
v 87.714256 5.410572 3.042777
v 87.714256 5.410572 16.955572
v 87.211990 5.410572 3.042777
v 87.211990 5.410572 16.955572
v 87.211990 5.410572 16.955572
v 87.211990 5.910573 16.455570
v 87.211990 5.410572 3.042777
v 87.211990 5.910574 3.542777
v 87.211990 5.410572 16.955572
v 87.211990 14.879646 16.955570
v 87.211990 5.910573 16.455570
v 87.211990 14.379643 16.455570
v 87.211990 14.879646 16.955570
v 87.211990 5.410572 16.955572
v 87.714256 14.879646 16.955570
v 87.714256 5.410572 16.955572
v 87.539650 6.051996 10.229543
v 87.539650 14.238223 10.229544
v 87.411987 6.051996 10.229543
v 87.411987 14.238223 10.229544
v 87.411987 14.238225 3.684200
v 87.411987 14.379645 3.542777
v 87.411987 6.051996 3.684202
v 87.411987 5.910574 3.542777
v 87.411987 6.051996 10.229543
v 87.411987 14.238223 10.229544
v 87.411987 6.051996 9.768806
v 87.411987 14.238223 9.768806
v 87.411987 14.379645 3.542777
v 87.211990 14.379645 3.542777
v 87.411987 5.910574 3.542777
v 87.211990 5.910574 3.542777
v 87.411987 14.238225 3.684200
v 87.411987 14.238222 16.314146
v 87.411987 14.379645 3.542777
v 87.411987 14.379643 16.455570
v 87.211990 14.379643 16.455570
v 87.211990 14.379645 3.542777
v 87.411987 14.379643 16.455570
v 87.411987 14.379645 3.542777
v 83.140831 5.410572 -2.351839
v 82.640831 5.910573 -2.351839
v 69.228043 5.410572 -2.351839
v 69.728043 5.910575 -2.351839
v 76.414803 14.238223 -2.551839
v 76.414803 6.051994 -2.551839
v 76.414803 14.238223 -2.679498
v 76.414803 6.051994 -2.679498
v 83.140831 14.879646 -2.351839
v 83.140831 5.410572 -2.351839
v 83.140831 14.879646 -2.854111
v 83.140831 5.410572 -2.854111
v 69.869469 14.238225 -2.551839
v 82.499413 14.238223 -2.551839
v 69.728043 14.379645 -2.551839
v 82.640831 14.379643 -2.551839
v 82.499413 14.238223 -2.551839
v 82.499413 14.238223 -2.679498
v 82.499413 6.051994 -2.551839
v 82.499413 6.051994 -2.679498
v 83.140831 5.410572 -2.351839
v 83.140831 14.879646 -2.351839
v 82.640831 5.910573 -2.351839
v 82.640831 14.379643 -2.351839
v 69.869469 6.051996 -2.551839
v 69.869469 6.051996 -2.679498
v 69.869469 14.238225 -2.551839
v 69.869469 14.238223 -2.679498
v 69.869469 14.238225 -2.551839
v 69.728043 14.379645 -2.551839
v 69.869469 6.051996 -2.551839
v 69.728043 5.910575 -2.551839
v 82.640831 14.379643 -2.351839
v 69.728043 14.379645 -2.351839
v 82.640831 14.379643 -2.551839
v 69.728043 14.379645 -2.551839
v 69.728043 14.379645 -2.551839
v 69.728043 14.379645 -2.351839
v 69.728043 5.910575 -2.551839
v 69.728043 5.910575 -2.351839
v 83.140831 14.879646 -2.854111
v 69.228043 14.879646 -2.854111
v 83.140831 14.879646 -2.351839
v 69.228043 14.879646 -2.351839
v 69.228043 14.879646 -2.351839
v 69.728043 14.379645 -2.351839
v 83.140831 14.879646 -2.351839
v 82.640831 14.379643 -2.351839
v 69.228043 14.879646 -2.351839
v 69.228043 5.410572 -2.351839
v 69.728043 14.379645 -2.351839
v 69.728043 5.910575 -2.351839
v 69.228043 5.410572 -2.351839
v 69.228043 14.879646 -2.351839
v 69.228043 5.410572 -2.854111
v 69.228043 14.879646 -2.854111
v 75.954063 14.238223 -2.679498
v 75.954063 6.051994 -2.679498
v 75.954063 14.238223 -2.551839
v 75.954063 6.051994 -2.551839
v 82.499413 6.051994 -2.551839
v 82.640831 5.910573 -2.551839
v 82.499413 14.238223 -2.551839
v 82.640831 14.379643 -2.551839
v 75.954063 14.238223 -2.551839
v 75.954063 6.051994 -2.551839
v 76.414803 14.238223 -2.551839
v 76.414803 6.051994 -2.551839
v 82.640831 5.910573 -2.551839
v 82.640831 5.910573 -2.351839
v 82.640831 14.379643 -2.551839
v 82.640831 14.379643 -2.351839
v 82.499413 6.051994 -2.551839
v 69.869469 6.051996 -2.551839
v 82.640831 5.910573 -2.551839
v 69.728043 5.910575 -2.551839
v 69.728043 5.910575 -2.351839
v 82.640831 5.910573 -2.351839
v 69.728043 5.910575 -2.551839
v 82.640831 5.910573 -2.551839
v 59.191975 14.879646 -2.854111
v 45.279179 14.879646 -2.854111
v 59.191975 14.879646 -2.351839
v 45.279182 14.879646 -2.351839
v 45.279182 14.879646 -2.351839
v 45.779182 14.379645 -2.351839
v 59.191975 14.879646 -2.351839
v 58.691975 14.379643 -2.351839
v 52.005207 6.051996 -2.551839
v 52.005207 14.238223 -2.551839
v 52.005207 6.051996 -2.679498
v 52.005207 14.238223 -2.679498
v 58.550549 6.051994 -2.551839
v 45.920605 6.051996 -2.551839
v 58.691975 5.910573 -2.551839
v 45.779182 5.910574 -2.551839
v 45.279182 14.879646 -2.351839
v 45.279182 5.410572 -2.351839
v 45.779182 14.379645 -2.351839
v 45.779182 5.910574 -2.351839
v 58.550549 14.238222 -2.551839
v 58.550549 14.238223 -2.679498
v 58.550549 6.051994 -2.551839
v 58.550549 6.051994 -2.679498
v 58.550549 6.051994 -2.551839
v 58.691975 5.910573 -2.551839
v 58.550549 14.238222 -2.551839
v 58.691975 14.379643 -2.551839
v 45.779182 5.910574 -2.351839
v 58.691975 5.910573 -2.351839
v 45.779182 5.910574 -2.551839
v 58.691975 5.910573 -2.551839
v 58.691975 5.910573 -2.551839
v 58.691975 5.910573 -2.351839
v 58.691975 14.379643 -2.551839
v 58.691975 14.379643 -2.351839
v 45.279182 5.410572 -2.854111
v 59.191975 5.410572 -2.854111
v 45.279182 5.410572 -2.351839
v 59.191975 5.410572 -2.351839
v 59.191975 5.410572 -2.351839
v 58.691975 5.910573 -2.351839
v 45.279182 5.410572 -2.351839
v 45.779182 5.910574 -2.351839
v 59.191975 5.410572 -2.351839
v 59.191975 14.879646 -2.351839
v 58.691975 5.910573 -2.351839
v 58.691975 14.379643 -2.351839
v 59.191975 14.879646 -2.351839
v 59.191975 5.410572 -2.351839
v 59.191975 14.879646 -2.854111
v 59.191975 5.410572 -2.854111
v 52.465950 6.051996 -2.679498
v 52.465950 14.238223 -2.679498
v 52.465950 6.051996 -2.551839
v 52.465950 14.238223 -2.551839
v 45.920605 14.238225 -2.551839
v 45.779182 14.379645 -2.551839
v 45.920605 6.051996 -2.551839
v 45.779182 5.910574 -2.551839
v 52.465950 6.051996 -2.551839
v 52.465950 14.238223 -2.551839
v 52.005207 6.051996 -2.551839
v 52.005207 14.238223 -2.551839
v 45.779182 14.379645 -2.551839
v 45.779182 14.379645 -2.351839
v 45.779182 5.910574 -2.551839
v 45.779182 5.910574 -2.351839
v 45.920605 14.238225 -2.551839
v 58.550549 14.238222 -2.551839
v 45.779182 14.379645 -2.551839
v 58.691975 14.379643 -2.551839
v 58.691975 14.379643 -2.351839
v 45.779182 14.379645 -2.351839
v 58.691975 14.379643 -2.551839
v 45.779182 14.379645 -2.551839
v 30.638556 5.410573 -16.992460
v 30.638556 5.910574 -17.492462
v 30.638556 5.410573 -30.905256
v 30.638556 5.910575 -30.405256
v 30.838556 14.238223 -23.718491
v 30.838556 6.051996 -23.718491
v 30.966215 14.238223 -23.718491
v 30.966215 6.051996 -23.718491
v 30.838556 14.238225 -30.263834
v 30.838556 14.238223 -17.633886
v 30.838556 14.379646 -30.405256
v 30.838556 14.379645 -17.492462
v 30.838556 14.238223 -17.633886
v 30.838556 14.238225 -30.263834
v 30.966215 14.238223 -17.633886
v 30.966215 14.238225 -30.263834
v 30.638556 5.410573 -16.992460
v 30.638556 14.879648 -16.992462
v 30.638556 5.910574 -17.492462
v 30.638556 14.379645 -17.492462
v 30.838556 14.238225 -30.263834
v 30.838556 14.379646 -30.405256
v 30.838556 6.051997 -30.263830
v 30.838556 5.910575 -30.405256
v 30.638556 14.379645 -17.492462
v 30.638556 14.379646 -30.405256
v 30.838556 14.379645 -17.492462
v 30.838556 14.379646 -30.405256
v 30.838556 14.379646 -30.405256
v 30.638556 14.379646 -30.405256
v 30.838556 5.910575 -30.405256
v 30.638556 5.910575 -30.405256
v 31.140827 14.879648 -16.992462
v 31.140827 14.879648 -30.905258
v 30.638556 14.879648 -16.992462
v 30.638556 14.879648 -30.905258
v 30.638556 14.879648 -30.905258
v 30.638556 14.379646 -30.405256
v 30.638556 14.879648 -16.992462
v 30.638556 14.379645 -17.492462
v 30.638556 14.879648 -30.905258
v 30.638556 5.410573 -30.905256
v 30.638556 14.379646 -30.405256
v 30.638556 5.910575 -30.405256
v 30.638556 5.410573 -30.905256
v 30.638556 14.879648 -30.905258
v 31.140827 5.410573 -30.905256
v 31.140827 14.879648 -30.905258
v 30.966215 14.238223 -24.179228
v 30.966215 6.051996 -24.179228
v 30.838556 14.238223 -24.179228
v 30.838556 6.051996 -24.179228
v 30.838556 6.051995 -17.633886
v 30.838556 5.910574 -17.492462
v 30.838556 14.238223 -17.633886
v 30.838556 14.379645 -17.492462
v 30.838556 14.238223 -24.179228
v 30.838556 6.051996 -24.179228
v 30.838556 14.238223 -23.718491
v 30.838556 6.051996 -23.718491
v 30.838556 5.910574 -17.492462
v 30.638556 5.910574 -17.492462
v 30.838556 14.379645 -17.492462
v 30.638556 14.379645 -17.492462
v 30.838556 6.051995 -17.633886
v 30.838556 6.051997 -30.263830
v 30.838556 5.910574 -17.492462
v 30.838556 5.910575 -30.405256
v 30.638556 5.910575 -30.405256
v 30.638556 5.910574 -17.492462
v 30.838556 5.910575 -30.405256
v 30.838556 5.910574 -17.492462
v 31.140827 14.879648 -40.941319
v 31.140827 14.879648 -54.854115
v 30.638556 14.879648 -40.941319
v 30.638556 14.879648 -54.854115
v 30.638556 14.879648 -54.854115
v 30.638556 14.379646 -54.354115
v 30.638556 14.879648 -40.941319
v 30.638556 14.379645 -41.441319
v 30.838556 6.051997 -48.128086
v 30.838556 14.238225 -48.128082
v 30.966215 6.051997 -48.128086
v 30.966215 14.238225 -48.128082
v 30.638556 5.410572 -54.854115
v 30.638556 14.879648 -54.854115
v 31.140827 5.410572 -54.854115
v 31.140827 14.879648 -54.854115
v 30.838556 6.051995 -41.582745
v 30.838556 6.051997 -54.212688
v 30.838556 5.910573 -41.441319
v 30.838556 5.910575 -54.354115
v 30.838556 6.051997 -54.212688
v 30.966215 6.051997 -54.212688
v 30.838556 14.238225 -54.212688
v 30.966215 14.238225 -54.212688
v 30.638556 14.879648 -54.854115
v 30.638556 5.410572 -54.854115
v 30.638556 14.379646 -54.354115
v 30.638556 5.910575 -54.354115
v 30.838556 14.238223 -41.582745
v 30.966215 14.238223 -41.582745
v 30.838556 6.051995 -41.582745
v 30.966215 6.051996 -41.582745
v 30.838556 6.051995 -41.582745
v 30.838556 5.910573 -41.441319
v 30.838556 14.238223 -41.582745
v 30.838556 14.379645 -41.441319
v 30.638556 5.910575 -54.354115
v 30.638556 5.910573 -41.441319
v 30.838556 5.910575 -54.354115
v 30.838556 5.910573 -41.441319
v 30.838556 5.910573 -41.441319
v 30.638556 5.910573 -41.441319
v 30.838556 14.379645 -41.441319
v 30.638556 14.379645 -41.441319
v 31.140827 5.410572 -54.854115
v 31.140827 5.410572 -40.941319
v 30.638556 5.410572 -54.854115
v 30.638556 5.410572 -40.941319
v 30.638556 5.410572 -40.941319
v 30.638556 5.910573 -41.441319
v 30.638556 5.410572 -54.854115
v 30.638556 5.910575 -54.354115
v 30.638556 5.410572 -40.941319
v 30.638556 14.879648 -40.941319
v 30.638556 5.910573 -41.441319
v 30.638556 14.379645 -41.441319
v 30.638556 14.879648 -40.941319
v 30.638556 5.410572 -40.941319
v 31.140827 14.879648 -40.941319
v 31.140827 5.410572 -40.941319
v 30.966215 6.051997 -47.667347
v 30.966215 14.238225 -47.667347
v 30.838556 6.051997 -47.667347
v 30.838556 14.238225 -47.667347
v 30.838556 14.238225 -54.212688
v 30.838556 14.379646 -54.354115
v 30.838556 6.051997 -54.212688
v 30.838556 5.910575 -54.354115
v 30.838556 6.051997 -47.667347
v 30.838556 14.238225 -47.667347
v 30.838556 6.051997 -48.128086
v 30.838556 14.238225 -48.128082
v 30.838556 14.379646 -54.354115
v 30.638556 14.379646 -54.354115
v 30.838556 5.910575 -54.354115
v 30.638556 5.910575 -54.354115
v 30.838556 14.238225 -54.212688
v 30.838556 14.238223 -41.582745
v 30.838556 14.379646 -54.354115
v 30.838556 14.379645 -41.441319
v 30.838556 14.238223 -41.582745
v 30.838556 14.238225 -54.212688
v 30.966215 14.238223 -41.582745
v 30.966215 14.238225 -54.212688
v 30.638556 14.379645 -41.441319
v 30.638556 14.379646 -54.354115
v 30.838556 14.379645 -41.441319
v 30.838556 14.379646 -54.354115
v -31.140827 14.879646 -54.854115
v -31.140827 14.879646 -40.941319
v -30.638556 14.879646 -54.854115
v -30.638556 14.879646 -40.941319
v -30.638556 14.879646 -40.941319
v -30.638556 14.379645 -41.441319
v -30.638556 14.879646 -54.854115
v -30.638556 14.379643 -54.354115
v -30.838556 6.051996 -47.667347
v -30.838556 14.238223 -47.667347
v -30.966215 6.051996 -47.667347
v -30.966215 14.238223 -47.667347
v -30.638556 5.410572 -40.941319
v -30.638556 14.879646 -40.941319
v -31.140827 5.410572 -40.941319
v -31.140827 14.879646 -40.941319
v -30.838556 6.051994 -54.212688
v -30.838556 6.051996 -41.582745
v -30.838556 5.910573 -54.354115
v -30.838556 5.910574 -41.441319
v -30.838556 6.051996 -41.582745
v -30.966215 6.051996 -41.582745
v -30.838556 14.238225 -41.582745
v -30.966215 14.238223 -41.582745
v -30.638556 14.879646 -40.941319
v -30.638556 5.410572 -40.941319
v -30.638556 14.379645 -41.441319
v -30.638556 5.910574 -41.441319
v -30.838556 14.238222 -54.212688
v -30.966215 14.238223 -54.212688
v -30.838556 6.051994 -54.212688
v -30.966215 6.051994 -54.212688
v -30.838556 6.051994 -54.212688
v -30.838556 5.910573 -54.354115
v -30.838556 14.238222 -54.212688
v -30.838556 14.379643 -54.354115
v -30.638556 5.910574 -41.441319
v -30.638556 5.910573 -54.354115
v -30.838556 5.910574 -41.441319
v -30.838556 5.910573 -54.354115
v -30.838556 5.910573 -54.354115
v -30.638556 5.910573 -54.354115
v -30.838556 14.379643 -54.354115
v -30.638556 14.379643 -54.354115
v -31.140827 5.410572 -40.941319
v -31.140827 5.410572 -54.854115
v -30.638556 5.410572 -40.941319
v -30.638556 5.410572 -54.854115
v -30.638556 5.410572 -54.854115
v -30.638556 5.910573 -54.354115
v -30.638556 5.410572 -40.941319
v -30.638556 5.910574 -41.441319
v -30.638556 5.410572 -54.854115
v -30.638556 14.879646 -54.854115
v -30.638556 5.910573 -54.354115
v -30.638556 14.379643 -54.354115
v -30.638556 14.879646 -54.854115
v -30.638556 5.410572 -54.854115
v -31.140827 14.879646 -54.854115
v -31.140827 5.410572 -54.854115
v -30.966215 6.051996 -48.128082
v -30.966215 14.238223 -48.128086
v -30.838556 6.051996 -48.128082
v -30.838556 14.238223 -48.128086
v -30.838556 14.238225 -41.582745
v -30.838556 14.379645 -41.441319
v -30.838556 6.051996 -41.582745
v -30.838556 5.910574 -41.441319
v -30.838556 6.051996 -48.128082
v -30.838556 14.238223 -48.128086
v -30.838556 6.051996 -47.667347
v -30.838556 14.238223 -47.667347
v -30.838556 14.379645 -41.441319
v -30.638556 14.379645 -41.441319
v -30.838556 5.910574 -41.441319
v -30.638556 5.910574 -41.441319
v -30.838556 14.238225 -41.582745
v -30.838556 14.238222 -54.212688
v -30.838556 14.379645 -41.441319
v -30.838556 14.379643 -54.354115
v -30.638556 14.379643 -54.354115
v -30.638556 14.379645 -41.441319
v -30.838556 14.379643 -54.354115
v -30.838556 14.379645 -41.441319
v -30.638556 5.410572 -30.905256
v -30.638556 5.910573 -30.405256
v -30.638556 5.410572 -16.992460
v -30.638556 5.910575 -17.492460
v -30.838556 14.238223 -24.179228
v -30.838556 6.051994 -24.179226
v -30.966215 14.238223 -24.179228
v -30.966215 6.051994 -24.179226
v -30.638556 14.879646 -30.905256
v -30.638556 5.410572 -30.905256
v -31.140827 14.879646 -30.905256
v -31.140827 5.410572 -30.905256
v -30.838556 14.238225 -17.633884
v -30.838556 14.238223 -30.263830
v -30.838556 14.379645 -17.492460
v -30.838556 14.379643 -30.405256
v -30.838556 14.238223 -30.263830
v -30.966215 14.238223 -30.263830
v -30.838556 6.051994 -30.263830
v -30.966215 6.051994 -30.263830
v -30.638556 5.410572 -30.905256
v -30.638556 14.879646 -30.905256
v -30.638556 5.910573 -30.405256
v -30.638556 14.379643 -30.405256
v -30.838556 14.238225 -17.633884
v -30.838556 14.379645 -17.492460
v -30.838556 6.051996 -17.633886
v -30.838556 5.910575 -17.492460
v -30.638556 14.379643 -30.405256
v -30.638556 14.379645 -17.492460
v -30.838556 14.379643 -30.405256
v -30.838556 14.379645 -17.492460
v -30.838556 14.379645 -17.492460
v -30.638556 14.379645 -17.492460
v -30.838556 5.910575 -17.492460
v -30.638556 5.910575 -17.492460
v -31.140827 14.879646 -30.905256
v -31.140827 14.879646 -16.992460
v -30.638556 14.879646 -30.905256
v -30.638556 14.879646 -16.992460
v -30.638556 14.879646 -16.992460
v -30.638556 14.379645 -17.492460
v -30.638556 14.879646 -30.905256
v -30.638556 14.379643 -30.405256
v -30.638556 14.879646 -16.992460
v -30.638556 5.410572 -16.992460
v -30.638556 14.379645 -17.492460
v -30.638556 5.910575 -17.492460
v -30.638556 5.410572 -16.992460
v -30.638556 14.879646 -16.992460
v -31.140827 5.410572 -16.992460
v -31.140827 14.879646 -16.992460
v -30.966215 14.238223 -23.718489
v -30.966215 6.051994 -23.718489
v -30.838556 14.238223 -23.718489
v -30.838556 6.051994 -23.718489
v -30.838556 6.051994 -30.263830
v -30.838556 5.910573 -30.405256
v -30.838556 14.238223 -30.263830
v -30.838556 14.379643 -30.405256
v -30.838556 14.238223 -23.718489
v -30.838556 6.051994 -23.718489
v -30.838556 14.238223 -24.179228
v -30.838556 6.051994 -24.179226
v -30.838556 5.910573 -30.405256
v -30.638556 5.910573 -30.405256
v -30.838556 14.379643 -30.405256
v -30.638556 14.379643 -30.405256
v -30.838556 6.051994 -30.263830
v -30.838556 6.051996 -17.633886
v -30.838556 5.910573 -30.405256
v -30.838556 5.910575 -17.492460
v -30.638556 5.910575 -17.492460
v -30.638556 5.910573 -30.405256
v -30.838556 5.910575 -17.492460
v -30.838556 5.910573 -30.405256
v -31.140827 14.879646 -6.956397
v -31.140827 14.879646 6.956399
v -30.638556 14.879646 -6.956397
v -30.638556 14.879646 6.956398
v -30.638556 14.879646 6.956398
v -30.638556 14.379645 6.456397
v -30.638556 14.879646 -6.956397
v -30.638556 14.379643 -6.456397
v -30.838556 6.051996 0.230369
v -30.838556 14.238223 0.230368
v -30.966215 6.051996 0.230369
v -30.966215 14.238223 0.230368
v -30.838556 6.051994 -6.314973
v -30.838556 6.051996 6.314972
v -30.838556 5.910573 -6.456397
v -30.838556 5.910574 6.456397
v -30.638556 14.879646 6.956398
v -30.638556 5.410572 6.956397
v -30.638556 14.379645 6.456397
v -30.638556 5.910574 6.456397
v -30.838556 6.051994 -6.314973
v -30.838556 5.910573 -6.456397
v -30.838556 14.238222 -6.314972
v -30.838556 14.379643 -6.456397
v -30.638556 5.910574 6.456397
v -30.638556 5.910573 -6.456397
v -30.838556 5.910574 6.456397
v -30.838556 5.910573 -6.456397
v -30.838556 5.910573 -6.456397
v -30.638556 5.910573 -6.456397
v -30.838556 14.379643 -6.456397
v -30.638556 14.379643 -6.456397
v -31.140827 5.410572 6.956397
v -31.140827 5.410572 -6.956398
v -30.638556 5.410572 6.956397
v -30.638556 5.410572 -6.956398
v -30.638556 5.410572 -6.956398
v -30.638556 5.910573 -6.456397
v -30.638556 5.410572 6.956397
v -30.638556 5.910574 6.456397
v -30.638556 5.410572 -6.956398
v -30.638556 14.879646 -6.956397
v -30.638556 5.910573 -6.456397
v -30.638556 14.379643 -6.456397
v -30.638556 14.879646 -6.956397
v -30.638556 5.410572 -6.956398
v -31.140827 14.879646 -6.956397
v -31.140827 5.410572 -6.956398
v -30.966215 6.051996 -0.230369
v -30.966215 14.238223 -0.230369
v -30.838556 6.051996 -0.230369
v -30.838556 14.238223 -0.230369
v -30.838556 14.238225 6.314974
v -30.838556 14.379645 6.456397
v -30.838556 6.051996 6.314972
v -30.838556 5.910574 6.456397
v -30.838556 6.051996 -0.230369
v -30.838556 14.238223 -0.230369
v -30.838556 6.051996 0.230369
v -30.838556 14.238223 0.230368
v -30.838556 14.379645 6.456397
v -30.638556 14.379645 6.456397
v -30.838556 5.910574 6.456397
v -30.638556 5.910574 6.456397
v -30.838556 14.238225 6.314974
v -30.838556 14.238222 -6.314972
v -30.838556 14.379645 6.456397
v -30.838556 14.379643 -6.456397
v -30.638556 14.379643 -6.456397
v -30.638556 14.379645 6.456397
v -30.838556 14.379643 -6.456397
v -30.838556 14.379645 6.456397
v -30.638556 5.410573 16.992460
v -30.638556 5.910574 17.492462
v -30.638556 5.410573 30.905256
v -30.638556 5.910575 30.405256
v -30.838556 14.238223 23.718491
v -30.838556 6.051996 23.718491
v -30.966215 14.238223 23.718491
v -30.966215 6.051996 23.718491
v -30.838556 14.238225 30.263834
v -30.838556 14.238223 17.633886
v -30.838556 14.379646 30.405256
v -30.838556 14.379645 17.492462
v -30.838556 14.238223 17.633886
v -30.838556 14.238225 30.263834
v -30.966215 14.238223 17.633886
v -30.966215 14.238225 30.263834
v -30.638556 5.410573 16.992460
v -30.638556 14.879648 16.992462
v -30.638556 5.910574 17.492462
v -30.638556 14.379645 17.492462
v -30.838556 14.238225 30.263834
v -30.838556 14.379646 30.405256
v -30.838556 6.051997 30.263830
v -30.838556 5.910575 30.405256
v -30.638556 14.379645 17.492462
v -30.638556 14.379646 30.405256
v -30.838556 14.379645 17.492462
v -30.838556 14.379646 30.405256
v -30.838556 14.379646 30.405256
v -30.638556 14.379646 30.405256
v -30.838556 5.910575 30.405256
v -30.638556 5.910575 30.405256
v -31.140827 14.879648 16.992462
v -31.140827 14.879648 30.905258
v -30.638556 14.879648 16.992462
v -30.638556 14.879648 30.905258
v -30.638556 14.879648 30.905258
v -30.638556 14.379646 30.405256
v -30.638556 14.879648 16.992462
v -30.638556 14.379645 17.492462
v -30.638556 14.879648 30.905258
v -30.638556 5.410573 30.905256
v -30.638556 14.379646 30.405256
v -30.638556 5.910575 30.405256
v -30.638556 5.410573 30.905256
v -30.638556 14.879648 30.905258
v -31.140827 5.410573 30.905256
v -31.140827 14.879648 30.905258
v -30.966215 14.238223 24.179228
v -30.966215 6.051996 24.179228
v -30.838556 14.238223 24.179228
v -30.838556 6.051996 24.179228
v -30.838556 6.051995 17.633886
v -30.838556 5.910574 17.492462
v -30.838556 14.238223 17.633886
v -30.838556 14.379645 17.492462
v -30.838556 14.238223 24.179228
v -30.838556 6.051996 24.179228
v -30.838556 14.238223 23.718491
v -30.838556 6.051996 23.718491
v -30.838556 5.910574 17.492462
v -30.638556 5.910574 17.492462
v -30.838556 14.379645 17.492462
v -30.638556 14.379645 17.492462
v -30.838556 6.051995 17.633886
v -30.838556 6.051997 30.263830
v -30.838556 5.910574 17.492462
v -30.838556 5.910575 30.405256
v -30.638556 5.910575 30.405256
v -30.638556 5.910574 17.492462
v -30.838556 5.910575 30.405256
v -30.838556 5.910574 17.492462
v -31.140827 14.879648 40.941319
v -31.140827 14.879648 54.854115
v -30.638556 14.879648 40.941319
v -30.638556 14.879648 54.854115
v -30.638556 14.879648 54.854115
v -30.638556 14.379646 54.354115
v -30.638556 14.879648 40.941319
v -30.638556 14.379645 41.441319
v -30.838556 6.051997 48.128086
v -30.838556 14.238225 48.128082
v -30.966215 6.051997 48.128086
v -30.966215 14.238225 48.128082
v -30.638556 5.410572 54.854115
v -30.638556 14.879648 54.854115
v -31.140827 5.410572 54.854115
v -31.140827 14.879648 54.854115
v -30.838556 6.051995 41.582745
v -30.838556 6.051997 54.212688
v -30.838556 5.910573 41.441319
v -30.838556 5.910575 54.354115
v -30.838556 6.051997 54.212688
v -30.966215 6.051997 54.212688
v -30.838556 14.238225 54.212688
v -30.966215 14.238225 54.212688
v -30.638556 14.879648 54.854115
v -30.638556 5.410572 54.854115
v -30.638556 14.379646 54.354115
v -30.638556 5.910575 54.354115
v -30.838556 14.238223 41.582745
v -30.966215 14.238223 41.582745
v -30.838556 6.051995 41.582745
v -30.966215 6.051996 41.582745
v -30.838556 6.051995 41.582745
v -30.838556 5.910573 41.441319
v -30.838556 14.238223 41.582745
v -30.838556 14.379645 41.441319
v -30.638556 5.910575 54.354115
v -30.638556 5.910573 41.441319
v -30.838556 5.910575 54.354115
v -30.838556 5.910573 41.441319
v -30.838556 5.910573 41.441319
v -30.638556 5.910573 41.441319
v -30.838556 14.379645 41.441319
v -30.638556 14.379645 41.441319
v -31.140827 5.410572 54.854115
v -31.140827 5.410572 40.941319
v -30.638556 5.410572 54.854115
v -30.638556 5.410572 40.941319
v -30.638556 5.410572 40.941319
v -30.638556 5.910573 41.441319
v -30.638556 5.410572 54.854115
v -30.638556 5.910575 54.354115
v -30.638556 5.410572 40.941319
v -30.638556 14.879648 40.941319
v -30.638556 5.910573 41.441319
v -30.638556 14.379645 41.441319
v -30.638556 14.879648 40.941319
v -30.638556 5.410572 40.941319
v -31.140827 14.879648 40.941319
v -31.140827 5.410572 40.941319
v -30.966215 6.051997 47.667347
v -30.966215 14.238225 47.667347
v -30.838556 6.051997 47.667347
v -30.838556 14.238225 47.667347
v -30.838556 14.238225 54.212688
v -30.838556 14.379646 54.354115
v -30.838556 6.051997 54.212688
v -30.838556 5.910575 54.354115
v -30.838556 6.051997 47.667347
v -30.838556 14.238225 47.667347
v -30.838556 6.051997 48.128086
v -30.838556 14.238225 48.128082
v -30.838556 14.379646 54.354115
v -30.638556 14.379646 54.354115
v -30.838556 5.910575 54.354115
v -30.638556 5.910575 54.354115
v -30.838556 14.238225 54.212688
v -30.838556 14.238223 41.582745
v -30.838556 14.379646 54.354115
v -30.838556 14.379645 41.441319
v -30.838556 14.238223 41.582745
v -30.838556 14.238225 54.212688
v -30.966215 14.238223 41.582745
v -30.966215 14.238225 54.212688
v -30.638556 14.379645 41.441319
v -30.638556 14.379646 54.354115
v -30.838556 14.379645 41.441319
v -30.838556 14.379646 54.354115
v 31.724859 11.643373 -53.990902
v 31.423365 11.643373 -53.990902
v 31.724859 11.447339 -53.593231
v 31.423365 11.447339 -53.593231
v 59.016785 12.583867 -3.119549
v 59.016731 12.584009 -3.420960
v 59.119900 12.719905 -3.119503
v 59.119843 12.720046 -3.420914
v 31.725000 6.550851 -54.198719
v 31.423588 6.550851 -54.198719
v 31.725000 6.526387 -54.502369
v 31.423588 6.526387 -54.502369
v 44.399338 9.125744 -3.420469
v 44.399338 9.125744 -3.118989
v 44.525337 11.071233 -3.420469
v 44.525337 11.071233 -3.118989
v 60.105629 8.402291 -3.420470
v 60.105629 8.402291 -3.118990
v 44.399338 9.125744 -3.420469
v 44.399338 9.125744 -3.118989
v 60.231628 10.347781 -3.420470
v 60.231628 10.347781 -3.118990
v 60.105629 8.402291 -3.420470
v 60.105629 8.402291 -3.118990
v 58.565235 10.424539 -3.118990
v 60.231628 10.347781 -3.118990
v 58.565235 10.424539 -3.420470
v 60.231628 10.347781 -3.420470
v 44.525337 11.071233 -3.420469
v 44.525337 11.071233 -3.118989
v 55.684093 10.557250 -3.420470
v 55.684093 10.557250 -3.118990
v 55.684093 10.557250 -3.118990
v 55.672955 10.385355 -3.118990
v 55.684093 10.557250 -3.420470
v 55.672955 10.385355 -3.420470
v 31.656265 7.212575 -16.063749
v 31.354776 7.212575 -16.065725
v 31.657034 5.266302 -16.180769
v 31.355545 5.266302 -16.182745
v 31.725004 11.085649 -16.535015
v 31.725004 9.568589 -16.409151
v 31.725004 9.873583 -31.144297
v 31.725004 8.356524 -31.018433
v 31.725004 11.085649 -16.535015
v 31.423508 11.085649 -16.535015
v 31.725004 9.568589 -16.409151
v 31.423508 9.568589 -16.409151
v 31.423508 9.873583 -31.144297
v 31.423508 11.085649 -16.535015
v 31.725004 9.873583 -31.144297
v 31.725004 11.085649 -16.535015
v 31.725004 8.356524 -31.018433
v 31.423508 8.356524 -31.018433
v 31.725004 9.873583 -31.144297
v 31.423508 9.873583 -31.144297
v 31.725004 9.568589 -16.409151
v 31.423508 9.568589 -16.409151
v 31.725004 8.356524 -31.018433
v 31.423508 8.356524 -31.018433
v 31.423508 8.356524 -31.018433
v 31.423508 9.568589 -16.409151
v 31.423508 9.873583 -31.144297
v 31.423508 11.085649 -16.535015
v 31.423588 8.907372 -40.239613
v 31.725000 8.907372 -40.239613
v 31.423590 7.949722 -55.927193
v 31.725000 7.949722 -55.927193
v 31.423588 6.259477 -53.822712
v 31.725000 6.259477 -53.822712
v 31.423588 6.125068 -53.814510
v 31.725000 6.125068 -53.814510
v 31.423365 11.723868 -55.815456
v 31.724859 11.723868 -55.815456
v 31.423365 9.775025 -55.876171
v 31.724859 9.775025 -55.876171
v 31.724859 11.643373 -53.990902
v 31.724859 11.723868 -55.815456
v 31.423365 11.643373 -53.990902
v 31.423365 11.723868 -55.815456
v 59.319820 8.063368 -3.438287
v 59.319820 8.063368 -3.136791
v 59.416180 6.544149 -3.438286
v 59.416180 6.544149 -3.136791
v 44.689743 7.135417 -3.136791
v 59.319820 8.063368 -3.136791
v 44.689743 7.135417 -3.438286
v 59.319820 8.063368 -3.438287
v 44.786102 5.616199 -3.438286
v 44.786102 5.616199 -3.136790
v 44.689743 7.135417 -3.438286
v 44.689743 7.135417 -3.136791
v 59.416180 6.544149 -3.438286
v 59.416180 6.544149 -3.136791
v 44.786102 5.616199 -3.438286
v 44.786102 5.616199 -3.136790
v 31.423508 13.348618 -55.349689
v 31.423508 11.844012 -55.118439
v 31.423508 15.575561 -40.860348
v 31.423508 14.070955 -40.629101
v 31.423508 13.348618 -55.349689
v 31.725004 13.348618 -55.349689
v 31.423508 11.844012 -55.118439
v 31.725004 11.844012 -55.118439
v 31.725006 15.575561 -40.860348
v 31.725004 13.348618 -55.349689
v 31.423508 15.575561 -40.860348
v 31.423508 13.348618 -55.349689
v 31.725000 7.480411 -40.152504
v 31.725000 7.488129 -40.342815
v 31.423588 7.480411 -40.152504
v 31.423588 7.488129 -40.342815
v 31.423588 7.488129 -40.342815
v 31.725000 7.488129 -40.342815
v 31.423588 7.704428 -40.509247
v 31.725000 7.704428 -40.509247
v 31.423588 7.704428 -40.509247
v 31.725000 7.704428 -40.509247
v 31.423588 8.024251 -40.422451
v 31.725000 8.024251 -40.422451
v 31.423588 8.024251 -40.422451
v 31.725000 8.024251 -40.422451
v 31.423588 8.370582 -40.206844
v 31.725000 8.370582 -40.206844
v 31.725000 8.370582 -40.206844
v 31.725000 8.907372 -40.239613
v 31.423588 8.370582 -40.206844
v 31.423588 8.907372 -40.239613
v -12.328578 6.439941 60.118999
v -26.817917 8.666884 60.118999
v -12.559828 4.935337 60.118999
v -27.049164 7.162280 60.118999
v -12.328578 6.439941 60.118999
v -12.328578 6.439941 59.817505
v -26.817917 8.666884 60.118999
v -26.817917 8.666884 59.817505
v -26.817917 8.666884 60.118999
v -26.817917 8.666884 59.817505
v -27.049164 7.162280 60.118999
v -27.049164 7.162280 59.817505
v -12.328578 6.439941 59.817505
v -12.559828 4.935337 59.817505
v -26.817917 8.666884 59.817505
v -27.049164 7.162280 59.817505
v -2.717909 12.154373 59.817505
v 11.891372 10.942307 59.817505
v -2.843773 10.637314 59.817505
v 11.765508 9.425248 59.817505
v -2.717909 12.154373 59.817505
v -2.717909 12.154373 60.118999
v 11.891372 10.942307 59.817505
v 11.891372 10.942307 60.118999
v -2.843773 10.637314 59.817505
v -2.843773 10.637314 60.118999
v -2.717909 12.154373 59.817505
v -2.717909 12.154373 60.118999
v -2.843773 10.637314 59.817505
v 11.765508 9.425248 59.817505
v -2.843773 10.637314 60.118999
v 11.765508 9.425248 60.118999
v 11.891372 10.942307 59.817505
v 11.891372 10.942307 60.118999
v 11.765508 9.425248 59.817505
v 11.765508 9.425248 60.118999
v -2.717909 12.154373 60.118999
v -2.843773 10.637314 60.118999
v 11.891372 10.942307 60.118999
v 11.765508 9.425248 60.118999
v -27.061573 13.882792 59.817585
v -27.061573 13.882792 60.118999
v -26.319929 13.861241 59.817585
v -26.319929 13.861241 60.118999
v -27.061573 13.882792 60.118999
v -27.061573 13.882792 59.817585
v -27.451391 13.799840 60.118999
v -27.451391 13.799840 59.817585
v -26.319929 13.861241 59.817585
v -26.319929 13.861241 60.118999
v -26.201847 13.984509 59.817585
v -26.201847 13.984509 60.118999
v -26.201847 13.984509 59.817585
v -26.201847 13.984509 60.118999
v -25.898193 13.960047 59.817585
v -25.898193 13.960047 60.118999
v -27.626667 12.561175 60.118999
v -27.626667 12.561175 59.817585
v -11.939089 11.603525 60.118999
v -11.939089 11.603525 59.817585
v -25.898193 13.960047 59.817585
v -25.898193 13.960047 60.118999
v -25.847437 14.211963 59.817585
v -25.847437 14.211963 60.118999
v -11.939089 11.603525 59.817585
v -11.906321 12.140315 59.817585
v -11.939089 11.603525 60.118999
v -11.906321 12.140315 60.118999
v -25.847437 14.211963 59.817585
v -25.847437 14.211963 60.118999
v -25.522190 14.251419 59.817585
v -25.522190 14.251419 60.118999
v -11.906321 12.140315 60.118999
v -11.906321 12.140315 59.817585
v -12.121929 12.486646 60.118999
v -12.121929 12.486646 59.817585
v -25.522190 14.251419 59.817585
v -25.522190 14.251419 60.118999
v -25.513983 14.385829 59.817585
v -25.513983 14.385829 60.118999
v -12.121929 12.486646 60.118999
v -12.121929 12.486646 59.817585
v -12.208724 12.806468 60.118999
v -12.208724 12.806468 59.817585
v -25.513983 14.385829 60.118999
v -11.820272 13.549895 60.118999
v -25.513983 14.385829 59.817585
v -11.820272 13.549895 59.817585
v -12.208724 12.806468 60.118999
v -12.208724 12.806468 59.817585
v -12.042295 13.022768 60.118999
v -12.042295 13.022768 59.817585
v -11.820272 13.549895 59.817585
v -11.820272 13.549895 60.118999
v -11.851980 13.030486 59.817585
v -11.851980 13.030486 60.118999
v -12.042295 13.022768 59.817585
v -11.851980 13.030486 59.817585
v -12.042295 13.022768 60.118999
v -11.851980 13.030486 60.118999
v -27.575651 10.735871 60.118862
v -27.575651 10.735871 59.817364
v -27.514933 8.787028 60.118862
v -27.514933 8.787028 59.817364
v 12.400273 7.236051 60.180141
v 12.402469 7.236530 59.878670
v 12.262362 9.180732 60.182220
v 12.264559 9.181211 59.880749
v 12.235910 13.298320 60.118999
v 12.235910 13.298320 59.817505
v 12.118888 15.244594 60.118999
v 12.118888 15.244594 59.817505
v 6.857657 13.214469 60.118999
v 6.857657 13.214469 59.817505
v 9.997737 13.371314 60.118999
v 9.997737 13.371314 59.817505
v 68.915817 14.070956 60.118999
v 83.405159 11.844013 60.118999
v 69.147064 15.575561 60.118999
v 83.636406 13.348618 60.118999
v 68.915817 14.070956 60.118999
v 68.915817 14.070956 59.817505
v 83.405159 11.844013 60.118999
v 83.405159 11.844013 59.817505
v 69.147064 15.575561 60.118999
v 69.147064 15.575561 59.817505
v 68.915817 14.070956 60.118999
v 68.915817 14.070956 59.817505
v 69.147064 15.575561 60.118999
v 83.636406 13.348618 60.118999
v 69.147064 15.575561 59.817505
v 83.636406 13.348618 59.817505
v 83.405159 11.844013 60.118999
v 83.405159 11.844013 59.817505
v 83.636406 13.348618 60.118999
v 83.636406 13.348618 59.817505
v 68.915817 14.070956 59.817505
v 69.147064 15.575561 59.817505
v 83.405159 11.844013 59.817505
v 83.636406 13.348618 59.817505
v 35.736191 5.616199 59.817505
v 21.106115 6.544149 59.817505
v 35.832550 7.135418 59.817505
v 21.202475 8.063368 59.817505
v 35.736191 5.616199 59.817505
v 35.736191 5.616199 60.118999
v 21.106115 6.544149 59.817505
v 21.106115 6.544149 60.118999
v 35.832550 7.135418 59.817505
v 35.832550 7.135418 60.118999
v 35.736191 5.616199 59.817505
v 35.736191 5.616199 60.118999
v 35.832550 7.135418 59.817505
v 21.202475 8.063368 59.817505
v 35.832550 7.135418 60.118999
v 21.202475 8.063368 60.118999
v 21.106115 6.544149 59.817505
v 21.106115 6.544149 60.118999
v 21.202475 8.063368 59.817505
v 21.202475 8.063368 60.118999
v 35.736191 5.616199 60.118999
v 35.832550 7.135418 60.118999
v 21.106115 6.544149 60.118999
v 21.202475 8.063368 60.118999
v 59.305145 8.356524 59.817505
v 44.695869 9.568590 59.817505
v 59.431011 9.873584 59.817505
v 44.821732 11.085649 59.817505
v 59.305145 8.356524 59.817505
v 59.305145 8.356524 60.118999
v 44.695869 9.568590 59.817505
v 44.695869 9.568590 60.118999
v 44.695869 9.568590 59.817505
v 44.695869 9.568590 60.118999
v 44.821732 11.085649 59.817505
v 44.821732 11.085649 60.118999
v 59.305145 8.356524 60.118999
v 59.431011 9.873583 60.118999
v 44.695869 9.568590 60.118999
v 44.821732 11.085649 60.118999
v 21.957058 10.424540 59.804016
v 20.290667 10.347781 59.804016
v 21.957058 10.424540 60.105499
v 20.290667 10.347781 60.105499
v 20.290667 10.347781 60.105499
v 20.290667 10.347781 59.804016
v 20.416666 8.402292 60.105499
v 20.416666 8.402292 59.804016
v 24.537569 10.269762 59.804016
v 24.537569 10.269762 60.105499
v 24.849337 10.385356 59.804016
v 24.849337 10.385356 60.105499
v 20.416666 8.402292 60.105499
v 20.416666 8.402292 59.804016
v 36.122959 9.125744 60.105499
v 36.122959 9.125744 59.804016
v 24.849337 10.385356 60.105499
v 24.838203 10.557250 60.105499
v 24.849337 10.385356 59.804016
v 24.838203 10.557250 59.804016
v 35.996960 11.071234 59.804016
v 35.996960 11.071234 60.105499
v 36.122959 9.125744 59.804016
v 36.122959 9.125744 60.105499
v 24.838203 10.557250 59.804016
v 24.838203 10.557250 60.105499
v 35.996960 11.071234 59.804016
v 35.996960 11.071234 60.105499
v 20.663239 12.783977 60.123363
v 20.663212 12.783834 59.821957
v 21.402439 12.720047 60.123329
v 21.402411 12.719905 59.821918
v 21.402439 12.720047 60.123329
v 21.402411 12.719905 59.821918
v 21.505552 12.584010 60.123383
v 21.505526 12.583867 59.821972
v 83.648811 6.628105 59.817585
v 83.648811 6.628105 60.118999
v 82.907166 6.649657 59.817585
v 82.907166 6.649657 60.118999
v 83.648811 6.628105 60.118999
v 83.648811 6.628105 59.817585
v 84.038628 6.711057 60.118999
v 84.038628 6.711057 59.817585
v 82.907166 6.649657 59.817585
v 82.907166 6.649657 60.118999
v 82.789085 6.526387 59.817585
v 82.789085 6.526387 60.118999
v 82.789085 6.526387 59.817585
v 82.789085 6.526387 60.118999
v 82.485435 6.550851 59.817585
v 82.485435 6.550851 60.118999
v 84.213905 7.949722 60.118999
v 84.213905 7.949722 59.817585
v 68.526329 8.907372 60.118999
v 68.526329 8.907372 59.817585
v 82.485435 6.550851 59.817585
v 82.485435 6.550851 60.118999
v 82.434677 6.298934 59.817585
v 82.434677 6.298934 60.118999
v 68.526329 8.907372 59.817585
v 68.493561 8.370582 59.817585
v 68.526329 8.907372 60.118999
v 68.493561 8.370582 60.118999
v 82.434677 6.298934 59.817585
v 82.434677 6.298934 60.118999
v 82.109428 6.259477 59.817585
v 82.109428 6.259477 60.118999
v 68.493561 8.370582 60.118999
v 68.493561 8.370582 59.817585
v 68.709167 8.024252 60.118999
v 68.709167 8.024252 59.817585
v 82.109428 6.259477 59.817585
v 82.109428 6.259477 60.118999
v 82.101219 6.125068 59.817585
v 82.101219 6.125068 60.118999
v 68.709167 8.024252 60.118999
v 68.709167 8.024252 59.817585
v 68.795959 7.704429 60.118999
v 68.795959 7.704429 59.817585
v 82.101219 6.125068 60.118999
v 68.407516 6.961002 60.118999
v 82.101219 6.125068 59.817585
v 68.407516 6.961002 59.817585
v 68.795959 7.704429 60.118999
v 68.795959 7.704429 59.817585
v 68.629539 7.488130 60.118999
v 68.629539 7.488130 59.817585
v 68.407516 6.961002 59.817585
v 68.407516 6.961002 60.118999
v 68.439224 7.480412 59.817585
v 68.439224 7.480412 60.118999
v 68.629539 7.488130 59.817585
v 68.439224 7.480412 59.817585
v 68.629539 7.488130 60.118999
v 68.439224 7.480412 60.118999
v 84.162895 9.775026 60.118862
v 84.162895 9.775026 59.817364
v 84.102173 11.723868 60.118862
v 84.102173 11.723868 59.817364
v 55.311352 14.272552 60.120129
v 55.323536 14.100730 60.120419
v 55.311703 14.272075 59.818653
v 55.323883 14.100252 59.818939
v 55.323883 14.100252 59.818939
v 55.323536 14.100730 60.120419
v 55.648407 14.027822 59.819427
v 55.648060 14.028299 60.120907
v 44.323307 11.330165 60.112179
v 44.323654 11.329687 59.810696
v 59.983406 12.734466 60.127941
v 59.983753 12.733987 59.826458
v 44.351330 7.212576 60.118999
v 44.351330 7.212576 59.817505
v 44.468349 5.266303 60.118999
v 44.468349 5.266303 59.817505
v 49.729580 7.296428 60.118999
v 49.729580 7.296428 59.817505
v 46.589504 7.139584 60.118999
v 46.589504 7.139584 59.817505
v 44.351330 7.212576 60.118999
v 46.175632 7.298585 60.118999
v 44.351330 7.212576 59.817505
v 46.175632 7.298585 59.817505
v 46.589504 7.139584 60.118999
v 46.589504 7.139584 59.817505
v 46.175632 7.298585 60.118999
v 46.175632 7.298585 59.817505
v -12.654601 14.879646 58.925274
v -13.154602 14.379645 58.925274
v -26.567396 14.879646 58.925274
v -26.067396 14.379643 58.925274
v -26.567396 14.879646 58.925274
v -26.567396 5.410572 58.925274
v -26.567396 14.879646 59.427547
v -26.567396 5.410572 59.427547
v -12.654601 14.879646 58.925274
v -12.654602 5.410572 58.925274
v -13.154602 14.379645 58.925274
v -13.154602 5.910575 58.925274
v -26.567396 5.410572 58.925274
v -26.567396 14.879646 58.925274
v -26.067396 5.910573 58.925274
v -26.067396 14.379643 58.925274
v -26.067396 14.379643 58.925274
v -13.154602 14.379645 58.925274
v -26.067396 14.379643 59.125275
v -13.154602 14.379645 59.125275
v -12.654602 5.410572 59.427547
v -26.567396 5.410572 59.427547
v -12.654602 5.410572 58.925274
v -26.567396 5.410572 58.925274
v -26.567396 5.410572 58.925274
v -26.067396 5.910573 58.925274
v -12.654602 5.410572 58.925274
v -13.154602 5.910575 58.925274
v -13.154602 14.379645 59.125275
v -13.154602 14.379645 58.925274
v -13.154602 5.910575 59.125275
v -13.154602 5.910575 58.925274
v -26.067396 5.910573 59.125275
v -26.067396 5.910573 58.925274
v -26.067396 14.379643 59.125275
v -26.067396 14.379643 58.925274
v -13.296025 14.238225 59.125275
v -25.925970 14.238223 59.125275
v -13.154602 14.379645 59.125275
v -26.067396 14.379643 59.125275
v -13.154602 5.910575 58.925274
v -26.067396 5.910573 58.925274
v -13.154602 5.910575 59.125275
v -26.067396 5.910573 59.125275
v -13.296025 14.238225 59.125275
v -13.154602 14.379645 59.125275
v -13.296027 6.051996 59.125275
v -13.154602 5.910575 59.125275
v -25.925974 6.051994 59.125275
v -26.067396 5.910573 59.125275
v -25.925970 14.238223 59.125275
v -26.067396 14.379643 59.125275
v -25.925970 14.238223 59.125275
v -13.296025 14.238225 59.125275
v -25.925970 14.238223 59.252930
v -13.296025 14.238225 59.252930
v -25.925974 6.051994 59.125275
v -13.296027 6.051996 59.125275
v -26.067396 5.910573 59.125275
v -13.154602 5.910575 59.125275
v -13.296027 6.051996 59.125275
v -13.296027 6.051996 59.252930
v -13.296025 14.238225 59.125275
v -13.296025 14.238225 59.252930
v -19.380629 6.051996 59.125275
v -19.380630 14.238225 59.125275
v -19.380629 6.051996 59.252930
v -19.380630 14.238225 59.252930
v -19.841368 6.051996 59.125275
v -19.841368 14.238225 59.125275
v -19.380629 6.051996 59.125275
v -19.380630 14.238225 59.125275
v -19.841368 6.051996 59.252930
v -19.841368 14.238225 59.252930
v -19.841368 6.051996 59.125275
v -19.841368 14.238225 59.125275
v -2.618539 5.410572 58.925274
v -2.118537 5.910573 58.925274
v 11.294256 5.410572 58.925274
v 10.794256 5.910575 58.925274
v 11.294256 5.410572 58.925274
v 11.294257 14.879648 58.925274
v 11.294256 5.410572 59.427547
v 11.294257 14.879648 59.427547
v -2.618539 5.410572 58.925274
v -2.618537 14.879648 58.925274
v -2.118537 5.910573 58.925274
v -2.118537 14.379645 58.925274
v 11.294257 14.879648 58.925274
v 11.294256 5.410572 58.925274
v 10.794256 14.379646 58.925274
v 10.794256 5.910575 58.925274
v 10.794256 5.910575 58.925274
v -2.118537 5.910573 58.925274
v 10.794256 5.910575 59.125275
v -2.118537 5.910573 59.125275
v -2.618537 14.879648 59.427547
v 11.294257 14.879648 59.427547
v -2.618537 14.879648 58.925274
v 11.294257 14.879648 58.925274
v 11.294257 14.879648 58.925274
v 10.794256 14.379646 58.925274
v -2.618537 14.879648 58.925274
v -2.118537 14.379645 58.925274
v -2.118537 5.910573 59.125275
v -2.118537 5.910573 58.925274
v -2.118537 14.379645 59.125275
v -2.118537 14.379645 58.925274
v 10.794256 14.379646 59.125275
v 10.794256 14.379646 58.925274
v 10.794256 5.910575 59.125275
v 10.794256 5.910575 58.925274
v -1.977115 6.051994 59.125275
v 10.652831 6.051997 59.125275
v -2.118537 5.910573 59.125275
v 10.794256 5.910575 59.125275
v -2.118537 14.379645 58.925274
v 10.794256 14.379646 58.925274
v -2.118537 14.379645 59.125275
v 10.794256 14.379646 59.125275
v -1.977115 6.051994 59.125275
v -2.118537 5.910573 59.125275
v -1.977113 14.238223 59.125275
v -2.118537 14.379645 59.125275
v 10.652833 14.238225 59.125275
v 10.794256 14.379646 59.125275
v 10.652831 6.051997 59.125275
v 10.794256 5.910575 59.125275
v 10.652833 14.238225 59.125275
v -1.977113 14.238223 59.125275
v 10.794256 14.379646 59.125275
v -2.118537 14.379645 59.125275
v -1.977113 14.238223 59.125275
v 10.652833 14.238225 59.125275
v -1.977113 14.238223 59.252930
v 10.652833 14.238225 59.252930
v 4.107490 14.238223 59.125275
v 4.107491 6.051995 59.125275
v 4.107490 14.238223 59.252930
v 4.107491 6.051995 59.252930
v 4.568228 14.238223 59.125275
v 4.568229 6.051995 59.125275
v 4.107490 14.238223 59.125275
v 4.107491 6.051995 59.125275
v 4.568228 14.238223 59.252930
v 4.568229 6.051995 59.252930
v 4.568228 14.238223 59.125275
v 4.568229 6.051995 59.125275
v 35.243114 14.879646 58.925274
v 34.743114 14.379645 58.925274
v 21.330320 14.879646 58.925274
v 21.830320 14.379643 58.925274
v 21.330320 14.879646 58.925274
v 21.330320 5.410572 58.925274
v 21.330320 14.879646 59.427547
v 21.330320 5.410572 59.427547
v 35.243114 14.879646 58.925274
v 35.243114 5.410572 58.925274
v 34.743114 14.379645 58.925274
v 34.743114 5.910575 58.925274
v 21.330320 5.410572 58.925274
v 21.330320 14.879646 58.925274
v 21.830320 5.910573 58.925274
v 21.830320 14.379643 58.925274
v 21.830320 14.379643 58.925274
v 34.743114 14.379645 58.925274
v 21.830320 14.379643 59.125275
v 34.743114 14.379645 59.125275
v 35.243114 5.410572 59.427547
v 21.330320 5.410572 59.427547
v 35.243114 5.410572 58.925274
v 21.330320 5.410572 58.925274
v 21.330320 5.410572 58.925274
v 21.830320 5.910573 58.925274
v 35.243114 5.410572 58.925274
v 34.743114 5.910575 58.925274
v 34.743114 14.379645 59.125275
v 34.743114 14.379645 58.925274
v 34.743114 5.910575 59.125275
v 34.743114 5.910575 58.925274
v 21.830320 5.910573 59.125275
v 21.830320 5.910573 58.925274
v 21.830320 14.379643 59.125275
v 21.830320 14.379643 58.925274
v 34.601692 14.238225 59.125275
v 21.971745 14.238223 59.125275
v 34.743114 14.379645 59.125275
v 21.830320 14.379643 59.125275
v 34.743114 5.910575 58.925274
v 21.830320 5.910573 58.925274
v 34.743114 5.910575 59.125275
v 21.830320 5.910573 59.125275
v 34.601692 14.238225 59.125275
v 34.743114 14.379645 59.125275
v 34.601688 6.051996 59.125275
v 34.743114 5.910575 59.125275
v 21.971743 6.051994 59.125275
v 21.830320 5.910573 59.125275
v 21.971745 14.238223 59.125275
v 21.830320 14.379643 59.125275
v 21.971743 6.051994 59.125275
v 34.601688 6.051996 59.125275
v 21.830320 5.910573 59.125275
v 34.743114 5.910575 59.125275
v 34.601688 6.051996 59.125275
v 34.601688 6.051996 59.252930
v 34.601692 14.238225 59.125275
v 34.601692 14.238225 59.252930
v 28.517088 6.051996 59.125275
v 28.517084 14.238225 59.125275
v 28.517088 6.051996 59.252930
v 28.517084 14.238225 59.252930
v 28.056349 6.051996 59.125275
v 28.056349 14.238225 59.125275
v 28.517088 6.051996 59.125275
v 28.517084 14.238225 59.125275
v 28.056349 6.051996 59.252930
v 28.056349 14.238225 59.252930
v 28.056349 6.051996 59.125275
v 28.056349 14.238225 59.125275
v 45.279179 5.410573 58.925274
v 45.779179 5.910575 58.925274
v 59.191975 5.410573 58.925274
v 58.691975 5.910576 58.925274
v 45.279179 14.879648 58.925274
v 45.279179 5.410573 58.925274
v 45.279179 14.879648 59.427547
v 45.279179 5.410573 59.427547
v 59.191975 5.410573 58.925274
v 59.191975 14.879648 58.925274
v 59.191975 5.410573 59.427547
v 59.191975 14.879648 59.427547
v 45.279179 5.410573 58.925274
v 45.279179 14.879648 58.925274
v 45.779179 5.910575 58.925274
v 45.779179 14.379645 58.925274
v 59.191975 14.879648 58.925274
v 59.191975 5.410573 58.925274
v 58.691975 14.379646 58.925274
v 58.691975 5.910576 58.925274
v 58.691975 5.910576 58.925274
v 45.779179 5.910575 58.925274
v 58.691975 5.910576 59.125275
v 45.779179 5.910575 59.125275
v 45.279179 14.879648 59.427547
v 59.191975 14.879648 59.427547
v 45.279179 14.879648 58.925274
v 59.191975 14.879648 58.925274
v 59.191975 14.879648 58.925274
v 58.691975 14.379646 58.925274
v 45.279179 14.879648 58.925274
v 45.779179 14.379645 58.925274
v 45.779179 5.910575 59.125275
v 45.779179 5.910575 58.925274
v 45.779179 14.379645 59.125275
v 45.779179 14.379645 58.925274
v 58.691975 14.379646 59.125275
v 58.691975 14.379646 58.925274
v 58.691975 5.910576 59.125275
v 58.691975 5.910576 58.925274
v 45.920605 6.051995 59.125275
v 58.550549 6.051998 59.125275
v 45.779179 5.910575 59.125275
v 58.691975 5.910576 59.125275
v 45.779179 14.379645 58.925274
v 58.691975 14.379646 58.925274
v 45.779179 14.379645 59.125275
v 58.691975 14.379646 59.125275
v 45.920605 6.051995 59.125275
v 45.779179 5.910575 59.125275
v 45.920605 14.238225 59.125275
v 45.779179 14.379645 59.125275
v 58.550549 14.238227 59.125275
v 58.691975 14.379646 59.125275
v 58.550549 6.051998 59.125275
v 58.691975 5.910576 59.125275
v 58.550549 14.238227 59.125275
v 45.920605 14.238225 59.125275
v 58.691975 14.379646 59.125275
v 45.779179 14.379645 59.125275
v 45.920605 14.238225 59.125275
v 45.920605 14.238225 59.252930
v 45.920605 6.051995 59.125275
v 45.920605 6.051996 59.252930
v 58.550549 6.051998 59.125275
v 58.550549 6.051997 59.252930
v 58.550549 14.238227 59.125275
v 58.550549 14.238225 59.252930
v 52.005207 14.238225 59.125275
v 52.005207 6.051996 59.125275
v 52.005207 14.238225 59.252930
v 52.005207 6.051996 59.252930
v 52.465942 14.238225 59.125275
v 52.465942 6.051996 59.125275
v 52.005207 14.238225 59.125275
v 52.005207 6.051996 59.125275
v 52.465942 14.238225 59.252930
v 52.465942 6.051996 59.252930
v 52.465942 14.238225 59.125275
v 52.465942 6.051996 59.125275
v 69.228035 14.879648 59.427547
v 83.140831 14.879648 59.427547
v 69.228035 14.879648 58.925274
v 83.140831 14.879648 58.925274
v 83.140831 14.879648 58.925274
v 82.640831 14.379646 58.925274
v 69.228035 14.879648 58.925274
v 69.728035 14.379645 58.925274
v 69.228035 14.879648 58.925274
v 69.228035 5.410573 58.925274
v 69.228035 14.879648 59.427547
v 69.228035 5.410573 59.427547
v 83.140831 14.879648 58.925274
v 83.140831 5.410573 58.925274
v 82.640831 14.379646 58.925274
v 82.640831 5.910575 58.925274
v 69.228035 5.410573 58.925274
v 69.228035 14.879648 58.925274
v 69.728035 5.910574 58.925274
v 69.728035 14.379645 58.925274
v 69.728035 14.379645 58.925274
v 82.640831 14.379646 58.925274
v 69.728035 14.379645 59.125275
v 82.640831 14.379646 59.125275
v 83.140831 5.410573 59.427547
v 69.228035 5.410573 59.427547
v 83.140831 5.410573 58.925274
v 69.228035 5.410573 58.925274
v 69.228035 5.410573 58.925274
v 69.728035 5.910574 58.925274
v 83.140831 5.410573 58.925274
v 82.640831 5.910575 58.925274
v 82.640831 14.379646 59.125275
v 82.640831 14.379646 58.925274
v 82.640831 5.910575 59.125275
v 82.640831 5.910575 58.925274
v 69.728035 5.910574 59.125275
v 69.728035 5.910574 58.925274
v 69.728035 14.379645 59.125275
v 69.728035 14.379645 58.925274
v 82.499413 14.238227 59.125275
v 69.869461 14.238223 59.125275
v 82.640831 14.379646 59.125275
v 69.728035 14.379645 59.125275
v 82.640831 5.910575 58.925274
v 69.728035 5.910574 58.925274
v 82.640831 5.910575 59.125275
v 69.728035 5.910574 59.125275
v 82.499413 14.238227 59.125275
v 82.640831 14.379646 59.125275
v 82.499405 6.051997 59.125275
v 82.640831 5.910575 59.125275
v 69.869461 6.051996 59.125275
v 69.728035 5.910574 59.125275
v 69.869461 14.238223 59.125275
v 69.728035 14.379645 59.125275
v 69.869461 6.051996 59.125275
v 82.499405 6.051997 59.125275
v 69.728035 5.910574 59.125275
v 82.640831 5.910575 59.125275
v 69.869461 14.238223 59.125275
v 69.869461 14.238225 59.252930
v 69.869461 6.051996 59.125275
v 69.869461 6.051996 59.252930
v 76.414803 6.051997 59.125275
v 76.414803 14.238225 59.125275
v 76.414803 6.051997 59.252930
v 76.414803 14.238225 59.252930
v 75.954063 6.051997 59.125275
v 75.954063 14.238225 59.125275
v 76.414803 6.051997 59.125275
v 76.414803 14.238225 59.125275
v 75.954063 6.051997 59.252930
v 75.954063 14.238225 59.252930
v 75.954063 6.051997 59.125275
v 75.954063 14.238225 59.125275
v 88.104225 5.616199 39.751354
v 88.104225 6.544149 54.381435
v 88.104225 7.135417 39.654995
v 88.104225 8.063368 54.285072
v 88.104225 5.616199 39.751354
v 88.405724 5.616199 39.751354
v 88.104225 6.544149 54.381435
v 88.405724 6.544149 54.381435
v 88.104225 7.135417 39.654995
v 88.405724 7.135417 39.654995
v 88.104225 5.616199 39.751354
v 88.405724 5.616199 39.751354
v 88.104225 7.135417 39.654995
v 88.104225 8.063368 54.285072
v 88.405724 7.135417 39.654995
v 88.405724 8.063368 54.285072
v 88.104225 6.544149 54.381435
v 88.405724 6.544149 54.381435
v 88.104225 8.063368 54.285072
v 88.405724 8.063368 54.285072
v 88.405724 5.616199 39.751354
v 88.405724 7.135417 39.654995
v 88.405724 6.544149 54.381435
v 88.405724 8.063368 54.285072
v 88.090736 10.424539 53.530487
v 88.090736 10.347781 55.196880
v 88.392212 10.424539 53.530487
v 88.392212 10.347781 55.196880
v 88.392212 10.347781 55.196880
v 88.090736 10.347781 55.196880
v 88.392212 8.402291 55.070881
v 88.090736 8.402291 55.070881
v 88.090736 10.269761 50.949978
v 88.392212 10.269761 50.949978
v 88.090736 10.385355 50.638210
v 88.392212 10.385355 50.638210
v 88.392212 8.402291 55.070881
v 88.090736 8.402291 55.070881
v 88.392212 9.125744 39.364590
v 88.090736 9.125744 39.364590
v 88.392212 10.385355 50.638210
v 88.392212 10.557250 50.649345
v 88.090736 10.385355 50.638210
v 88.090736 10.557250 50.649345
v 88.090736 11.071233 39.490589
v 88.392212 11.071233 39.490589
v 88.090736 9.125744 39.364590
v 88.392212 9.125744 39.364590
v 88.090736 10.557250 50.649345
v 88.392212 10.557250 50.649345
v 88.090736 11.071233 39.490589
v 88.392212 11.071233 39.490589
v 88.107475 12.451676 39.823273
v 88.408882 12.451819 39.823246
v 88.107628 12.143965 39.946293
v 88.409042 12.144107 39.946266
v 88.409386 11.360923 39.645935
v 88.107971 11.360780 39.645962
v 88.409134 11.880529 39.617668
v 88.107719 11.880386 39.617695
v 87.714256 14.879646 54.157227
v 87.714256 14.879646 40.244431
v 87.211990 14.879646 54.157227
v 87.211990 14.879646 40.244431
v 87.211990 14.879646 40.244431
v 87.211990 14.379645 40.744434
v 87.211990 14.879646 54.157227
v 87.211990 14.379643 53.657227
v 87.211990 5.410572 40.244434
v 87.211990 14.879646 40.244431
v 87.714256 5.410572 40.244434
v 87.714256 14.879646 40.244431
v 87.211990 14.879646 54.157227
v 87.211990 5.410572 54.157227
v 87.714256 14.879646 54.157227
v 87.714256 5.410572 54.157227
v 87.211990 14.879646 40.244431
v 87.211990 5.410572 40.244434
v 87.211990 14.379645 40.744434
v 87.211990 5.910574 40.744434
v 87.211990 5.410572 54.157227
v 87.211990 14.879646 54.157227
v 87.211990 5.910573 53.657227
v 87.211990 14.379643 53.657227
v 87.211990 14.379643 53.657227
v 87.211990 14.379645 40.744434
v 87.411987 14.379643 53.657227
v 87.411987 14.379645 40.744434
v 87.714256 5.410572 40.244434
v 87.714256 5.410572 54.157227
v 87.211990 5.410572 40.244434
v 87.211990 5.410572 54.157227
v 87.211990 5.410572 54.157227
v 87.211990 5.910573 53.657227
v 87.211990 5.410572 40.244434
v 87.211990 5.910574 40.744434
v 87.411987 14.379645 40.744434
v 87.211990 14.379645 40.744434
v 87.411987 5.910574 40.744434
v 87.211990 5.910574 40.744434
v 87.411987 5.910573 53.657227
v 87.211990 5.910573 53.657227
v 87.411987 14.379643 53.657227
v 87.211990 14.379643 53.657227
v 87.411987 14.238225 40.885857
v 87.411987 14.238222 53.515804
v 87.411987 14.379645 40.744434
v 87.411987 14.379643 53.657227
v 87.211990 5.910574 40.744434
v 87.211990 5.910573 53.657227
v 87.411987 5.910574 40.744434
v 87.411987 5.910573 53.657227
v 87.411987 14.238225 40.885857
v 87.411987 14.379645 40.744434
v 87.411987 6.051996 40.885860
v 87.411987 5.910574 40.744434
v 87.411987 6.051994 53.515804
v 87.411987 5.910573 53.657227
v 87.411987 14.238222 53.515804
v 87.411987 14.379643 53.657227
v 87.411987 6.051994 53.515804
v 87.411987 6.051996 40.885860
v 87.411987 5.910573 53.657227
v 87.411987 5.910574 40.744434
v 87.411987 14.238222 53.515804
v 87.539650 14.238223 53.515804
v 87.411987 6.051994 53.515804
v 87.539650 6.051994 53.515804
v 87.411987 6.051996 46.970463
v 87.411987 14.238223 46.970463
v 87.539650 6.051996 46.970463
v 87.539650 14.238223 46.970463
v 87.411987 6.051996 47.431198
v 87.411987 14.238223 47.431198
v 87.411987 6.051996 46.970463
v 87.411987 14.238223 46.970463
v 87.539650 6.051996 47.431198
v 87.539650 14.238223 47.431198
v 87.411987 6.051996 47.431198
v 87.411987 14.238223 47.431198
v 86.497948 16.190800 24.058548
v 86.497948 0.445575 24.058548
v 87.714256 16.190800 24.058548
v 87.714256 0.445576 24.058548
v 86.497948 0.445575 23.425653
v 86.497948 0.445575 24.058548
v 86.497948 16.190802 23.425653
v 86.497948 16.190800 24.058548
v 86.497948 0.445575 23.425653
v 86.497948 16.190802 23.425653
v 87.714256 0.445576 23.425653
v 87.714256 16.190802 23.425653
v 86.292213 16.990801 23.110559
v 86.292213 16.190802 23.110556
v 86.292213 16.990799 34.246124
v 86.292213 16.190800 34.246124
v 87.714256 16.990801 23.110559
v 86.292213 16.990801 23.110559
v 87.714256 16.990799 34.246124
v 86.292213 16.990799 34.246124
v 86.292213 16.990799 34.246124
v 86.292213 16.190800 34.246124
v 87.714256 16.990799 34.246124
v 87.714256 16.190800 34.246124
v 87.714256 16.190800 34.094730
v 86.497948 16.190800 34.094730
v 87.714256 0.445576 34.094730
v 86.497948 0.445575 34.094730
v 86.497948 16.190800 34.094730
v 86.497948 16.190802 33.461834
v 86.497948 0.445575 34.094730
v 86.497948 0.445575 33.461834
v 86.497948 0.445575 33.461834
v 86.497948 16.190802 33.461834
v 87.714256 0.445576 33.461834
v 87.714256 16.190802 33.461834
v 17.022863 2.218944 42.309185
v 17.022863 2.218944 35.617626
v 16.795332 2.218944 42.309185
v 16.795332 2.218944 35.617626
v 17.022863 0.445576 42.309185
v 17.022863 0.445576 35.617626
v 17.022863 2.218944 42.309185
v 17.022863 2.218944 35.617626
v 16.371155 19.472399 35.126087
v -31.140818 19.472399 35.126087
v 16.371155 19.472399 34.898556
v -31.140827 19.472399 34.898556
v 16.371155 19.472399 34.898556
v -31.140827 19.472399 34.898556
v 16.371155 21.245768 34.898556
v -31.140827 21.245768 34.898556
v 17.022863 19.472399 59.427551
v 17.022863 19.472399 35.617626
v 17.022863 21.245768 59.427551
v 17.022863 21.245768 35.617626
v 16.795332 19.472399 59.427551
v 16.795332 19.472399 35.617626
v 17.022863 19.472399 59.427551
v 17.022863 19.472399 35.617626
v 16.371155 0.445576 34.898556
v -31.140821 0.445576 34.898556
v 16.371155 2.218944 34.898556
v -31.140821 2.218944 34.898556
v 16.371155 2.218944 34.898556
v -31.140821 2.218944 34.898556
v 16.371155 2.218944 35.126087
v -31.140837 2.218944 35.126087
v -31.140827 19.472399 35.617626
v 16.371147 19.472399 35.617626
v -31.140827 19.472399 35.845161
v 16.371159 19.472399 35.845161
v -31.140827 19.472399 35.845161
v 16.371159 19.472399 35.845161
v -31.140827 21.245768 35.845161
v 16.371159 21.245768 35.845161
v -31.140827 0.445576 35.845161
v 16.371153 0.445576 35.845161
v -31.140827 2.218944 35.845161
v 16.371153 2.218944 35.845161
v -31.140827 2.218944 35.845161
v 16.371153 2.218944 35.845161
v -31.140827 2.218944 35.617626
v 16.371166 2.218944 35.617626
v 17.022863 2.218944 52.101227
v 17.022863 2.218944 59.427551
v 17.022863 0.445576 52.101227
v 17.022863 0.445576 59.427551
v 16.795332 2.218944 52.040234
v 16.795332 2.218944 59.427551
v 17.022863 2.218944 52.101227
v 17.022863 2.218944 59.427551
v 16.143623 2.218944 52.000153
v 16.143623 2.218944 58.691708
v 16.371155 2.218944 52.000153
v 16.371155 2.218944 58.691708
v 16.143623 0.445576 52.000153
v 16.143623 0.445576 58.691708
v 16.143623 2.218944 52.000153
v 16.143623 2.218944 58.691708
v 16.143623 19.472399 34.881786
v 16.143623 19.472399 58.691708
v 16.143623 21.245768 34.881786
v 16.143623 21.245768 58.691708
v 16.371155 19.472399 34.881786
v 16.371155 19.472399 58.691708
v 16.143623 19.472399 34.881786
v 16.143623 19.472399 58.691708
v 16.143623 2.218944 42.208111
v 16.143623 2.218944 34.881786
v 16.143623 0.445576 42.208111
v 16.143623 0.445576 34.881786
v 16.371155 2.218944 42.269100
v 16.371155 2.218944 34.881786
v 16.143623 2.218944 42.208111
v 16.143623 2.218944 34.881786
v -30.966215 14.379645 17.492462
v -30.966215 14.379646 30.405256
v -31.530790 14.379645 17.492462
v -31.530790 14.379646 30.405256
v -31.530790 14.379646 30.405256
v -30.966215 14.379646 30.405256
v -31.530790 5.910575 30.405256
v -30.966215 5.910575 30.405256
v -31.530790 5.910574 17.492462
v -30.966215 5.910574 17.492462
v -31.530790 14.379645 17.492462
v -30.966215 14.379645 17.492462
v -30.966215 5.910575 30.405256
v -30.966215 5.910574 17.492462
v -31.530790 5.910575 30.405256
v -31.530790 5.910574 17.492462
v -30.966215 14.379645 -6.456397
v -30.966215 14.379646 6.456397
v -31.530790 14.379645 -6.456397
v -31.530790 14.379646 6.456397
v -31.530790 14.379646 6.456397
v -30.966215 14.379646 6.456397
v -31.530790 5.910575 6.456397
v -30.966215 5.910575 6.456397
v -31.530790 5.910574 -6.456397
v -30.966215 5.910574 -6.456397
v -31.530790 14.379645 -6.456397
v -30.966215 14.379645 -6.456397
v -30.966215 5.910575 6.456397
v -30.966215 5.910574 -6.456397
v -31.530790 5.910575 6.456397
v -31.530790 5.910574 -6.456397
v -30.966215 14.379645 -30.405256
v -30.966215 14.379646 -17.492460
v -31.530790 14.379645 -30.405256
v -31.530790 14.379646 -17.492460
v -31.530790 14.379646 -17.492460
v -30.966215 14.379646 -17.492460
v -31.530790 5.910575 -17.492460
v -30.966215 5.910575 -17.492460
v -31.530790 5.910574 -30.405256
v -30.966215 5.910574 -30.405256
v -31.530790 14.379645 -30.405256
v -30.966215 14.379645 -30.405256
v -30.966215 5.910575 -17.492460
v -30.966215 5.910574 -30.405256
v -31.530790 5.910575 -17.492460
v -31.530790 5.910574 -30.405256
v -30.966215 14.379645 -54.354115
v -30.966215 14.379646 -41.441319
v -31.530790 14.379645 -54.354115
v -31.530790 14.379646 -41.441319
v -31.530790 14.379646 -41.441319
v -30.966215 14.379646 -41.441319
v -31.530790 5.910575 -41.441319
v -30.966215 5.910575 -41.441319
v -31.530790 5.910574 -54.354115
v -30.966215 5.910574 -54.354115
v -31.530790 14.379645 -54.354115
v -30.966215 14.379645 -54.354115
v -30.966215 5.910575 -41.441319
v -30.966215 5.910574 -54.354115
v -31.530790 5.910575 -41.441319
v -31.530790 5.910574 -54.354115
v -11.831147 14.379643 -59.252930
v -24.743940 14.379645 -59.252930
v -11.831147 14.379643 -59.817505
v -24.743940 14.379645 -59.817505
v -24.743940 14.379645 -59.817505
v -24.743940 14.379645 -59.252930
v -24.743940 5.910574 -59.817505
v -24.743940 5.910574 -59.252930
v -11.831147 5.910573 -59.817505
v -11.831147 5.910573 -59.252930
v -11.831147 14.379643 -59.817505
v -11.831147 14.379643 -59.252930
v -24.743940 5.910574 -59.252930
v -11.831147 5.910573 -59.252930
v -24.743940 5.910574 -59.817505
v -11.831147 5.910573 -59.817505
v 25.370508 14.379643 -59.252930
v 12.457715 14.379645 -59.252930
v 25.370508 14.379643 -59.817505
v 12.457715 14.379645 -59.817505
v 12.457715 14.379645 -59.817505
v 12.457715 14.379645 -59.252930
v 12.457715 5.910574 -59.817505
v 12.457715 5.910574 -59.252930
v 25.370508 5.910573 -59.817505
v 25.370508 5.910573 -59.252930
v 25.370508 14.379643 -59.817505
v 25.370508 14.379643 -59.252930
v 12.457715 5.910574 -59.252930
v 25.370508 5.910573 -59.252930
v 12.457715 5.910574 -59.817505
v 25.370508 5.910573 -59.817505
v 30.966215 14.379645 -41.441319
v 30.966215 14.379646 -54.354115
v 31.530790 14.379645 -41.441319
v 31.530790 14.379646 -54.354115
v 31.530790 14.379646 -54.354115
v 30.966215 14.379646 -54.354115
v 31.530790 5.910575 -54.354115
v 30.966215 5.910575 -54.354115
v 31.530790 5.910573 -41.441319
v 30.966215 5.910573 -41.441319
v 31.530790 14.379645 -41.441319
v 30.966215 14.379645 -41.441319
v 30.966215 5.910575 -54.354115
v 30.966215 5.910573 -41.441319
v 31.530790 5.910575 -54.354115
v 31.530790 5.910573 -41.441319
v 30.966215 14.379645 -17.492462
v 30.966215 14.379646 -30.405256
v 31.530790 14.379645 -17.492462
v 31.530790 14.379646 -30.405256
v 31.530790 14.379646 -30.405256
v 30.966215 14.379646 -30.405256
v 31.530790 5.910575 -30.405256
v 30.966215 5.910575 -30.405256
v 31.530790 5.910573 -17.492462
v 30.966215 5.910573 -17.492462
v 31.530790 14.379645 -17.492462
v 30.966215 14.379645 -17.492462
v 30.966215 5.910575 -30.405256
v 30.966215 5.910573 -17.492462
v 31.530790 5.910575 -30.405256
v 31.530790 5.910573 -17.492462
v 45.779182 14.379645 -3.244073
v 58.691975 14.379646 -3.244073
v 45.779182 14.379645 -2.679498
v 58.691975 14.379646 -2.679498
v 58.691975 14.379646 -2.679498
v 58.691975 14.379646 -3.244073
v 58.691975 5.910575 -2.679498
v 58.691975 5.910575 -3.244073
v 45.779182 5.910574 -2.679498
v 45.779182 5.910574 -3.244073
v 45.779182 14.379645 -2.679498
v 45.779182 14.379645 -3.244073
v 58.691975 5.910575 -3.244073
v 45.779182 5.910574 -3.244073
v 58.691975 5.910575 -2.679498
v 45.779182 5.910574 -2.679498
v 69.728043 14.379645 -3.244073
v 82.640831 14.379646 -3.244073
v 69.728043 14.379645 -2.679498
v 82.640831 14.379646 -2.679498
v 82.640831 14.379646 -2.679498
v 82.640831 14.379646 -3.244073
v 82.640831 5.910575 -2.679498
v 82.640831 5.910575 -3.244073
v 69.728043 5.910574 -2.679498
v 69.728043 5.910574 -3.244073
v 69.728043 14.379645 -2.679498
v 69.728043 14.379645 -3.244073
v 82.640831 5.910575 -3.244073
v 69.728043 5.910574 -3.244073
v 82.640831 5.910575 -2.679498
v 69.728043 5.910574 -2.679498
v 88.030334 14.379645 3.542777
v 88.030334 14.379646 16.455570
v 87.465759 14.379645 3.542777
v 87.465759 14.379646 16.455570
v 87.465759 14.379646 16.455570
v 88.030334 14.379646 16.455570
v 87.465759 5.910575 16.455570
v 88.030334 5.910575 16.455570
v 87.465759 5.910574 3.542777
v 88.030334 5.910574 3.542777
v 87.465759 14.379645 3.542777
v 88.030334 14.379645 3.542777
v 88.030334 5.910575 16.455570
v 88.030334 5.910574 3.542777
v 87.465759 5.910575 16.455570
v 87.465759 5.910574 3.542777
v 88.030334 14.379645 40.744434
v 88.030334 14.379646 53.657227
v 87.465759 14.379645 40.744434
v 87.465759 14.379646 53.657227
v 87.465759 14.379646 53.657227
v 88.030334 14.379646 53.657227
v 87.465759 5.910575 53.657227
v 88.030334 5.910575 53.657227
v 87.465759 5.910574 40.744434
v 88.030334 5.910574 40.744434
v 87.465759 14.379645 40.744434
v 88.030334 14.379645 40.744434
v 88.030334 5.910575 53.657227
v 88.030334 5.910574 40.744434
v 87.465759 5.910575 53.657227
v 87.465759 5.910574 40.744434
v 82.640831 14.379643 59.817505
v 69.728035 14.379645 59.817505
v 82.640831 14.379643 59.252930
v 69.728035 14.379645 59.252930
v 69.728035 14.379645 59.252930
v 69.728035 14.379645 59.817505
v 69.728035 5.910574 59.252930
v 69.728035 5.910574 59.817505
v 82.640831 5.910573 59.252930
v 82.640831 5.910573 59.817505
v 82.640831 14.379643 59.252930
v 82.640831 14.379643 59.817505
v 69.728035 5.910574 59.817505
v 82.640831 5.910573 59.817505
v 69.728035 5.910574 59.252930
v 82.640831 5.910573 59.252930
v 58.691975 14.379643 59.817505
v 45.779179 14.379645 59.817505
v 58.691975 14.379643 59.252930
v 45.779179 14.379645 59.252930
v 45.779179 14.379645 59.252930
v 45.779179 14.379645 59.817505
v 45.779179 5.910574 59.252930
v 45.779179 5.910574 59.817505
v 58.691975 5.910573 59.252930
v 58.691975 5.910573 59.817505
v 58.691975 14.379643 59.252930
v 58.691975 14.379643 59.817505
v 45.779179 5.910574 59.817505
v 58.691975 5.910573 59.817505
v 45.779179 5.910574 59.252930
v 58.691975 5.910573 59.252930
v 34.743114 14.379643 59.817505
v 21.830320 14.379645 59.817505
v 34.743114 14.379643 59.252930
v 21.830320 14.379645 59.252930
v 21.830320 14.379645 59.252930
v 21.830320 14.379645 59.817505
v 21.830320 5.910574 59.252930
v 21.830320 5.910574 59.817505
v 34.743114 5.910573 59.252930
v 34.743114 5.910573 59.817505
v 34.743114 14.379643 59.252930
v 34.743114 14.379643 59.817505
v 21.830320 5.910574 59.817505
v 34.743114 5.910573 59.817505
v 21.830320 5.910574 59.252930
v 34.743114 5.910573 59.252930
v 10.794256 14.379643 59.817505
v -2.118537 14.379645 59.817505
v 10.794256 14.379643 59.252930
v -2.118537 14.379645 59.252930
v -2.118537 14.379645 59.252930
v -2.118537 14.379645 59.817505
v -2.118537 5.910574 59.252930
v -2.118537 5.910574 59.817505
v 10.794256 5.910573 59.252930
v 10.794256 5.910573 59.817505
v 10.794256 14.379643 59.252930
v 10.794256 14.379643 59.817505
v -2.118537 5.910574 59.817505
v 10.794256 5.910573 59.817505
v -2.118537 5.910574 59.252930
v 10.794256 5.910573 59.252930
v -13.154602 14.379643 59.817505
v -26.067396 14.379645 59.817505
v -13.154602 14.379643 59.252930
v -26.067396 14.379645 59.252930
v -26.067396 14.379645 59.252930
v -26.067396 14.379645 59.817505
v -26.067396 5.910574 59.252930
v -26.067396 5.910574 59.817505
v -13.154602 5.910573 59.252930
v -13.154602 5.910573 59.817505
v -13.154602 14.379643 59.252930
v -13.154602 14.379643 59.817505
v -26.067396 5.910574 59.817505
v -13.154602 5.910573 59.817505
v -26.067396 5.910574 59.252930
v -13.154602 5.910573 59.252930
v -31.140827 19.457853 -57.123592
v -31.140827 2.240408 -57.123596
v -30.561752 19.457853 -57.123592
v -30.561752 2.240408 -57.123596
v -31.140827 21.245768 -57.123596
v -31.140827 19.457853 -57.123592
v -30.561752 21.245768 -57.123596
v -30.561752 19.457853 -57.123592
v -4.228168 16.190800 -58.211231
v -4.228168 0.445575 -58.211231
v -4.228168 16.190800 -59.427547
v -4.228168 0.445576 -59.427547
v -4.861064 0.445575 -58.211231
v -4.228168 0.445575 -58.211231
v -4.861064 16.190802 -58.211231
v -4.228168 16.190800 -58.211231
v 5.959408 16.990799 -58.005501
v 5.959407 16.190800 -58.005501
v 5.959408 16.990799 -59.427547
v 5.959407 16.190800 -59.427547
v -5.176157 16.990801 -58.005501
v -5.176160 16.190802 -58.005501
v 5.959408 16.990799 -58.005501
v 5.959407 16.190800 -58.005501
v -5.176157 16.990801 -59.427547
v -5.176157 16.990801 -58.005501
v 5.959408 16.990799 -59.427547
v 5.959408 16.990799 -58.005501
v 5.808014 16.190800 -59.427547
v 5.808014 16.190800 -58.211231
v 5.808014 0.445576 -59.427547
v 5.808014 0.445575 -58.211231
v 5.808014 16.190800 -58.211231
v 5.175119 16.190802 -58.211231
v 5.808014 0.445575 -58.211231
v 5.175119 0.445575 -58.211231
v 17.213100 16.190800 51.882557
v 17.213100 0.445575 51.882557
v 15.996785 16.190802 51.882557
v 15.996785 0.445576 51.882557
v 17.213100 0.445575 52.515450
v 17.213100 0.445575 51.882557
v 17.213100 16.190802 52.515450
v 17.213100 16.190800 51.882557
v 17.213100 0.445575 52.515450
v 17.213100 16.190802 52.515450
v 15.996785 0.445576 52.515450
v 15.996785 16.190802 52.515450
v 17.418831 16.990801 52.830544
v 17.418831 16.190802 52.830547
v 17.418831 16.990799 41.694977
v 17.418831 16.190800 41.694981
v 15.996785 16.190802 41.846371
v 17.213100 16.190800 41.846371
v 15.996785 0.445576 41.846371
v 17.213100 0.445575 41.846371
v 17.213100 16.190800 41.846371
v 17.213100 16.190802 42.479267
v 17.213100 0.445575 41.846371
v 17.213100 0.445575 42.479267
v 17.213100 0.445575 42.479267
v 17.213100 16.190802 42.479267
v 15.996785 0.445576 42.479267
v 15.996785 16.190802 42.479267
v 15.996785 0.445576 41.846371
v 15.996785 0.445576 42.479267
v 15.996785 16.190802 41.846371
v 15.996785 16.190802 42.479267
v 15.791056 16.990799 41.694977
v 15.791056 16.190800 41.694977
v 15.791056 16.990799 52.830544
v 15.791056 16.190800 52.830544
v 15.996785 16.190802 52.515450
v 15.996785 16.190802 51.882557
v 15.996785 0.445576 52.515450
v 15.996785 0.445576 51.882557
v -30.913298 19.472399 59.427540
v -30.913298 19.472399 -59.427559
v -30.913298 21.245768 59.427540
v -30.913298 21.245768 -59.427559
v -31.140829 19.472399 59.427551
v -31.140827 19.472399 -59.427547
v -30.913298 19.472399 59.427540
v -30.913298 19.472399 -59.427559
v -30.913298 2.218944 -59.427551
v -30.913298 2.218944 59.427547
v -30.913298 0.445576 -59.427551
v -30.913298 0.445576 59.427547
v -31.140829 2.218944 -59.427563
v -31.140827 2.218944 59.427540
v -30.913298 2.218944 -59.427551
v -30.913298 2.218944 59.427547
v 31.140827 21.245768 -59.200012
v -31.140814 21.245768 -59.200012
v 31.140827 19.472399 -59.200012
v -31.140814 19.472399 -59.200012
v 31.140827 19.472399 -59.200012
v -31.140814 19.472399 -59.200012
v 31.140827 19.472399 -59.427547
v -31.140827 19.472399 -59.427547
v 31.140827 2.218944 -59.427547
v -31.140812 2.218944 -59.427547
v 31.140827 2.218944 -59.200012
v -31.140821 2.218944 -59.200012
v 31.140827 2.218944 -59.200012
v -31.140821 2.218944 -59.200012
v 31.140827 0.445576 -59.200012
v -31.140821 0.445576 -59.200012
v 30.913298 21.245768 -2.854111
v 30.913298 21.245768 -59.427551
v 30.913298 19.472399 -2.854111
v 30.913298 19.472399 -59.427551
v 30.913298 19.472399 -2.854111
v 30.913298 19.472399 -59.427551
v 31.140827 19.472399 -2.854111
v 31.140829 19.472399 -59.427563
v 87.714256 2.218944 -2.626579
v 31.140827 2.218944 -2.626579
v 87.714256 0.445576 -2.626579
v 31.140827 0.445576 -2.626579
v 87.714256 2.218944 -2.854112
v 31.140827 2.218944 -2.854112
v 87.714256 2.218944 -2.626579
v 31.140827 2.218944 -2.626579
v 87.714256 21.245768 -2.626579
v 31.140827 21.245768 -2.626579
v 87.714256 19.472399 -2.626579
v 31.140827 19.472399 -2.626579
v 87.714256 19.472399 -2.626579
v 31.140827 19.472399 -2.626579
v 87.714256 19.472399 -2.854111
v 31.140827 19.472399 -2.854112
v 30.913298 2.218944 -2.854111
v 30.913298 2.218944 -59.427559
v 30.913298 0.445576 -2.854111
v 30.913298 0.445576 -59.427559
v 31.140827 2.218944 -2.854111
v 31.140827 2.218944 -59.427547
v 30.913298 2.218944 -2.854111
v 30.913298 2.218944 -59.427559
v -31.140837 2.218944 59.427547
v 87.714264 2.218944 59.427547
v -31.140821 2.218944 59.200012
v 87.714279 2.218944 59.200012
v -31.140821 2.218944 59.200012
v 87.714279 2.218944 59.200012
v -31.140821 0.445576 59.200012
v 87.714279 0.445576 59.200012
v 87.714287 19.472399 59.427547
v -31.140818 19.472399 59.427547
v 87.714272 19.472399 59.200012
v -31.140827 19.472399 59.200012
v 87.714272 19.472399 59.200012
v -31.140827 19.472399 59.200012
v 87.714272 21.245768 59.200012
v -31.140827 21.245768 59.200012
v 87.486725 2.218944 59.427547
v 87.486725 2.218944 -2.854104
v 87.486725 0.445576 59.427547
v 87.486725 0.445576 -2.854104
v 87.714256 2.218944 59.427547
v 87.714256 2.218944 -2.854093
v 87.486725 2.218944 59.427547
v 87.486725 2.218944 -2.854104
v 87.486725 19.472399 59.427547
v 87.486725 19.472399 -2.854098
v 87.714256 19.472399 59.427547
v 87.714256 19.472399 -2.854111
v 87.486725 21.245768 59.427547
v 87.486725 21.245768 -2.854098
v 87.486725 19.472399 59.427547
v 87.486725 19.472399 -2.854098
v -30.561752 2.240408 -57.123596
v -31.140827 2.240408 -57.123596
v -30.561752 0.445576 -57.123596
v -31.140827 0.445576 -57.123596
v 15.792081 0.445576 36.196709
v 15.792081 21.245768 36.196709
v 14.067210 0.445576 36.196709
v 14.067210 21.245768 36.196709
v 14.067210 0.445576 36.196709
v 14.067210 21.245768 36.196709
v 14.067210 0.445576 35.617626
v 14.067210 21.245768 35.617626
v 15.792081 0.445576 37.921577
v 15.792081 21.245768 37.921577
v 15.792081 0.445576 36.196709
v 15.792081 21.245768 36.196709
v 16.371155 0.445576 37.921577
v 16.371155 21.245768 37.921577
v 15.792081 0.445576 37.921577
v 15.792081 21.245768 37.921577
v -30.561752 21.245768 36.196709
v -30.561752 0.445576 36.196709
v -28.836884 21.245768 36.196709
v -28.836884 0.445576 36.196709
v -28.836884 21.245768 36.196709
v -28.836884 0.445576 36.196709
v -28.836884 21.245768 35.617626
v -28.836884 0.445576 35.617626
v -30.561752 21.245768 37.921577
v -30.561752 0.445576 37.921577
v -30.561752 21.245768 36.196709
v -30.561752 0.445576 36.196709
v -31.140827 21.245768 37.921577
v -31.140827 0.445576 37.921577
v -30.561752 21.245768 37.921577
v -30.561752 0.445576 37.921577
v -11.331145 5.410572 -58.925274
v -11.831147 5.910573 -58.925274
v -25.243940 5.410572 -58.925274
v -24.743940 5.910574 -58.925274
v -18.057175 14.238222 -59.125275
v -18.057175 6.051994 -59.125275
v -18.057175 14.238222 -59.252930
v -18.057175 6.051994 -59.252930
v -24.602516 14.238223 -59.125275
v -11.972571 14.238222 -59.125275
v -24.743940 14.379645 -59.125275
v -11.831147 14.379643 -59.125275
v -11.972571 14.238222 -59.125275
v -24.602516 14.238223 -59.125275
v -11.972571 14.238222 -59.252930
v -24.602516 14.238223 -59.252930
v -11.331145 5.410572 -58.925274
v -11.331147 14.879646 -58.925274
v -11.831147 5.910573 -58.925274
v -11.831147 14.379643 -58.925274
v -24.602516 14.238223 -59.125275
v -24.743940 14.379645 -59.125275
v -24.602514 6.051996 -59.125275
v -24.743940 5.910574 -59.125275
v -11.831147 14.379643 -58.925274
v -24.743940 14.379645 -58.925274
v -11.831147 14.379643 -59.125275
v -24.743940 14.379645 -59.125275
v -24.743940 14.379645 -59.125275
v -24.743940 14.379645 -58.925274
v -24.743940 5.910574 -59.125275
v -24.743940 5.910574 -58.925274
v -11.331147 14.879646 -59.427547
v -25.243940 14.879646 -59.427547
v -11.331147 14.879646 -58.925274
v -25.243940 14.879646 -58.925274
v -25.243940 14.879646 -58.925274
v -24.743940 14.379645 -58.925274
v -11.331147 14.879646 -58.925274
v -11.831147 14.379643 -58.925274
v -25.243940 14.879646 -58.925274
v -25.243940 5.410572 -58.925274
v -24.743940 14.379645 -58.925274
v -24.743940 5.910574 -58.925274
v -25.243940 5.410572 -58.925274
v -25.243940 14.879646 -58.925274
v -25.243940 5.410572 -59.427547
v -25.243940 14.879646 -59.427547
v -18.517912 14.238222 -59.252930
v -18.517912 6.051994 -59.252930
v -18.517912 14.238222 -59.125275
v -18.517912 6.051994 -59.125275
v -11.972569 6.051993 -59.125275
v -11.831147 5.910573 -59.125275
v -11.972571 14.238222 -59.125275
v -11.831147 14.379643 -59.125275
v -18.517912 14.238222 -59.125275
v -18.517912 6.051994 -59.125275
v -18.057175 14.238222 -59.125275
v -18.057175 6.051994 -59.125275
v -11.831147 5.910573 -59.125275
v -11.831147 5.910573 -58.925274
v -11.831147 14.379643 -59.125275
v -11.831147 14.379643 -58.925274
v -11.972569 6.051993 -59.125275
v -24.602514 6.051996 -59.125275
v -11.831147 5.910573 -59.125275
v -24.743940 5.910574 -59.125275
v -24.743940 5.910574 -58.925274
v -11.831147 5.910573 -58.925274
v -24.743940 5.910574 -59.125275
v -11.831147 5.910573 -59.125275
v 16.170086 12.891792 -59.974743
v 16.170086 12.891792 -59.673248
v 13.030005 13.048636 -59.974743
v 13.030005 13.048636 -59.673248
v 10.908854 14.921918 -59.673248
v 10.908854 14.921918 -59.974743
v 10.791831 12.975644 -59.673248
v 10.791831 12.975644 -59.974743
v -26.148773 5.293523 -59.671303
v -11.518699 6.221473 -59.671303
v -26.245132 6.812741 -59.671303
v -11.615059 7.740692 -59.671303
v -26.148773 5.293523 -59.671303
v -26.148773 5.293523 -59.972797
v -11.518699 6.221473 -59.671303
v -11.518699 6.221473 -59.972797
v -26.245132 6.812741 -59.671303
v -26.245132 6.812741 -59.972797
v -26.148773 5.293523 -59.671303
v -26.148773 5.293523 -59.972797
v -26.245132 6.812741 -59.671303
v -11.615059 7.740692 -59.671303
v -26.245132 6.812741 -59.972797
v -11.615059 7.740692 -59.972797
v -11.518699 6.221473 -59.671303
v -11.518699 6.221473 -59.972797
v -11.615059 7.740692 -59.671303
v -11.615059 7.740692 -59.972797
v -26.148773 5.293523 -59.972797
v -26.245132 6.812741 -59.972797
v -11.518699 6.221473 -59.972797
v -11.615059 7.740692 -59.972797
v -12.369639 10.101863 -59.673248
v -10.703250 10.025105 -59.673248
v -12.369639 10.101863 -59.974728
v -10.703250 10.025105 -59.974728
v -14.950151 9.947085 -59.673248
v -14.950151 9.947085 -59.974728
v -15.261919 10.062678 -59.673248
v -15.261919 10.062678 -59.974728
v -10.703250 10.025105 -59.974728
v -10.703250 10.025105 -59.673248
v -10.829248 8.079616 -59.974728
v -10.829248 8.079616 -59.673248
v -15.250786 10.234573 -59.673248
v -15.261919 10.062678 -59.673248
v -15.250786 10.234573 -59.974728
v -15.261919 10.062678 -59.974728
v -15.250786 10.234573 -59.673248
v -15.250786 10.234573 -59.974728
v -26.409540 10.748557 -59.673248
v -26.409540 10.748557 -59.974728
v -10.829248 8.079616 -59.974728
v -10.829248 8.079616 -59.673248
v -26.535542 8.803068 -59.974728
v -26.535542 8.803068 -59.673248
v -26.409540 10.748557 -59.673248
v -26.409540 10.748557 -59.974728
v -26.535542 8.803068 -59.673248
v -26.535542 8.803068 -59.974728
v -31.832289 6.439940 -40.615292
v -31.832285 8.666883 -55.104633
v -31.832289 4.935336 -40.846542
v -31.832285 7.162279 -55.335884
v -31.832289 4.935336 -40.846542
v -31.530792 4.935337 -40.846542
v -31.832289 6.439940 -40.615292
v -31.530792 6.439941 -40.615292
v -31.832285 8.666883 -55.104633
v -31.530790 8.666883 -55.104633
v -31.832285 7.162279 -55.335884
v -31.530790 7.162279 -55.335884
v -31.530792 6.439941 -40.615292
v -31.530792 4.935337 -40.846542
v -31.530790 8.666883 -55.104633
v -31.530790 7.162279 -55.335884
v -31.530790 12.154372 -31.004627
v -31.530790 10.942307 -16.395346
v -31.530790 10.637314 -31.130491
v -31.530790 9.425247 -16.521210
v -31.530790 12.154372 -31.004627
v -31.832285 12.154372 -31.004627
v -31.530790 10.942307 -16.395346
v -31.832285 10.942307 -16.395346
v -31.530790 10.637314 -31.130491
v -31.832285 10.637314 -31.130491
v -31.530790 12.154372 -31.004627
v -31.832285 12.154372 -31.004627
v -31.530790 10.637314 -31.130491
v -31.530790 9.425247 -16.521210
v -31.832285 10.637314 -31.130491
v -31.832285 9.425247 -16.521210
v -31.530790 10.942307 -16.395346
v -31.832285 10.942307 -16.395346
v -31.530790 9.425247 -16.521210
v -31.832285 9.425247 -16.521210
v -31.832285 12.154372 -31.004627
v -31.832285 10.637314 -31.130491
v -31.832285 10.942307 -16.395346
v -31.832285 9.425247 -16.521210
v -31.530872 13.882792 -55.348293
v -31.832281 13.882792 -55.348293
v -31.530872 13.861239 -54.606647
v -31.832281 13.861239 -54.606647
v -31.530872 13.799840 -55.738110
v -31.832281 13.799840 -55.738110
v -31.530872 13.882792 -55.348293
v -31.832281 13.882792 -55.348293
v -31.530869 13.022768 -40.329010
v -31.530869 13.030486 -40.138699
v -31.832281 13.022768 -40.329010
v -31.832281 13.030486 -40.138699
v -31.530872 13.861239 -54.606647
v -31.832281 13.861239 -54.606647
v -31.530872 13.984509 -54.488564
v -31.832281 13.984509 -54.488564
v -31.530869 13.022768 -40.329010
v -31.832281 13.022768 -40.329010
v -31.530869 12.806468 -40.495441
v -31.832281 12.806468 -40.495441
v -31.530869 13.030486 -40.138699
v -31.530869 13.022768 -40.329010
v -31.530869 13.549893 -40.106991
v -31.530869 12.806468 -40.495441
v -31.832281 12.140315 -40.193035
v -31.832281 11.603525 -40.225807
v -31.530869 12.140315 -40.193035
v -31.530869 11.603525 -40.225807
v -31.832281 12.140315 -40.193035
v -31.530869 12.140315 -40.193035
v -31.832281 12.486645 -40.408646
v -31.530869 12.486645 -40.408646
v -31.832281 12.486645 -40.408646
v -31.530869 12.486645 -40.408646
v -31.832281 12.806468 -40.495441
v -31.530869 12.806468 -40.495441
v -31.530869 11.603525 -40.225807
v -31.832281 11.603525 -40.225807
v -31.530872 12.561175 -55.913387
v -31.832281 12.561175 -55.913387
v -31.530872 13.984509 -54.488564
v -31.832281 13.984509 -54.488564
v -31.530872 13.960045 -54.184914
v -31.832281 13.960045 -54.184914
v -31.530872 13.960045 -54.184914
v -31.832281 13.960045 -54.184914
v -31.530872 14.211963 -54.134155
v -31.832281 14.211963 -54.134155
v -31.832281 14.385828 -53.800701
v -31.530872 14.385828 -53.800701
v -31.832281 14.251419 -53.808907
v -31.530872 14.251419 -53.808907
v -31.530872 14.211963 -54.134155
v -31.832281 14.211963 -54.134155
v -31.530872 14.251419 -53.808907
v -31.832281 14.251419 -53.808907
v -31.832142 10.735871 -55.862366
v -31.530645 10.735871 -55.862366
v -31.832142 8.787028 -55.801647
v -31.530645 8.787028 -55.801647
v -31.832142 8.867523 -53.977093
v -31.832142 8.787028 -55.801647
v -31.530645 8.867523 -53.977093
v -31.530645 8.787028 -55.801647
v -31.832142 8.867523 -53.977093
v -31.530645 8.867523 -53.977093
v -31.832142 9.063558 -53.579426
v -31.530645 9.063558 -53.579426
v -31.509520 6.410645 -27.022068
v -31.810989 6.410166 -27.024261
v -31.507269 6.483076 -27.346582
v -31.808741 6.482597 -27.348776
v -31.475662 5.832229 -31.543921
v -31.488001 5.981220 -29.882477
v -31.777136 5.831751 -31.546116
v -31.789474 5.980742 -29.884672
v -31.832285 13.298320 -16.050806
v -31.530790 13.298320 -16.050806
v -31.832285 15.244594 -16.167830
v -31.530790 15.244594 -16.167830
v -31.832285 13.214469 -21.429060
v -31.530790 13.214469 -21.429060
v -31.832285 13.371312 -18.288980
v -31.530790 13.371312 -18.288980
v 25.745651 11.831697 -59.673248
v 11.136371 10.619631 -59.673248
v 25.871515 10.314637 -59.673248
v 11.262235 9.102571 -59.673248
v 25.745651 11.831697 -59.673248
v 25.745651 11.831697 -59.974743
v 11.136371 10.619631 -59.673248
v 11.136371 10.619631 -59.974743
v 11.136371 10.619631 -59.673248
v 11.136371 10.619631 -59.974743
v 11.262235 9.102571 -59.673248
v 11.262235 9.102571 -59.974743
v -31.832289 15.575561 40.860348
v -31.832285 13.348618 55.349689
v -31.530792 15.575561 40.860348
v -31.530790 13.348618 55.349689
v -31.832285 11.844012 55.118439
v -31.530790 11.844012 55.118439
v -31.832285 13.348618 55.349689
v -31.530790 13.348618 55.349689
v -31.530792 14.070955 40.629101
v -31.530792 15.575561 40.860348
v -31.530790 11.844012 55.118439
v -31.530790 13.348618 55.349689
v -31.530790 5.616199 7.449474
v -31.530790 6.544149 -7.180601
v -31.530790 7.135417 7.545835
v -31.530790 8.063368 -7.084241
v -31.530790 5.616199 7.449474
v -31.832285 5.616199 7.449474
v -31.530790 6.544149 -7.180601
v -31.832285 6.544149 -7.180601
v -31.530790 7.135417 7.545835
v -31.832285 7.135417 7.545835
v -31.530790 5.616199 7.449474
v -31.832285 5.616199 7.449474
v -31.530790 7.135417 7.545835
v -31.530790 8.063368 -7.084241
v -31.832285 7.135417 7.545835
v -31.832285 8.063368 -7.084241
v -31.530790 6.544149 -7.180601
v -31.832285 6.544149 -7.180601
v -31.530790 8.063368 -7.084241
v -31.832285 8.063368 -7.084241
v -31.832285 5.616199 7.449474
v -31.832285 7.135417 7.545835
v -31.832285 6.544149 -7.180601
v -31.832285 8.063368 -7.084241
v -31.530790 8.356524 31.018433
v -31.530790 9.568589 16.409151
v -31.530790 9.873583 31.144297
v -31.530790 11.085649 16.535015
v -31.530790 8.356524 31.018433
v -31.832285 8.356524 31.018433
v -31.530790 9.568589 16.409151
v -31.832285 9.568589 16.409151
v -31.530790 9.873583 31.144297
v -31.832285 9.873583 31.144297
v -31.530790 8.356524 31.018433
v -31.832285 8.356524 31.018433
v -31.530790 9.873583 31.144297
v -31.530790 11.085649 16.535015
v -31.832285 9.873583 31.144297
v -31.832285 11.085649 16.535015
v -31.530790 9.568589 16.409151
v -31.832285 9.568589 16.409151
v -31.530790 11.085649 16.535015
v -31.832285 11.085649 16.535015
v -31.832285 8.356524 31.018433
v -31.832285 9.873583 31.144297
v -31.832285 9.568589 16.409151
v -31.832285 11.085649 16.535015
v -31.517302 10.424539 -6.329660
v -31.517302 10.347781 -7.996050
v -31.818781 10.424539 -6.329660
v -31.818781 10.347781 -7.996050
v -14.950151 9.947085 -59.673248
v -15.261919 10.062678 -59.673248
v -26.409540 10.748557 -59.673248
v -15.250786 10.234573 -59.673248
v -12.369639 10.101863 -59.673248
v -12.687472 9.989094 -59.673248
v -10.703250 10.025105 -59.673248
v -10.829248 8.079616 -59.673248
v -26.535542 8.803068 -59.673248
v -31.517302 10.269761 -3.749149
v -31.517302 10.385355 -3.437380
v -31.517302 11.071233 7.710241
v -31.517302 10.557250 -3.448514
v -31.517302 10.424539 -6.329660
v -31.517302 10.311770 -6.011828
v -31.517302 10.347781 -7.996050
v -31.517302 8.402291 -7.870052
v -31.517302 9.125744 7.836241
v 24.537569 10.269762 59.804016
v 24.849337 10.385356 59.804016
v 35.996960 11.071234 59.804016
v 24.838203 10.557250 59.804016
v 21.957058 10.424540 59.804016
v 22.274889 10.311770 59.804016
v 20.290667 10.347781 59.804016
v 20.416666 8.402292 59.804016
v 36.122959 9.125744 59.804016
v 88.090736 10.269761 50.949978
v 88.090736 10.385355 50.638210
v 88.090736 11.071233 39.490589
v 88.090736 10.557250 50.649345
v 88.090736 10.424539 53.530487
v 88.090736 10.311770 53.212658
v 88.090736 10.347781 55.196880
v 88.090736 8.402291 55.070881
v 88.090736 9.125744 39.364590
v -31.530872 6.526387 54.502369
v -31.530872 6.550851 54.198719
v -31.530872 6.649656 54.620453
v -31.530872 7.949722 55.927193
v -31.530872 6.628104 55.362099
v -31.530872 6.711057 55.751919
v -31.530872 6.808198 55.857510
v -31.530872 13.984509 -54.488564
v -31.530872 13.960045 -54.184914
v -31.530872 13.861239 -54.606647
v -31.530872 12.561175 -55.913387
v -31.530872 13.882792 -55.348293
v -31.530872 13.799840 -55.738110
v -31.530872 13.702698 -55.843700
v 31.423588 8.907372 -40.239613
v 31.423588 6.550851 -54.198719
v 31.423588 6.259477 -53.822712
v 31.423588 6.298934 -54.147961
v 31.423588 7.480411 -40.152504
v 31.423588 7.488129 -40.342815
v 31.423588 6.961002 -40.120796
v 31.423588 7.704428 -40.509247
v 31.423588 6.125068 -53.814510
v 31.423588 8.024251 -40.422451
v 31.423588 8.370582 -40.206844
v 87.135185 0.445576 -0.550167
v 87.714256 0.445576 -0.550167
v 87.135185 2.240408 -0.550167
v 87.714256 2.240408 -0.550167
v 87.714256 19.457853 -0.550167
v 31.423365 11.643373 -53.990902
v 31.423365 11.723868 -55.815456
v 31.423365 11.447339 -53.593231
v 31.423365 9.775025 -55.876171
v 31.423365 11.317551 -50.451916
v 78.738632 11.317551 60.118862
v 84.162895 9.775026 60.118862
v 81.879944 11.447339 60.118862
v 84.102173 11.723868 60.118862
v 82.277611 11.643373 60.118862
v 82.277618 11.643373 59.817364
v 84.102173 11.723868 59.817364
v 81.879944 11.447339 59.817364
v 84.162895 9.775026 59.817364
v 78.738632 11.317552 59.817364
v -22.151392 9.193347 60.118862
v -27.575651 10.735871 60.118862
v -25.292707 9.063558 60.118862
v -27.514933 8.787028 60.118862
v -25.690374 8.867524 60.118862
v -25.690378 8.867524 59.817364
v -27.514933 8.787028 59.817364
v -25.292707 9.063558 59.817364
v -27.575651 10.735871 59.817364
v -22.151392 9.193346 59.817364
v -27.556982 13.702704 60.118999
v -27.626667 12.561175 60.118999
v -27.451391 13.799840 60.118999
v -26.319929 13.861241 60.118999
v -27.061573 13.882792 60.118999
v -26.201847 13.984509 60.118999
v -25.898193 13.960047 60.118999
v -11.939089 11.603525 60.118999
v -25.522190 14.251419 60.118999
v -25.847437 14.211963 60.118999
v -11.906321 12.140315 60.118999
v -12.121929 12.486646 60.118999
v -25.513983 14.385829 60.118999
v -12.208724 12.806468 60.118999
v -11.820272 13.549895 60.118999
v -12.042295 13.022768 60.118999
v -11.851980 13.030486 60.118999
v 84.144218 6.808193 60.118999
v 84.213905 7.949722 60.118999
v 84.038628 6.711057 60.118999
v 82.907166 6.649657 60.118999
v 83.648811 6.628105 60.118999
v 82.789085 6.526387 60.118999
v 82.485435 6.550851 60.118999
v 68.526329 8.907372 60.118999
v 82.109428 6.259477 60.118999
v 82.434677 6.298934 60.118999
v 68.493561 8.370582 60.118999
v 68.709167 8.024252 60.118999
v 82.101219 6.125068 60.118999
v 68.795959 7.704429 60.118999
v 68.407516 6.961002 60.118999
v 68.629539 7.488130 60.118999
v 68.439224 7.480412 60.118999
v -31.832281 6.808193 55.857510
v -31.832281 7.949722 55.927193
v -31.832281 6.711057 55.751919
v -31.832281 6.649656 54.620453
v -31.832281 6.628104 55.362099
v -31.832281 6.526387 54.502369
v -31.832281 6.550851 54.198719
v -31.832281 8.907372 40.239613
v -31.832281 6.259477 53.822712
v -31.832281 6.298934 54.147961
v -31.832281 7.480411 40.152504
v -31.832281 6.961002 40.120796
v -31.832281 7.488129 40.342815
v -31.832281 7.704428 40.509247
v -31.832281 6.125068 53.814510
v -31.832281 8.024251 40.422451
v -31.832281 8.370582 40.206844
v 87.997025 13.882792 17.449749
v 87.997025 13.861239 16.708105
v 87.997025 13.799840 17.839567
v 87.997025 12.561175 18.014841
v 87.997025 13.702698 17.945160
v 87.997025 14.211963 16.235613
v 87.997025 14.251419 15.910364
v 87.997025 13.960045 16.286369
v 87.997025 11.603525 2.327264
v 87.997025 13.984509 16.590021
v 87.997025 13.030486 2.240155
v 87.997025 13.022768 2.430470
v 87.997025 13.549893 2.208448
v 87.997025 12.806468 2.596899
v 87.997025 14.385828 15.902160
v 87.997025 12.486645 2.510104
v 87.997025 12.140315 2.294495
v -31.832281 13.702704 -55.843700
v -31.832281 12.561175 -55.913387
v -31.832281 13.799840 -55.738110
v -31.832281 13.861239 -54.606647
v -31.832281 13.882792 -55.348293
v -31.832281 13.984509 -54.488564
v -31.832281 13.960045 -54.184914
v -31.832281 11.603525 -40.225807
v -31.832281 14.251419 -53.808907
v -31.832281 14.211963 -54.134155
v -31.832281 13.030486 -40.138699
v -31.832281 13.549895 -40.106991
v -31.832281 13.022768 -40.329010
v -31.832281 12.806468 -40.495441
v -31.832281 14.385828 -53.800701
v -31.832281 12.486645 -40.408646
v -31.832281 12.140315 -40.193035
v 88.298431 13.702704 17.945158
v 88.298431 12.561175 18.014841
v 88.298431 13.799840 17.839567
v 88.298431 13.861239 16.708105
v 88.298431 13.882792 17.449749
v 88.298431 13.984509 16.590021
v 88.298431 13.960045 16.286369
v 88.298431 11.603525 2.327264
v 88.298431 14.251419 15.910364
v 88.298431 14.211963 16.235613
v 88.298431 13.030486 2.240155
v 88.298431 13.549895 2.208448
v 88.298431 13.022768 2.430470
v 88.298431 12.806468 2.596899
v 88.298431 14.385828 15.902160
v 88.298431 12.486645 2.510104
v 88.298431 12.140315 2.294495
v -27.061573 13.882792 59.817585
v -26.319929 13.861241 59.817585
v -27.451391 13.799840 59.817585
v -27.626667 12.561175 59.817585
v -27.556986 13.702698 59.817585
v -25.847437 14.211963 59.817585
v -25.522190 14.251419 59.817585
v -25.898193 13.960047 59.817585
v -11.939089 11.603525 59.817585
v -26.201847 13.984509 59.817585
v -11.906321 12.140315 59.817585
v -12.121929 12.486646 59.817585
v -25.513983 14.385829 59.817585
v -12.208724 12.806468 59.817585
v -11.820272 13.549895 59.817585
v -12.042295 13.022768 59.817585
v -11.851980 13.030486 59.817585
v 31.725000 6.808193 -55.857510
v 31.725000 7.949722 -55.927193
v 31.725000 6.711057 -55.751919
v 31.725000 6.649656 -54.620453
v 31.725000 6.628104 -55.362099
v 31.725000 6.526387 -54.502369
v 31.725000 6.550851 -54.198719
v 31.725000 8.907372 -40.239613
v 31.725000 6.259477 -53.822712
v 31.725000 6.298934 -54.147961
v 31.725000 8.370582 -40.206844
v 31.725000 8.024251 -40.422451
v 31.725000 6.125068 -53.814510
v 31.725000 7.704428 -40.509247
v 31.725000 6.961002 -40.120796
v 31.725000 7.488129 -40.342815
v 31.725000 7.480411 -40.152504
v 83.648811 6.628105 59.817585
v 82.907166 6.649657 59.817585
v 84.038628 6.711057 59.817585
v 84.213905 7.949722 59.817585
v 84.144218 6.808199 59.817585
v 82.434677 6.298934 59.817585
v 82.109428 6.259477 59.817585
v 82.485435 6.550851 59.817585
v 68.526329 8.907372 59.817585
v 82.789085 6.526387 59.817585
v 68.493561 8.370582 59.817585
v 68.709167 8.024252 59.817585
v 82.101219 6.125068 59.817585
v 68.795959 7.704429 59.817585
v 68.407516 6.961002 59.817585
v 68.629539 7.488130 59.817585
v 68.439224 7.480412 59.817585
v 58.565235 10.424539 -3.420470
v 60.231628 10.347781 -3.420470
v 58.246754 10.311538 -3.420470
v 60.105629 8.402291 -3.420470
v 55.984730 10.269761 -3.420470
v 55.672955 10.385355 -3.420470
v 87.135185 0.445576 -2.275037
v 87.135185 0.445576 -0.550167
v 87.135185 2.240408 -2.275037
v 87.135185 2.240408 -0.550167
v 87.135185 19.457853 -0.550167
v 87.135185 19.457853 -2.275037
v 87.135185 21.245768 -0.550167
v 87.135185 21.245768 -2.275037
v 17.374407 21.245768 57.123596
v 17.374407 21.245768 58.848469
v 17.374407 19.457853 57.123596
v 17.374407 19.457853 58.848469
v 17.374407 2.240408 58.848469
v 17.374407 2.240408 57.123596
v 17.374407 0.445576 58.848469
v 17.374407 0.445576 57.123596
v 17.374407 21.245768 58.848469
v 19.099276 21.245768 58.848469
v 17.374407 19.457853 58.848469
v 19.099276 19.457853 58.848469
v 19.099276 2.240408 58.848469
v 17.374407 2.240408 58.848469
v 19.099276 0.445576 58.848469
v 17.374407 0.445576 58.848469
v 26.494139 12.235309 -59.974743
v 17.152233 12.675766 -59.974743
v 26.611160 14.181575 -59.974743
v 16.170086 12.891792 -59.974743
v 10.908854 14.921918 -59.974743
v 13.030005 13.048636 -59.974743
v 10.791831 12.975644 -59.974743
v 12.616134 12.889635 -59.974743
v 15.649536 0.445576 34.547009
v 15.649536 0.445576 35.126087
v 15.649536 2.240408 34.547009
v 15.649536 2.240408 35.126087
v 15.649536 19.457853 35.126087
v 15.649536 19.457853 34.547009
v 15.649536 21.245768 35.126087
v 15.649536 21.245768 34.547009
v 15.792081 21.245768 58.848469
v 15.792081 21.245768 57.123604
v 15.792081 19.457853 58.848469
v 15.792081 19.457853 57.123604
v 15.792081 2.240408 57.123604
v 15.792081 2.240408 58.848469
v 15.792081 0.445576 57.123604
v 15.792081 0.445576 58.848469
v 16.795332 21.245768 57.123596
v 17.374407 21.245768 57.123596
v 16.795332 19.457853 57.123596
v 17.374407 19.457853 57.123596
v 17.374407 2.240408 57.123596
v 16.795332 2.240408 57.123596
v 17.374407 0.445576 57.123596
v 16.795332 0.445576 57.123596
v -30.561752 21.245768 32.822140
v -30.561752 21.245768 34.547009
v -30.561752 19.457853 32.822140
v -30.561752 19.457853 34.547009
v -30.561752 2.240408 34.547009
v -30.561752 2.240408 32.822140
v -30.561752 0.445576 34.547009
v -30.561752 0.445576 32.822140
v -28.836884 21.245768 34.547009
v -28.836884 21.245768 35.126087
v -28.836884 19.457853 34.547009
v -28.836884 19.457853 35.126087
v -28.836884 2.240408 35.126087
v -28.836884 2.240408 34.547009
v -28.836884 0.445576 35.126087
v -28.836884 0.445576 34.547009
v 14.067210 21.245768 59.427547
v 14.067210 21.245768 58.848469
v 14.067210 19.457853 59.427547
v 14.067210 19.457853 58.848469
v 14.067210 2.240408 58.848469
v 14.067210 2.240408 59.427547
v 14.067210 0.445576 58.848469
v 14.067210 0.445576 59.427547
v 85.410309 0.445576 -2.854111
v 85.410309 0.445576 -2.275037
v 85.410309 2.240408 -2.854111
v 85.410309 2.240408 -2.275037
v 85.410309 19.457853 -2.275037
v 85.410309 19.457853 -2.854111
v 85.410309 21.245768 -2.275037
v 85.410309 21.245768 -2.854111
v 30.561752 0.445576 -2.275032
v 32.286625 0.445576 -2.275032
v 30.561752 2.240408 -2.275032
v 32.286625 2.240408 -2.275032
v 32.286625 19.457853 -2.275032
v 30.561752 19.457853 -2.275032
v 32.286625 21.245768 -2.275032
v 30.561752 21.245768 -2.275032
v -31.140827 21.245768 32.822140
v -30.561752 21.245768 32.822140
v -31.140827 19.457853 32.822140
v -30.561752 19.457853 32.822140
v -30.561752 2.240408 32.822140
v -31.140827 2.240408 32.822140
v -30.561752 0.445576 32.822140
v -31.140827 0.445576 32.822140
v 46.175632 7.298585 59.817505
v 46.589504 7.139584 59.817505
v 44.351330 7.212576 59.817505
v 44.468349 5.266303 59.817505
v 49.729580 7.296428 59.817505
v 60.170654 6.006638 59.817505
v 50.711971 7.512506 59.817505
v 60.053638 7.952912 59.817505
v 14.067210 21.245768 58.848469
v 15.792081 21.245768 58.848469
v 14.067210 19.457853 58.848469
v 15.792081 19.457853 58.848469
v 15.792081 2.240408 58.848469
v 14.067210 2.240408 58.848469
v 15.792081 0.445576 58.848469
v 14.067210 0.445576 58.848469
v 10.411609 13.212313 60.118999
v 12.235910 13.298320 60.118999
v 9.997737 13.371314 60.118999
v 12.118888 15.244594 60.118999
v 6.857657 13.214469 60.118999
v -3.583418 14.504252 60.118999
v 5.875509 12.998443 60.118999
v -3.466396 12.557985 60.118999
v 19.099276 21.245768 58.848469
v 19.099276 21.245768 59.427551
v 19.099276 19.457853 58.848469
v 19.099276 19.457853 59.427551
v 19.099276 2.240408 59.427551
v 19.099276 2.240408 58.848469
v 19.099276 0.445576 59.427551
v 19.099276 0.445576 58.848469
v 31.140827 0.445576 -3.777008
v 30.561752 0.445576 -3.777008
v 31.140827 2.240408 -3.777008
v 30.561752 2.240408 -3.777008
v 30.561752 19.457853 -3.777008
v 31.140827 19.457853 -3.777008
v 30.561752 21.245768 -3.777008
v 31.140827 21.245768 -3.777008
v 17.374407 0.445576 34.547009
v 15.649536 0.445576 34.547009
v 17.374407 2.240408 34.547009
v 15.649536 2.240408 34.547009
v 15.649536 19.457853 34.547009
v 17.374407 19.457853 34.547009
v 15.649536 21.245768 34.547009
v 17.374407 21.245768 34.547009
v 16.795332 0.445576 36.048985
v 17.374407 0.445576 36.048985
v 16.795332 2.240408 36.048985
v 17.374407 2.240408 36.048985
v 17.374407 19.457853 36.048985
v 16.795332 19.457853 36.048985
v 17.374407 21.245768 36.048985
v 16.795332 21.245768 36.048985
v 32.286625 0.445576 -2.275032
v 32.286625 0.445576 -2.854111
v 32.286625 2.240408 -2.275032
v 32.286625 2.240408 -2.854111
v 32.286625 19.457853 -2.854111
v 32.286625 19.457853 -2.275032
v 32.286625 21.245768 -2.854111
v 32.286625 21.245768 -2.275032
v 30.561752 0.445576 -3.777008
v 30.561752 0.445576 -2.275032
v 30.561752 2.240408 -3.777008
v 30.561752 2.240408 -2.275032
v 30.561752 19.457853 -2.275032
v 30.561752 19.457853 -3.777008
v 30.561752 21.245768 -2.275032
v 30.561752 21.245768 -3.777008
v 87.996796 9.479846 2.198631
v 87.996796 9.067666 11.541827
v 87.996796 11.428683 2.259352
v 87.996796 9.193345 12.539568
v 87.996796 10.735871 17.963825
v 87.996796 9.063558 15.680882
v 87.996796 8.787028 17.903107
v 87.996796 8.867523 16.078552
v -31.832285 7.298585 17.888914
v -31.832285 7.212575 16.064611
v -31.832285 7.139584 18.302786
v -31.832285 5.266302 16.181635
v -31.832285 7.296428 21.442865
v -31.832285 6.006644 31.883940
v -31.832285 7.512454 22.425014
v -31.832285 7.952911 31.766920
v -31.530645 11.031050 40.110977
v -31.530645 11.443231 49.454174
v -31.530645 9.082213 40.171700
v -31.530645 11.317551 50.451916
v -31.530645 9.775025 55.876171
v -31.530645 11.447339 53.593231
v -31.530645 11.723868 55.815456
v -31.530645 11.643373 53.990902
v -31.530790 13.212311 -17.875111
v -31.530790 13.371312 -18.288980
v -31.530790 13.298320 -16.050806
v -31.530790 15.244594 -16.167830
v -31.530790 13.214469 -21.429060
v -31.530790 14.504259 -31.870136
v -31.530790 12.998390 -22.411448
v -31.530790 12.557984 -31.753113
v -31.832142 11.031050 40.110977
v -31.832142 9.082207 40.171700
v -31.832142 11.443259 49.453930
v -31.832142 11.317550 50.451916
v -31.832142 9.775025 55.876171
v -31.832142 11.447339 53.593231
v -31.832142 11.723868 55.815456
v -31.832142 11.643373 53.990902
v -31.530790 7.298585 17.888916
v -31.530790 7.139583 18.302786
v -31.530790 7.212575 16.064611
v -31.530790 5.266302 16.181635
v -31.530790 7.296428 21.442865
v -31.530790 6.006638 31.883942
v -31.530790 7.512506 22.425253
v -31.530790 7.952911 31.766920
v -31.530645 9.479846 -40.097172
v -31.530645 9.067666 -49.440369
v -31.530645 11.428683 -40.157894
v -31.530645 9.193345 -50.438107
v -31.530645 10.735871 -55.862366
v -31.530645 9.063558 -53.579426
v -31.530645 8.787028 -55.801647
v -31.530645 8.867523 -53.977093
v 88.298294 9.479846 2.198631
v 88.298294 11.428690 2.259352
v 88.298294 9.067636 11.541583
v 88.298294 9.193346 12.539568
v 88.298294 10.735871 17.963825
v 88.298294 9.063558 15.680882
v 88.298294 8.787028 17.903107
v 88.298294 8.867523 16.078550
v 31.724859 11.643373 -53.990902
v 31.724859 11.447339 -53.593231
v 31.724859 11.723868 -55.815456
v 31.724859 9.775025 -55.876171
v 31.724859 11.317550 -50.451916
v 31.724859 9.082207 -40.171700
v 31.724859 11.443259 -49.453930
v 31.724859 11.031050 -40.110977
v -30.561752 21.245768 34.547009
v -28.836884 21.245768 34.547009
v -30.561752 19.457853 34.547009
v -28.836884 19.457853 34.547009
v -28.836884 2.240408 34.547009
v -30.561752 2.240408 34.547009
v -28.836884 0.445576 34.547009
v -30.561752 0.445576 34.547009
v 46.175632 7.298585 60.118999
v 44.351330 7.212576 60.118999
v 46.589504 7.139584 60.118999
v 44.468349 5.266303 60.118999
v 49.729580 7.296428 60.118999
v 60.170654 6.006645 60.118999
v 50.711731 7.512455 60.118999
v 60.053638 7.952912 60.118999
v -31.832142 9.479846 -40.097172
v -31.832142 11.428690 -40.157894
v -31.832142 9.067636 -49.440125
v -31.832142 9.193346 -50.438107
v -31.832142 10.735871 -55.862366
v -31.832142 9.063558 -53.579426
v -31.832142 8.787028 -55.801647
v -31.832142 8.867523 -53.977093
v -31.832285 13.212311 -17.875109
v -31.832285 13.298320 -16.050806
v -31.832285 13.371312 -18.288980
v -31.832285 15.244594 -16.167830
v -31.832285 13.214469 -21.429060
v -31.832285 14.504252 -31.870136
v -31.832285 12.998443 -22.411207
v -31.832285 12.557984 -31.753113
v 17.374407 0.445576 36.048985
v 17.374407 0.445576 34.547009
v 17.374407 2.240408 36.048985
v 17.374407 2.240408 34.547009
v 17.374407 19.457853 34.547009
v 17.374407 19.457853 36.048985
v 17.374407 21.245768 34.547009
v 17.374407 21.245768 36.048985
v 85.410309 0.445576 -2.275037
v 87.135185 0.445576 -2.275037
v 85.410309 2.240408 -2.275037
v 87.135185 2.240408 -2.275037
v 87.135185 19.457853 -2.275037
v 85.410309 19.457853 -2.275037
v 87.135185 21.245768 -2.275037
v 85.410309 21.245768 -2.275037
v 10.411607 13.212313 59.817505
v 9.997737 13.371314 59.817505
v 12.235910 13.298320 59.817505
v 12.118888 15.244594 59.817505
v 6.857657 13.214469 59.817505
v -3.583418 14.504259 59.817505
v 5.875270 12.998392 59.817505
v -3.466396 12.557985 59.817505
v 12.616136 12.889635 -59.673248
v 13.030005 13.048636 -59.673248
v 10.791831 12.975644 -59.673248
v 10.908854 14.921918 -59.673248
v 16.170086 12.891792 -59.673248
v 26.611160 14.181582 -59.673248
v 17.152472 12.675715 -59.673248
v 26.494139 12.235309 -59.673248
v 15.792081 21.245768 57.123604
v 16.371161 21.245768 57.123604
v 15.792081 19.457853 57.123604
v 16.371161 19.457853 57.123604
v 16.371161 2.240408 57.123604
v 15.792081 2.240408 57.123604
v 16.371161 0.445576 57.123604
v 15.792081 0.445576 57.123604
v 85.410309 21.245768 58.848469
v 87.135185 21.245768 58.848469
v 85.410309 19.457853 58.848469
v 87.135185 19.457853 58.848469
v 87.135185 2.240408 58.848469
v 85.410309 2.240408 58.848469
v 87.135185 0.445576 58.848469
v 85.410309 0.445576 58.848469
v 85.410309 21.245768 59.427547
v 85.410309 21.245768 58.848469
v 85.410309 19.457853 59.427547
v 85.410309 19.457853 58.848469
v 85.410309 2.240408 58.848469
v 85.410309 2.240408 59.427547
v 85.410309 0.445576 58.848469
v 85.410309 0.445576 59.427547
v 87.135185 21.245768 57.123604
v 87.714256 21.245768 57.123604
v 87.135185 19.457853 57.123604
v 87.714256 19.457853 57.123604
v 87.714256 2.240408 57.123604
v 87.135185 2.240408 57.123604
v 87.714256 0.445576 57.123604
v 87.135185 0.445576 57.123604
v 87.135185 21.245768 58.848469
v 87.135185 21.245768 57.123604
v 87.135185 19.457853 58.848469
v 87.135185 19.457853 57.123604
v 87.135185 2.240408 57.123604
v 87.135185 2.240408 58.848469
v 87.135185 0.445576 57.123604
v 87.135185 0.445576 58.848469
v 28.836884 21.245768 -58.848469
v 28.836884 21.245768 -59.427551
v 28.836884 19.457853 -58.848469
v 28.836884 19.457853 -59.427551
v 28.836884 2.240408 -59.427551
v 28.836884 2.240408 -58.848469
v 28.836884 0.445576 -59.427551
v 28.836884 0.445576 -58.848469
v 30.561752 21.245768 -58.848469
v 28.836884 21.245768 -58.848469
v 30.561752 19.457853 -58.848469
v 28.836884 19.457853 -58.848469
v 28.836884 2.240408 -58.848469
v 30.561752 2.240408 -58.848469
v 28.836884 0.445576 -58.848469
v 30.561752 0.445576 -58.848469
v 30.561752 21.245768 -57.123596
v 30.561752 21.245768 -58.848469
v 30.561752 19.457853 -57.123596
v 30.561752 19.457853 -58.848469
v 30.561752 2.240408 -58.848469
v 30.561752 2.240408 -57.123596
v 30.561752 0.445576 -58.848469
v 30.561752 0.445576 -57.123596
v 31.140827 21.245768 -57.123596
v 30.561752 21.245768 -57.123596
v 31.140827 19.457853 -57.123596
v 30.561752 19.457853 -57.123596
v 30.561752 2.240408 -57.123596
v 31.140827 2.240408 -57.123596
v 30.561752 0.445576 -57.123596
v 31.140827 0.445576 -57.123596
v -30.561752 21.245768 58.848469
v -28.836884 21.245768 58.848469
v -30.561752 19.457853 58.848469
v -28.836884 19.457853 58.848469
v -28.836884 2.240408 58.848469
v -30.561752 2.240408 58.848469
v -28.836884 0.445576 58.848469
v -30.561752 0.445576 58.848469
v -28.836884 21.245768 58.848469
v -28.836884 21.245768 59.427551
v -28.836884 19.457853 58.848469
v -28.836884 19.457853 59.427551
v -28.836884 2.240408 59.427551
v -28.836884 2.240408 58.848469
v -28.836884 0.445576 59.427551
v -28.836884 0.445576 58.848469
v -30.561752 21.245768 57.123596
v -30.561752 21.245768 58.848469
v -30.561752 19.457853 57.123596
v -30.561752 19.457853 58.848469
v -30.561752 2.240408 58.848469
v -30.561752 2.240408 57.123596
v -30.561752 0.445576 58.848469
v -30.561752 0.445576 57.123596
v -31.140827 21.245768 57.123596
v -30.561752 21.245768 57.123596
v -31.140827 19.457853 57.123596
v -30.561752 19.457853 57.123596
v -30.561752 2.240408 57.123596
v -31.140827 2.240408 57.123596
v -30.561752 0.445576 57.123596
v -31.140827 0.445576 57.123596
v -30.561752 0.445576 -58.848469
v -28.836884 0.445576 -58.848469
v -30.561752 2.240408 -58.848469
v -28.836884 2.240408 -58.848469
v -28.836884 19.457853 -58.848469
v -30.561752 19.457853 -58.848469
v -28.836884 21.245768 -58.848469
v -30.561752 21.245768 -58.848469
v -28.836884 0.445576 -58.848469
v -28.836884 0.445576 -59.427551
v -28.836884 2.240408 -58.848469
v -28.836884 2.240408 -59.427547
v -28.836884 19.457853 -59.427551
v -28.836884 19.457853 -58.848469
v -28.836884 21.245768 -59.427551
v -28.836884 21.245768 -58.848469
v -30.561752 0.445576 -57.123596
v -30.561752 0.445576 -58.848469
v -30.561752 2.240408 -57.123596
v -30.561752 2.240408 -58.848469
v -30.561752 19.457853 -58.848469
v -30.561752 19.457853 -57.123592
v -30.561752 21.245768 -58.848469
v -30.561752 21.245768 -57.123596
v -12.369639 10.101863 -59.974728
v -10.703250 10.025105 -59.974728
v -12.688125 9.988862 -59.974728
v -10.829248 8.079616 -59.974728
v -14.950151 9.947085 -59.974728
v -15.261919 10.062678 -59.974728
v -26.535542 8.803068 -59.974728
v -26.409540 10.748557 -59.974728
v -15.250786 10.234573 -59.974728
v 88.392212 10.424539 53.530487
v 88.392212 10.347781 55.196880
v 88.392212 10.311538 53.212006
v 88.392212 8.402291 55.070881
v 88.392212 10.269761 50.949978
v 88.392212 10.385355 50.638210
v 88.392212 9.125744 39.364590
v 88.392212 11.071233 39.490589
v 88.392212 10.557250 50.649345
v -31.818781 10.424539 -6.329660
v -31.818781 10.347781 -7.996050
v -31.818781 10.311538 -6.011175
v -31.818781 8.402291 -7.870052
v -31.818781 10.269761 -3.749149
v -31.818781 10.385355 -3.437380
v -31.818781 9.125744 7.836241
v -31.818781 11.071233 7.710241
v -31.818781 10.557250 -3.448514
v 21.957058 10.424540 60.105499
v 20.290667 10.347781 60.105499
v 22.275541 10.311538 60.105499
v 20.416666 8.402292 60.105499
v 24.537569 10.269762 60.105499
v 24.849337 10.385356 60.105499
v 36.122959 9.125744 60.105499
v 35.996960 11.071234 60.105499
v 24.838203 10.557250 60.105499
vt 1.253599 0.762678
vt 0.000000 0.828179
vt 0.000000 0.762678
vt 0.000000 0.828179
vt 1.253599 0.762678
vt 1.253599 0.828179
vt 0.259907 0.510238
vt 0.131341 0.462908
vt 0.259907 0.462908
vt 0.131341 0.462908
vt 0.259907 0.510238
vt 0.131341 0.510238
vt 0.281355 0.606320
vt 1.113094 0.678837
vt 0.281355 0.678837
vt 1.113094 0.678837
vt 0.281355 0.606320
vt 1.113094 0.606320
vt 1.253599 0.679047
vt 0.000000 0.746044
vt 0.000000 0.679047
vt 0.000000 0.746044
vt 1.253599 0.679047
vt 1.253599 0.746044
vt 0.259907 0.510238
vt 0.131341 0.462908
vt 0.259907 0.462908
vt 0.131341 0.462908
vt 0.259907 0.510238
vt 0.131341 0.510238
vt 0.281355 0.760474
vt 1.113094 0.841650
vt 0.281355 0.841650
vt 1.113094 0.841650
vt 0.281355 0.760474
vt 1.113094 0.760474
vt 0.281355 0.593691
vt 1.113094 0.678837
vt 0.281355 0.678837
vt 1.113094 0.678837
vt 0.281355 0.593691
vt 1.113094 0.593691
vt 0.131341 0.510238
vt 0.259907 0.462908
vt 0.131341 0.462908
vt 0.259907 0.462908
vt 0.131341 0.510238
vt 0.259907 0.510238
vt 1.771440 0.884317
vt 0.416487 0.923960
vt 0.416487 0.893591
vt 0.416487 0.923960
vt 1.771440 0.884317
vt 1.771440 0.923960
vt 0.109870 0.923907
vt 0.910102 0.895888
vt 0.910102 0.923907
vt 0.910102 0.895888
vt 0.109870 0.923907
vt 0.109870 0.895888
vt 0.139151 0.914518
vt 0.829125 0.925263
vt 0.139171 0.925263
vt 0.829125 0.925263
vt 0.139151 0.914518
vt 0.829144 0.914518
vt -0.453319 0.914518
vt 0.236654 0.925263
vt -0.453300 0.925263
vt 0.236654 0.925263
vt -0.453319 0.914518
vt 0.236674 0.914518
vt 0.035585 0.926587
vt 1.268712 0.914143
vt 1.268683 0.926587
vt 1.268712 0.914143
vt 0.035585 0.926587
vt 0.035556 0.914144
vt 0.623941 0.011557
vt 0.672411 0.011557
vt 0.672411 0.026619
vt 0.118381 0.006347
vt 0.118381 0.026362
vt 0.002200 0.026362
vt 1.002200 0.026362
vt 0.407262 0.026362
vt 0.407262 0.006347
vt 0.252379 0.026619
vt 0.135694 0.026619
vt 0.135666 0.011557
vt 1.000640 0.310060
vt 1.000640 0.438132
vt 0.950435 0.438132
vt 0.672411 0.026619
vt 0.623941 0.026619
vt 0.623941 0.011557
vt 0.135666 0.011557
vt 0.252379 0.011557
vt 0.252379 0.026619
vt 0.002200 0.006347
vt 1.002200 0.006347
vt 1.002200 0.026362
vt 0.950435 0.438132
vt 0.950435 0.310060
vt 1.000640 0.310060
vt 1.002200 0.026362
vt 0.002200 0.026362
vt 0.002200 0.006347
vt 0.879754 0.279637
vt 0.919895 0.279636
vt 0.919895 0.296044
vt 0.919895 0.296044
vt 0.879671 0.296045
vt 0.879754 0.279637
vt 0.879671 0.296045
vt 0.570486 0.296050
vt 0.570486 0.279642
vt 0.570486 0.279642
vt 0.879754 0.279637
vt 0.879671 0.296045
vt 0.949857 0.364681
vt 1.002200 0.364681
vt 0.949857 0.437886
vt 0.949857 0.323897
vt 1.002200 0.323897
vt 0.949857 0.364681
vt 1.002200 0.437886
vt 0.949857 0.437886
vt 1.002200 0.364681
vt 1.002200 0.364681
vt 0.949857 0.364681
vt 1.002200 0.323897
vt 0.949857 0.311622
vt 1.002200 0.323897
vt 0.949857 0.323897
vt 1.002200 0.323897
vt 0.949857 0.311622
vt 1.002200 0.311622
vt 0.951216 0.345195
vt 0.999681 0.356989
vt 0.951216 0.356989
vt 0.999681 0.356989
vt 0.951216 0.345195
vt 0.999681 0.345195
vt 0.037578 0.134085
vt 0.084762 0.132808
vt 0.013143 0.139829
vt 0.748649 0.091141
vt 0.828094 0.091141
vt 0.748649 0.111329
vt 0.013143 0.139829
vt 0.084762 0.132808
vt 0.037578 0.134085
vt 0.006814 0.145403
vt 0.006814 0.207058
vt 0.013143 0.139829
vt 0.013143 0.139829
vt 0.006814 0.207058
vt 0.006814 0.145403
vt 0.949568 0.403893
vt 1.001401 0.403893
vt 0.949568 0.309997
vt 0.951216 0.356989
vt 0.999681 0.356989
vt 0.951216 0.374640
vt 1.006814 0.101933
vt 0.994757 0.131027
vt 1.006814 0.129986
vt 1.006814 0.129986
vt 0.994757 0.131027
vt 1.006814 0.101933
vt 0.999681 0.345195
vt 0.951216 0.345195
vt 0.999681 0.312015
vt 0.006814 0.207058
vt 0.013143 0.139829
vt 0.084762 0.132808
vt 0.111163 0.126106
vt 0.084762 0.132808
vt 0.091784 0.125787
vt 0.828094 0.111329
vt 0.748649 0.111329
vt 0.828094 0.091141
vt 0.999681 0.436351
vt 0.951216 0.408987
vt 0.999681 0.408987
vt 0.999681 0.408987
vt 0.951216 0.408987
vt 0.999681 0.388465
vt 0.084762 0.132808
vt 0.013143 0.139829
vt 0.006814 0.207058
vt 1.001401 0.309997
vt 0.949568 0.309997
vt 1.001401 0.403893
vt 0.985026 0.143213
vt 1.006814 0.101933
vt 0.994757 0.131027
vt 0.999681 0.374640
vt 0.951216 0.374640
vt 0.999681 0.356989
vt 1.006814 0.207058
vt 0.006814 0.207058
vt 0.111163 0.126106
vt 0.133912 0.109192
vt 1.006814 0.207058
vt 0.111163 0.126106
vt 0.111163 0.126106
vt 0.113410 0.112384
vt 0.133912 0.109192
vt 0.006814 0.145403
vt 0.013143 0.139829
vt 0.006814 0.207058
vt 0.084762 0.132808
vt 0.006814 0.207058
vt 0.013143 0.139829
vt 0.013143 0.139829
vt 0.037578 0.134085
vt 0.084762 0.132808
vt 0.999681 0.388465
vt 0.999681 0.408987
vt 0.951216 0.408987
vt 0.951216 0.408987
vt 0.951216 0.388465
vt 0.999681 0.388465
vt 0.999681 0.374640
vt 0.999681 0.388465
vt 0.951216 0.388465
vt 0.951216 0.388465
vt 0.951216 0.374640
vt 0.999681 0.374640
vt 0.999681 0.356989
vt 0.999681 0.374640
vt 0.951216 0.374640
vt 0.951216 0.436351
vt 0.951216 0.408987
vt 0.999681 0.436351
vt 0.951216 0.388465
vt 0.999681 0.388465
vt 0.951216 0.408987
vt 0.999681 0.388465
vt 0.951216 0.388465
vt 0.999681 0.374640
vt 0.994757 0.131027
vt 1.006814 0.101933
vt 0.985026 0.143213
vt 0.951216 0.312015
vt 0.999681 0.312015
vt 0.951216 0.345195
vt 0.084762 0.132808
vt 0.111163 0.126106
vt 0.006814 0.207058
vt 0.006814 0.109228
vt 0.006814 0.129243
vt 1.006814 0.109228
vt 0.091784 0.125787
vt 0.084762 0.132808
vt 0.111163 0.126106
vt 0.748649 0.111329
vt 0.828094 0.111329
vt 0.748649 0.141325
vt 1.006814 0.178065
vt 0.991778 0.160137
vt 1.006814 0.207058
vt 0.006814 0.207058
vt 0.111163 0.126106
vt 0.084762 0.132808
vt 1.006814 0.129243
vt 1.006814 0.109228
vt 0.006814 0.129243
vt 1.006814 0.101933
vt 0.985026 0.143213
vt 0.133912 0.101933
vt 0.951216 0.374640
vt 0.999681 0.374640
vt 0.951216 0.388465
vt 1.006814 0.178065
vt 1.006814 0.207058
vt 0.991778 0.160137
vt 0.985026 0.143213
vt 0.133912 0.101933
vt 0.991778 0.160137
vt 0.133912 0.101933
vt 0.985026 0.143213
vt 1.006814 0.101933
vt 1.006814 0.109228
vt 0.133913 0.109228
vt 1.006814 0.129243
vt 0.006814 0.207058
vt 0.111163 0.126106
vt 1.006814 0.207058
vt 0.828094 0.141325
vt 0.748649 0.141325
vt 0.828094 0.111329
vt 1.006814 0.207058
vt 0.991778 0.160137
vt 0.133912 0.109192
vt 1.006814 0.207058
vt 0.111163 0.126106
vt 0.006814 0.207058
vt 0.991778 0.160137
vt 0.133912 0.101933
vt 0.985026 0.143213
vt 0.133912 0.109192
vt 0.991778 0.160137
vt 1.006814 0.207058
vt 0.133912 0.109192
vt 0.991778 0.160137
vt 0.133912 0.101933
vt 0.133912 0.129243
vt 1.006814 0.129243
vt 0.133913 0.109228
vt 1.006814 0.207058
vt 0.111163 0.126106
vt 0.133912 0.109192
vt 0.748649 0.141325
vt 0.828094 0.141325
vt 0.748649 0.162772
vt 0.133912 0.109192
vt 0.111163 0.126106
vt 1.006814 0.207058
vt 0.133912 0.101933
vt 0.991778 0.160137
vt 0.133912 0.109192
vt 0.828094 0.208598
vt 0.748649 0.208598
vt 0.828094 0.199117
vt 0.113410 0.112384
vt 0.133912 0.109192
vt 0.111163 0.126106
vt 0.828094 0.162772
vt 0.748649 0.162772
vt 0.828094 0.141325
vt 0.111163 0.126106
vt 0.133912 0.109192
vt 0.113410 0.112384
vt 0.748649 0.199117
vt 0.828094 0.199117
vt 0.748649 0.208598
vt 0.748649 0.162772
vt 0.828094 0.162772
vt 0.748649 0.199117
vt 0.828094 0.199117
vt 0.748649 0.199117
vt 0.828094 0.162772
vt 1.002200 0.399211
vt 0.002200 0.399211
vt 0.002200 0.374087
vt 1.002200 0.374087
vt 1.002200 0.399211
vt 0.002200 0.399211
vt 0.002200 0.374087
vt 1.002200 0.374087
vt 1.002200 0.399211
vt 0.002200 0.399211
vt 0.002200 0.374087
vt 1.002200 0.374087
vt 0.949857 0.323897
vt 0.949857 0.311622
vt 1.002200 0.323897
vt 1.002200 0.311622
vt 1.002200 0.323897
vt 0.949857 0.311622
vt 0.949568 0.309997
vt 0.949568 0.403893
vt 1.001401 0.403893
vt 0.999681 0.312015
vt 0.999681 0.345195
vt 0.951216 0.345195
vt 1.001401 0.403893
vt 1.001401 0.309997
vt 0.949568 0.309997
vt 0.951216 0.345195
vt 0.951216 0.312015
vt 0.999681 0.312015
vt 0.133912 0.101933
vt 1.006814 0.101933
vt 0.985026 0.143213
vt 0.991778 0.160137
vt 1.006814 0.178065
vt 1.006814 0.207058
vt 1.006814 0.129243
vt 1.006814 0.109228
vt 0.133913 0.109228
vt 1.006814 0.207058
vt 0.006814 0.207058
vt 0.111163 0.126106
vt 0.985026 0.143213
vt 0.991778 0.160137
vt 0.133912 0.101933
vt 1.006814 0.207058
vt 0.133912 0.109192
vt 0.991778 0.160137
vt 0.133913 0.109228
vt 0.133912 0.129243
vt 1.006814 0.129243
vt 0.133912 0.109192
vt 1.006814 0.207058
vt 0.111163 0.126106
vt 0.133912 0.109192
vt 0.133912 0.101933
vt 0.991778 0.160137
vt 0.111163 0.126106
vt 0.113410 0.112384
vt 0.133912 0.109192
vt 1.000640 0.310060
vt 1.000640 0.438132
vt 0.950435 0.438132
vt 1.002200 0.026362
vt 0.407262 0.026362
vt 0.407262 0.006347
vt 0.407262 0.006347
vt 1.002200 0.006347
vt 1.002200 0.026362
vt 0.950435 0.438132
vt 0.950435 0.310060
vt 1.000640 0.310060
vt 1.002200 0.026362
vt 0.002200 0.026362
vt 0.002200 0.006347
vt 0.252379 0.026619
vt 0.135694 0.026619
vt 0.135666 0.011557
vt 0.135666 0.011557
vt 0.252379 0.011557
vt 0.252379 0.026619
vt 0.002200 0.006347
vt 1.002200 0.006347
vt 1.002200 0.026362
vt 0.623941 0.026619
vt 0.252379 0.026619
vt 0.252379 0.011557
vt 0.252379 0.011557
vt 0.623941 0.011557
vt 0.623941 0.026619
vt 0.291736 0.212108
vt 1.002200 0.212108
vt 1.002200 0.232123
vt 1.002200 0.232123
vt 0.291736 0.232123
vt 0.291736 0.212108
vt 0.712664 0.309939
vt 0.712664 0.300651
vt 0.002200 0.309939
vt 0.513703 0.296049
vt 0.513703 0.279641
vt 0.524124 0.279642
vt 0.002200 0.204813
vt 0.002200 0.309939
vt 0.712664 0.300651
vt 0.949694 0.437583
vt 0.949694 0.311050
vt 1.000341 0.311050
vt 1.000341 0.311050
vt 1.000341 0.437583
vt 0.949694 0.437583
vt 0.712664 0.300651
vt 0.712664 0.309939
vt 0.002200 0.309939
vt 0.524124 0.279642
vt 0.524124 0.296050
vt 0.513703 0.296049
vt 1.002200 0.204813
vt 0.002200 0.204813
vt 0.712664 0.300651
vt 1.002200 0.232123
vt 0.002200 0.232123
vt 0.002200 0.212108
vt 0.002200 0.204813
vt 1.002200 0.204813
vt 0.002200 0.309939
vt 0.712664 0.300651
vt 0.732930 0.295197
vt 1.002200 0.204813
vt 0.002200 0.309939
vt 0.732930 0.295197
vt 0.712664 0.300651
vt 0.002200 0.212108
vt 1.002200 0.212108
vt 1.002200 0.232123
vt 0.732930 0.295197
vt 0.002200 0.309939
vt 1.002200 0.204813
vt 0.732930 0.295197
vt 0.876310 0.303046
vt 1.002200 0.204813
vt 1.000849 0.309564
vt 1.000849 0.437637
vt 0.950235 0.437637
vt 0.950235 0.437637
vt 0.950235 0.309564
vt 1.000849 0.309564
vt 1.002200 0.309939
vt 1.002200 0.204813
vt 0.876310 0.303046
vt 0.876391 0.303075
vt 0.732930 0.295197
vt 1.002200 0.204813
vt 0.879671 0.296045
vt 0.570486 0.296050
vt 0.570486 0.279642
vt 1.002200 0.204813
vt 1.002200 0.309939
vt 0.876391 0.303075
vt 0.876310 0.303046
vt 0.896103 0.309939
vt 1.002200 0.309939
vt 0.570486 0.279642
vt 0.879754 0.279637
vt 0.879671 0.296045
vt 1.002200 0.309939
vt 0.896103 0.309939
vt 0.876391 0.303075
vt 0.919895 0.296044
vt 0.879671 0.296045
vt 0.879754 0.279637
vt 0.879754 0.279637
vt 0.919895 0.279636
vt 0.919895 0.296044
vt 0.002200 0.026362
vt 0.002200 0.006347
vt 0.118381 0.006347
vt 0.407262 0.006347
vt 1.002200 0.006347
vt 1.002200 0.026362
vt 0.623941 0.011557
vt 0.672411 0.011557
vt 0.672411 0.026619
vt 0.118381 0.006347
vt 0.118381 0.026362
vt 0.002200 0.026362
vt 1.002200 0.026362
vt 0.407262 0.026362
vt 0.407262 0.006347
vt 0.252379 0.026619
vt 0.135694 0.026619
vt 0.135666 0.011557
vt 1.000640 0.310060
vt 1.000640 0.438132
vt 0.950435 0.438132
vt 0.672411 0.026619
vt 0.623941 0.026619
vt 0.623941 0.011557
vt 0.135666 0.011557
vt 0.252379 0.011557
vt 0.252379 0.026619
vt 0.002200 0.006347
vt 1.002200 0.006347
vt 1.002200 0.026362
vt 0.950435 0.438132
vt 0.950435 0.310060
vt 1.000640 0.310060
vt 1.002200 0.026362
vt 0.002200 0.026362
vt 0.002200 0.006347
vt 1.002200 0.316356
vt 1.002200 0.448318
vt 0.002200 0.448318
vt 0.002200 0.448318
vt 0.002200 0.316356
vt 1.002200 0.316356
vt 1.002200 0.399211
vt 0.002200 0.399211
vt 0.002200 0.374087
vt 0.123716 0.510915
vt 0.003834 0.510915
vt 0.003834 0.466357
vt 0.123716 0.510915
vt 0.003834 0.510915
vt 0.003834 0.466357
vt 1.002200 0.325514
vt 1.002200 0.350638
vt 0.002200 0.350638
vt 0.002200 0.374087
vt 1.002200 0.374087
vt 1.002200 0.399211
vt 0.003834 0.466357
vt 0.123716 0.466357
vt 0.123716 0.510915
vt 0.879754 0.279637
vt 0.919895 0.279636
vt 0.919895 0.296044
vt 0.919895 0.296044
vt 0.879671 0.296045
vt 0.879754 0.279637
vt 0.879671 0.296045
vt 0.570486 0.296050
vt 0.570486 0.279642
vt 0.570486 0.279642
vt 0.879754 0.279637
vt 0.879671 0.296045
vt 0.949857 0.437886
vt 0.949857 0.364681
vt 1.002200 0.364681
vt 0.949857 0.364681
vt 0.949857 0.323897
vt 1.002200 0.323897
vt 1.002200 0.364681
vt 1.002200 0.437886
vt 0.949857 0.437886
vt 1.002200 0.323897
vt 1.002200 0.364681
vt 0.949857 0.364681
vt 0.949857 0.323897
vt 0.949857 0.311622
vt 1.002200 0.323897
vt 1.002200 0.311622
vt 1.002200 0.323897
vt 0.949857 0.311622
vt 0.951216 0.356989
vt 0.951216 0.345195
vt 0.999681 0.356989
vt 0.999681 0.345195
vt 0.999681 0.356989
vt 0.951216 0.345195
vt 0.013143 0.139829
vt 0.037578 0.134085
vt 0.084762 0.132808
vt 0.037578 0.134085
vt 0.013143 0.139829
vt 0.084762 0.132808
vt 0.013143 0.139829
vt 0.006814 0.145403
vt 0.006814 0.207058
vt 0.006814 0.145403
vt 0.013143 0.139829
vt 0.006814 0.207058
vt 0.949568 0.309997
vt 0.949568 0.403893
vt 1.001401 0.403893
vt 0.951216 0.374640
vt 0.951216 0.356989
vt 0.999681 0.356989
vt 1.006814 0.129986
vt 1.006814 0.101933
vt 0.994757 0.131027
vt 1.006814 0.101933
vt 1.006814 0.129986
vt 0.994757 0.131027
vt 0.999681 0.312015
vt 0.999681 0.345195
vt 0.951216 0.345195
vt 0.084762 0.132808
vt 0.006814 0.207058
vt 0.013143 0.139829
vt 0.091784 0.125787
vt 0.111163 0.126106
vt 0.084762 0.132808
vt 0.999681 0.408987
vt 0.999681 0.436351
vt 0.951216 0.408987
vt 0.006814 0.207058
vt 0.084762 0.132808
vt 0.013143 0.139829
vt 1.001401 0.403893
vt 1.001401 0.309997
vt 0.949568 0.309997
vt 0.994757 0.131027
vt 0.985026 0.143213
vt 1.006814 0.101933
vt 0.999681 0.356989
vt 0.999681 0.374640
vt 0.951216 0.374640
vt 0.999681 0.436351
vt 0.951216 0.436351
vt 0.951216 0.408987
vt 0.999681 0.374640
vt 0.999681 0.388465
vt 0.951216 0.388465
vt 0.985026 0.143213
vt 0.994757 0.131027
vt 1.006814 0.101933
vt 0.951216 0.345195
vt 0.951216 0.312015
vt 0.999681 0.312015
vt 0.006814 0.207058
vt 0.084762 0.132808
vt 0.111163 0.126106
vt 1.006814 0.109228
vt 0.006814 0.109228
vt 0.006814 0.129243
vt 0.111163 0.126106
vt 0.091784 0.125787
vt 0.084762 0.132808
vt 0.748649 0.141325
vt 0.748649 0.111329
vt 0.828094 0.111329
vt 1.006814 0.207058
vt 1.006814 0.178065
vt 0.991778 0.160137
vt 0.084762 0.132808
vt 0.006814 0.207058
vt 0.111163 0.126106
vt 0.006814 0.129243
vt 1.006814 0.129243
vt 1.006814 0.109228
vt 0.133912 0.101933
vt 1.006814 0.101933
vt 0.985026 0.143213
vt 0.951216 0.388465
vt 0.951216 0.374640
vt 0.999681 0.374640
vt 0.991778 0.160137
vt 1.006814 0.178065
vt 1.006814 0.207058
vt 0.991778 0.160137
vt 0.985026 0.143213
vt 0.133912 0.101933
vt 1.006814 0.101933
vt 0.133912 0.101933
vt 0.985026 0.143213
vt 1.006814 0.129243
vt 1.006814 0.109228
vt 0.133913 0.109228
vt 1.006814 0.207058
vt 0.006814 0.207058
vt 0.111163 0.126106
vt 0.828094 0.111329
vt 0.828094 0.141325
vt 0.748649 0.141325
vt 0.133912 0.109192
vt 1.006814 0.207058
vt 0.991778 0.160137
vt 0.006814 0.207058
vt 1.006814 0.207058
vt 0.111163 0.126106
vt 0.985026 0.143213
vt 0.991778 0.160137
vt 0.133912 0.101933
vt 1.006814 0.207058
vt 0.133912 0.109192
vt 0.991778 0.160137
vt 0.133912 0.101933
vt 0.133912 0.109192
vt 0.991778 0.160137
vt 0.133913 0.109228
vt 0.133912 0.129243
vt 1.006814 0.129243
vt 0.133912 0.109192
vt 1.006814 0.207058
vt 0.111163 0.126106
vt 0.748649 0.162772
vt 0.748649 0.141325
vt 0.828094 0.141325
vt 1.006814 0.207058
vt 0.133912 0.109192
vt 0.111163 0.126106
vt 0.133912 0.109192
vt 0.133912 0.101933
vt 0.991778 0.160137
vt 0.828094 0.199117
vt 0.828094 0.208598
vt 0.748649 0.208598
vt 0.111163 0.126106
vt 0.113410 0.112384
vt 0.133912 0.109192
vt 0.828094 0.141325
vt 0.828094 0.162772
vt 0.748649 0.162772
vt 0.113410 0.112384
vt 0.111163 0.126106
vt 0.133912 0.109192
vt 0.748649 0.208598
vt 0.748649 0.199117
vt 0.828094 0.199117
vt 0.748649 0.199117
vt 0.748649 0.162772
vt 0.828094 0.162772
vt 0.828094 0.162772
vt 0.828094 0.199117
vt 0.748649 0.199117
vt 0.949857 0.323897
vt 0.949857 0.311622
vt 1.002200 0.323897
vt 1.002200 0.311622
vt 1.002200 0.323897
vt 0.949857 0.311622
vt 0.949568 0.309997
vt 0.949568 0.403893
vt 1.001401 0.403893
vt 0.999681 0.312015
vt 0.999681 0.345195
vt 0.951216 0.345195
vt 1.001401 0.403893
vt 1.001401 0.309997
vt 0.949568 0.309997
vt 0.951216 0.345195
vt 0.951216 0.312015
vt 0.999681 0.312015
vt 0.133912 0.101933
vt 1.006814 0.101933
vt 0.985026 0.143213
vt 0.991778 0.160137
vt 1.006814 0.178065
vt 1.006814 0.207058
vt 1.006814 0.129243
vt 1.006814 0.109228
vt 0.133913 0.109228
vt 1.006814 0.207058
vt 0.006814 0.207058
vt 0.111163 0.126106
vt 0.985026 0.143213
vt 0.991778 0.160137
vt 0.133912 0.101933
vt 1.006814 0.207058
vt 0.133912 0.109192
vt 0.991778 0.160137
vt 0.133913 0.109228
vt 0.133912 0.129243
vt 1.006814 0.129243
vt 0.133912 0.109192
vt 1.006814 0.207058
vt 0.111163 0.126106
vt 0.748649 0.162772
vt 0.748649 0.141325
vt 0.828094 0.141325
vt 0.133912 0.109192
vt 0.133912 0.101933
vt 0.991778 0.160137
vt 0.111163 0.126106
vt 0.113410 0.112384
vt 0.133912 0.109192
vt 0.828094 0.141325
vt 0.828094 0.162772
vt 0.748649 0.162772
vt 0.748649 0.199117
vt 0.748649 0.162772
vt 0.828094 0.162772
vt 0.828094 0.162772
vt 0.828094 0.199117
vt 0.748649 0.199117
vt 1.000640 0.310060
vt 1.000640 0.438132
vt 0.950435 0.438132
vt 1.002200 0.026362
vt 0.407262 0.026362
vt 0.407262 0.006347
vt 0.407262 0.006347
vt 1.002200 0.006347
vt 1.002200 0.026362
vt 0.950435 0.438132
vt 0.950435 0.310060
vt 1.000640 0.310060
vt 1.002200 0.026362
vt 0.002200 0.026362
vt 0.002200 0.006347
vt 0.252379 0.026619
vt 0.135694 0.026619
vt 0.135666 0.011557
vt 0.135666 0.011557
vt 0.252379 0.011557
vt 0.252379 0.026619
vt 0.002200 0.006347
vt 1.002200 0.006347
vt 1.002200 0.026362
vt 0.623941 0.026619
vt 0.252379 0.026619
vt 0.252379 0.011557
vt 0.252379 0.011557
vt 0.623941 0.011557
vt 0.623941 0.026619
vt 0.291736 0.212108
vt 1.002200 0.212108
vt 1.002200 0.232123
vt 1.002200 0.232123
vt 0.291736 0.232123
vt 0.291736 0.212108
vt 0.712664 0.309939
vt 0.712664 0.300651
vt 0.002200 0.309939
vt 0.513703 0.296049
vt 0.513703 0.279641
vt 0.524124 0.279642
vt 0.002200 0.204813
vt 0.002200 0.309939
vt 0.712664 0.300651
vt 0.949694 0.437583
vt 0.949694 0.311050
vt 1.000341 0.311050
vt 1.000341 0.311050
vt 1.000341 0.437583
vt 0.949694 0.437583
vt 0.712664 0.300651
vt 0.712664 0.309939
vt 0.002200 0.309939
vt 0.524124 0.279642
vt 0.524124 0.296050
vt 0.513703 0.296049
vt 1.002200 0.204813
vt 0.002200 0.204813
vt 0.712664 0.300651
vt 1.002200 0.232123
vt 0.002200 0.232123
vt 0.002200 0.212108
vt 0.002200 0.204813
vt 1.002200 0.204813
vt 0.002200 0.309939
vt 0.712664 0.300651
vt 0.732930 0.295197
vt 1.002200 0.204813
vt 0.002200 0.309939
vt 0.732930 0.295197
vt 0.712664 0.300651
vt 0.570486 0.296050
vt 0.524124 0.296050
vt 0.524124 0.279642
vt 0.002200 0.212108
vt 1.002200 0.212108
vt 1.002200 0.232123
vt 0.732930 0.295197
vt 0.002200 0.309939
vt 1.002200 0.204813
vt 0.732930 0.295197
vt 0.876310 0.303046
vt 1.002200 0.204813
vt 0.524124 0.279642
vt 0.570486 0.279642
vt 0.570486 0.296050
vt 1.000849 0.309564
vt 1.000849 0.437637
vt 0.950235 0.437637
vt 0.950235 0.437637
vt 0.950235 0.309564
vt 1.000849 0.309564
vt 1.002200 0.309939
vt 1.002200 0.204813
vt 0.876310 0.303046
vt 0.876391 0.303075
vt 0.732930 0.295197
vt 1.002200 0.204813
vt 0.879671 0.296045
vt 0.570486 0.296050
vt 0.570486 0.279642
vt 1.002200 0.204813
vt 1.002200 0.309939
vt 0.876391 0.303075
vt 0.002200 0.232123
vt 0.002200 0.212108
vt 0.108297 0.212108
vt 0.876310 0.303046
vt 0.896103 0.309939
vt 1.002200 0.309939
vt 0.570486 0.279642
vt 0.879754 0.279637
vt 0.879671 0.296045
vt 1.002200 0.309939
vt 0.896103 0.309939
vt 0.876391 0.303075
vt 0.108297 0.212108
vt 0.108297 0.232123
vt 0.002200 0.232123
vt 0.919895 0.296044
vt 0.879671 0.296045
vt 0.879754 0.279637
vt 0.879754 0.279637
vt 0.919895 0.279636
vt 0.919895 0.296044
vt 0.002200 0.026362
vt 0.002200 0.006347
vt 0.118381 0.006347
vt 0.407262 0.006347
vt 1.002200 0.006347
vt 1.002200 0.026362
vt 0.623941 0.011557
vt 0.672411 0.011557
vt 0.672411 0.026619
vt 0.118381 0.006347
vt 0.118381 0.026362
vt 0.002200 0.026362
vt 1.002200 0.026362
vt 0.407262 0.026362
vt 0.407262 0.006347
vt 0.252379 0.026619
vt 0.135694 0.026619
vt 0.135666 0.011557
vt 1.000640 0.310060
vt 1.000640 0.438132
vt 0.950435 0.438132
vt 0.003834 0.466357
vt 0.123716 0.466357
vt 0.123716 0.510915
vt 0.002200 0.350638
vt 0.002200 0.325514
vt 1.002200 0.325514
vt 0.291736 0.212108
vt 1.002200 0.212108
vt 1.002200 0.232123
vt 0.623941 0.026619
vt 0.252379 0.026619
vt 0.252379 0.011557
vt 0.672411 0.026619
vt 0.623941 0.026619
vt 0.623941 0.011557
vt 0.135666 0.011557
vt 0.252379 0.011557
vt 0.252379 0.026619
vt 0.002200 0.006347
vt 1.002200 0.006347
vt 1.002200 0.026362
vt 0.950435 0.438132
vt 0.950435 0.310060
vt 1.000640 0.310060
vt 0.252379 0.011557
vt 0.623941 0.011557
vt 0.623941 0.026619
vt 1.002200 0.026362
vt 0.002200 0.026362
vt 0.002200 0.006347
vt 1.002200 0.399211
vt 0.002200 0.399211
vt 0.002200 0.374087
vt 1.002200 0.374087
vt 1.002200 0.399211
vt 0.002200 0.399211
vt 1.002200 0.232123
vt 0.291736 0.232123
vt 0.291736 0.212108
vt 0.712664 0.309939
vt 0.712664 0.300651
vt 0.002200 0.309939
vt 0.513703 0.296049
vt 0.513703 0.279641
vt 0.524124 0.279642
vt 0.002200 0.204813
vt 0.002200 0.309939
vt 0.712664 0.300651
vt 0.949694 0.437583
vt 0.949694 0.311050
vt 1.000341 0.311050
vt 1.000341 0.311050
vt 1.000341 0.437583
vt 0.949694 0.437583
vt 0.712664 0.300651
vt 0.712664 0.309939
vt 0.002200 0.309939
vt 0.524124 0.279642
vt 0.524124 0.296050
vt 0.513703 0.296049
vt 1.002200 0.204813
vt 0.002200 0.204813
vt 0.712664 0.300651
vt 0.002200 0.204813
vt 1.002200 0.204813
vt 0.002200 0.309939
vt 0.712664 0.300651
vt 0.732930 0.295197
vt 1.002200 0.204813
vt 0.002200 0.309939
vt 0.732930 0.295197
vt 0.712664 0.300651
vt 0.570486 0.296050
vt 0.524124 0.296050
vt 0.524124 0.279642
vt 0.732930 0.295197
vt 0.002200 0.309939
vt 1.002200 0.204813
vt 0.732930 0.295197
vt 0.876310 0.303046
vt 1.002200 0.204813
vt 0.524124 0.279642
vt 0.570486 0.279642
vt 0.570486 0.296050
vt 1.002200 0.309939
vt 1.002200 0.204813
vt 0.876310 0.303046
vt 0.876391 0.303075
vt 0.732930 0.295197
vt 1.002200 0.204813
vt 0.879671 0.296045
vt 0.570486 0.296050
vt 0.570486 0.279642
vt 1.002200 0.204813
vt 1.002200 0.309939
vt 0.876391 0.303075
vt 0.002200 0.232123
vt 0.002200 0.212108
vt 0.108297 0.212108
vt 0.876310 0.303046
vt 0.896103 0.309939
vt 1.002200 0.309939
vt 0.570486 0.279642
vt 0.879754 0.279637
vt 0.879671 0.296045
vt 1.002200 0.309939
vt 0.896103 0.309939
vt 0.876391 0.303075
vt 0.108297 0.212108
vt 0.108297 0.232123
vt 0.002200 0.232123
vt 0.919895 0.296044
vt 0.879671 0.296045
vt 0.879754 0.279637
vt 0.879754 0.279637
vt 0.919895 0.279636
vt 0.919895 0.296044
vt 0.002200 0.026362
vt 0.002200 0.006347
vt 0.118381 0.006347
vt 0.407262 0.006347
vt 1.002200 0.006347
vt 1.002200 0.026362
vt 0.002200 -0.000948
vt 0.002200 0.104177
vt 0.144056 0.008667
vt 0.144056 0.008667
vt 0.118381 -0.000948
vt 0.002200 -0.000948
vt 0.252379 0.026619
vt 0.135694 0.026619
vt 0.135666 0.011557
vt 0.135666 0.011557
vt 0.252379 0.011557
vt 0.252379 0.026619
vt 0.623941 0.026619
vt 0.252379 0.026619
vt 0.252379 0.011557
vt 0.252379 0.011557
vt 0.623941 0.011557
vt 0.623941 0.026619
vt 0.091784 0.125787
vt 0.111163 0.126106
vt 0.084762 0.132808
vt 0.006814 0.207058
vt 0.084762 0.132808
vt 0.111163 0.126106
vt 1.006814 0.207058
vt 0.006814 0.207058
vt 0.111163 0.126106
vt 0.006814 0.145403
vt 0.013143 0.139829
vt 0.006814 0.207058
vt 0.084762 0.132808
vt 0.006814 0.207058
vt 0.013143 0.139829
vt 0.013143 0.139829
vt 0.037578 0.134085
vt 0.084762 0.132808
vt 0.672411 0.026619
vt 0.623941 0.026619
vt 0.623941 0.011557
vt 0.623941 0.011557
vt 0.672411 0.011557
vt 0.672411 0.026619
vt 1.002200 0.204813
vt 0.002200 0.204813
vt 0.712664 0.300651
vt 0.002200 0.204813
vt 0.002200 0.309939
vt 0.712664 0.300651
vt 0.712664 0.309939
vt 0.712664 0.300651
vt 0.002200 0.309939
vt 0.876310 0.303046
vt 0.896103 0.309939
vt 1.002200 0.309939
vt 1.002200 0.309939
vt 1.002200 0.204813
vt 0.876310 0.303046
vt 0.732930 0.295197
vt 0.876310 0.303046
vt 1.002200 0.204813
vt 0.712664 0.300651
vt 0.732930 0.295197
vt 1.002200 0.204813
vt 1.002200 0.204813
vt 0.002200 0.204813
vt 0.712664 0.300651
vt 0.002200 0.204813
vt 0.002200 0.309939
vt 0.712664 0.300651
vt 0.712664 0.309939
vt 0.712664 0.300651
vt 0.002200 0.309939
vt 0.999681 0.436351
vt 0.951216 0.436351
vt 0.951216 0.408987
vt 0.999681 0.408987
vt 0.999681 0.436351
vt 0.951216 0.408987
vt 1.006814 0.129986
vt 1.006814 0.101933
vt 0.994757 0.131027
vt 0.985026 0.143213
vt 0.994757 0.131027
vt 1.006814 0.101933
vt 1.006814 0.101933
vt 0.133912 0.101933
vt 0.985026 0.143213
vt 0.991778 0.160137
vt 0.985026 0.143213
vt 0.133912 0.101933
vt 0.133912 0.101933
vt 0.133912 0.109192
vt 0.991778 0.160137
vt 0.133912 0.109192
vt 1.006814 0.207058
vt 0.991778 0.160137
vt 1.006814 0.207058
vt 1.006814 0.178065
vt 0.991778 0.160137
vt 0.113410 0.112384
vt 0.111163 0.126106
vt 0.133912 0.109192
vt 1.006814 0.207058
vt 0.133912 0.109192
vt 0.111163 0.126106
vt 0.006814 0.207058
vt 1.006814 0.207058
vt 0.111163 0.126106
vt 0.084762 0.132808
vt 0.006814 0.207058
vt 0.111163 0.126106
vt 0.111163 0.126106
vt 0.091784 0.125787
vt 0.084762 0.132808
vt 0.037578 0.134085
vt 0.013143 0.139829
vt 0.084762 0.132808
vt 0.006814 0.207058
vt 0.084762 0.132808
vt 0.013143 0.139829
vt 0.013143 0.139829
vt 0.006814 0.145403
vt 0.006814 0.207058
vt 1.006814 0.101933
vt 1.006814 0.129986
vt 0.994757 0.131027
vt 0.994757 0.131027
vt 0.985026 0.143213
vt 1.006814 0.101933
vt 0.133912 0.101933
vt 1.006814 0.101933
vt 0.985026 0.143213
vt 0.985026 0.143213
vt 0.991778 0.160137
vt 0.133912 0.101933
vt 0.133912 0.109192
vt 0.133912 0.101933
vt 0.991778 0.160137
vt 1.006814 0.207058
vt 0.133912 0.109192
vt 0.991778 0.160137
vt 0.991778 0.160137
vt 1.006814 0.178065
vt 1.006814 0.207058
vt 0.091784 0.125787
vt 0.111163 0.126106
vt 0.084762 0.132808
vt 0.006814 0.207058
vt 0.084762 0.132808
vt 0.111163 0.126106
vt 0.002200 0.374087
vt 1.002200 0.374087
vt 1.002200 0.399211
vt 0.002200 0.399211
vt 0.002200 0.374087
vt 1.002200 0.374087
vt 1.002200 0.316356
vt 1.002200 0.448318
vt 0.002200 0.448318
vt 0.002200 0.448318
vt 0.002200 0.316356
vt 1.002200 0.316356
vt 0.002200 0.448318
vt 1.002200 0.448318
vt 1.002200 0.316356
vt 1.002200 0.316356
vt 0.002200 0.316356
vt 0.002200 0.448318
vt 0.949857 0.323897
vt 0.949857 0.311622
vt 1.002200 0.323897
vt 1.002200 0.311622
vt 1.002200 0.323897
vt 0.949857 0.311622
vt 0.949568 0.309997
vt 0.949568 0.403893
vt 1.001401 0.403893
vt 0.999681 0.312015
vt 0.999681 0.345195
vt 0.951216 0.345195
vt 1.001401 0.403893
vt 1.001401 0.309997
vt 0.949568 0.309997
vt 0.951216 0.345195
vt 0.951216 0.312015
vt 0.999681 0.312015
vt 1.006814 0.129243
vt 1.006814 0.109228
vt 0.133913 0.109228
vt 0.133913 0.109228
vt 0.133912 0.129243
vt 1.006814 0.129243
vt 1.000640 0.310060
vt 1.000640 0.438132
vt 0.950435 0.438132
vt 1.002200 0.026362
vt 0.407262 0.026362
vt 0.407262 0.006347
vt 0.407262 0.006347
vt 1.002200 0.006347
vt 1.002200 0.026362
vt 0.950435 0.438132
vt 0.950435 0.310060
vt 1.000640 0.310060
vt 1.002200 0.026362
vt 0.002200 0.026362
vt 0.002200 0.006347
vt 0.252379 0.026619
vt 0.135694 0.026619
vt 0.135666 0.011557
vt 0.135666 0.011557
vt 0.252379 0.011557
vt 0.252379 0.026619
vt 0.002200 0.006347
vt 1.002200 0.006347
vt 1.002200 0.026362
vt 0.623941 0.026619
vt 0.252379 0.026619
vt 0.252379 0.011557
vt 0.118381 0.006347
vt 0.118381 0.026362
vt 0.002200 0.026362
vt 0.252379 0.011557
vt 0.623941 0.011557
vt 0.623941 0.026619
vt 0.623941 0.011557
vt 0.672411 0.011557
vt 0.672411 0.026619
vt 0.002200 0.026362
vt 0.002200 0.006347
vt 0.118381 0.006347
vt 0.672411 0.026619
vt 0.623941 0.026619
vt 0.623941 0.011557
vt 0.291736 0.212108
vt 1.002200 0.212108
vt 1.002200 0.232123
vt 1.002200 0.232123
vt 0.291736 0.232123
vt 0.291736 0.212108
vt 0.712664 0.309939
vt 0.712664 0.300651
vt 0.002200 0.309939
vt 0.513703 0.296049
vt 0.513703 0.279641
vt 0.524124 0.279642
vt 0.002200 0.204813
vt 0.002200 0.309939
vt 0.712664 0.300651
vt 0.949694 0.437583
vt 0.949694 0.311050
vt 1.000341 0.311050
vt 1.000341 0.311050
vt 1.000341 0.437583
vt 0.949694 0.437583
vt 0.712664 0.300651
vt 0.712664 0.309939
vt 0.002200 0.309939
vt 0.524124 0.279642
vt 0.524124 0.296050
vt 0.513703 0.296049
vt 1.002200 0.204813
vt 0.002200 0.204813
vt 0.712664 0.300651
vt 1.002200 0.232123
vt 0.002200 0.232123
vt 0.002200 0.212108
vt 0.002200 0.204813
vt 1.002200 0.204813
vt 0.002200 0.309939
vt 0.712664 0.300651
vt 0.732930 0.295197
vt 1.002200 0.204813
vt 0.002200 0.309939
vt 0.732930 0.295197
vt 0.712664 0.300651
vt 0.570486 0.296050
vt 0.524124 0.296050
vt 0.524124 0.279642
vt 0.002200 0.212108
vt 1.002200 0.212108
vt 1.002200 0.232123
vt 0.732930 0.295197
vt 0.002200 0.309939
vt 1.002200 0.204813
vt 0.732930 0.295197
vt 0.876310 0.303046
vt 1.002200 0.204813
vt 0.524124 0.279642
vt 0.570486 0.279642
vt 0.570486 0.296050
vt 1.000849 0.309564
vt 1.000849 0.437637
vt 0.950235 0.437637
vt 0.950235 0.437637
vt 0.950235 0.309564
vt 1.000849 0.309564
vt 1.002200 0.309939
vt 1.002200 0.204813
vt 0.876310 0.303046
vt 0.876391 0.303075
vt 0.732930 0.295197
vt 1.002200 0.204813
vt 0.879671 0.296045
vt 0.570486 0.296050
vt 0.570486 0.279642
vt 1.002200 0.204813
vt 1.002200 0.309939
vt 0.876391 0.303075
vt 0.876310 0.303046
vt 0.896103 0.309939
vt 1.002200 0.309939
vt 0.570486 0.279642
vt 0.879754 0.279637
vt 0.879671 0.296045
vt 1.002200 0.309939
vt 0.896103 0.309939
vt 0.876391 0.303075
vt 0.919895 0.296044
vt 0.879671 0.296045
vt 0.879754 0.279637
vt 0.879754 0.279637
vt 0.919895 0.279636
vt 0.919895 0.296044
vt 0.002200 -0.000948
vt 0.002200 0.104177
vt 0.144056 0.008667
vt 0.407262 -0.000948
vt 0.344066 0.008193
vt 1.002200 0.104177
vt 0.407262 0.006347
vt 1.002200 0.006347
vt 1.002200 0.026362
vt 0.344066 0.008193
vt 0.144056 0.008667
vt 0.002200 0.104177
vt 0.144056 0.008667
vt 0.118381 -0.000948
vt 0.002200 -0.000948
vt 1.002200 0.026362
vt 0.407262 0.026362
vt 0.407262 0.006347
vt 0.252379 0.026619
vt 0.135694 0.026619
vt 0.135666 0.011557
vt 0.002200 0.104177
vt 1.002200 0.104177
vt 0.344066 0.008193
vt 1.002200 0.104177
vt 1.002200 -0.000948
vt 0.407262 -0.000948
vt 1.000640 0.310060
vt 1.000640 0.438132
vt 0.950435 0.438132
vt 0.002200 -0.000948
vt 0.118381 -0.000948
vt 0.144056 0.008667
vt 1.002200 -0.000948
vt 1.002200 0.104177
vt 0.407262 -0.000948
vt 0.135666 0.011557
vt 0.252379 0.011557
vt 0.252379 0.026619
vt 0.002200 0.006347
vt 1.002200 0.006347
vt 1.002200 0.026362
vt 0.950435 0.438132
vt 0.950435 0.310060
vt 1.000640 0.310060
vt 0.002200 0.104177
vt 0.002200 -0.000948
vt 0.144056 0.008667
vt 0.344066 0.008193
vt 0.407262 -0.000948
vt 1.002200 0.104177
vt 1.002200 0.026362
vt 0.002200 0.026362
vt 0.002200 0.006347
vt 0.144056 0.008667
vt 0.344066 0.008193
vt 0.002200 0.104177
vt 1.002200 0.104177
vt 0.002200 0.104177
vt 0.344066 0.008193
vt 0.344066 0.008193
vt 0.407262 -0.000948
vt 1.002200 0.104177
vt 1.002200 -0.000948
vt 1.002200 0.104177
vt 0.407262 -0.000948
vt 1.002200 0.364681
vt 1.002200 0.437886
vt 0.949857 0.437886
vt 0.949857 0.437886
vt 0.949857 0.364681
vt 1.002200 0.364681
vt 1.002200 0.323897
vt 1.002200 0.364681
vt 0.949857 0.364681
vt 0.949857 0.364681
vt 0.949857 0.323897
vt 1.002200 0.323897
vt 0.949857 0.323897
vt 0.949857 0.311622
vt 1.002200 0.323897
vt 1.002200 0.311622
vt 1.002200 0.323897
vt 0.949857 0.311622
vt 0.949857 0.323897
vt 0.949857 0.311622
vt 1.002200 0.323897
vt 1.002200 0.311622
vt 1.002200 0.323897
vt 0.949857 0.311622
vt 0.879671 0.296045
vt 0.570486 0.296050
vt 0.570486 0.279642
vt 0.570486 0.279642
vt 0.879754 0.279637
vt 0.879671 0.296045
vt 0.919895 0.296044
vt 0.879671 0.296045
vt 0.879754 0.279637
vt 0.879754 0.279637
vt 0.919895 0.279636
vt 0.919895 0.296044
vt 1.002200 0.104177
vt 1.002200 -0.000948
vt 0.407262 -0.000948
vt 0.407262 -0.000948
vt 0.344066 0.008193
vt 1.002200 0.104177
vt 0.002200 0.104177
vt 1.002200 0.104177
vt 0.344066 0.008193
vt 0.344066 0.008193
vt 0.144056 0.008667
vt 0.002200 0.104177
vt 0.109870 0.923907
vt 0.910102 0.895888
vt 0.910102 0.923907
vt 0.910102 0.895888
vt 0.109870 0.923907
vt 0.109870 0.895888
vt -0.631646 0.926587
vt 0.601482 0.914143
vt 0.601453 0.926587
vt 0.601482 0.914143
vt -0.631646 0.926587
vt -0.631675 0.914144
vt 0.139151 0.914518
vt 0.829125 0.925263
vt 0.139171 0.925263
vt 0.829125 0.925263
vt 0.139151 0.914518
vt 0.829144 0.914518
vt -0.453319 0.914518
vt 0.236654 0.925263
vt -0.453300 0.925263
vt 0.236654 0.925263
vt -0.453319 0.914518
vt 0.236674 0.914518
vt 0.035585 0.926587
vt 1.268712 0.914143
vt 1.268683 0.926587
vt 1.268712 0.914143
vt 0.035585 0.926587
vt 0.035556 0.914144
vt 0.109870 0.923907
vt 0.910102 0.895888
vt 0.910102 0.923907
vt 0.910102 0.895888
vt 0.109870 0.923907
vt 0.109870 0.895888
vt -0.631646 0.926587
vt 0.601482 0.914143
vt 0.601453 0.926587
vt 0.601482 0.914143
vt -0.631646 0.926587
vt -0.631675 0.914144
vt 0.139151 0.914518
vt 0.829125 0.925263
vt 0.139171 0.925263
vt 0.829125 0.925263
vt 0.139151 0.914518
vt 0.829144 0.914518
vt -0.453319 0.914518
vt 0.236654 0.925263
vt -0.453300 0.925263
vt 0.236654 0.925263
vt -0.453319 0.914518
vt 0.236674 0.914518
vt 0.035585 0.926587
vt 1.268712 0.914143
vt 1.268683 0.926587
vt 1.268712 0.914143
vt 0.035585 0.926587
vt 0.035556 0.914144
vt 1.771440 0.884317
vt 0.416487 0.923960
vt 0.416487 0.893591
vt 0.416487 0.923960
vt 1.771440 0.884317
vt 1.771440 0.923960
vt -0.631646 0.926587
vt 0.601482 0.914143
vt 0.601453 0.926587
vt 0.601482 0.914143
vt -0.631646 0.926587
vt -0.631675 0.914144
vt 0.035585 0.926587
vt 1.268712 0.914143
vt 1.268683 0.926587
vt 1.268712 0.914143
vt 0.035585 0.926587
vt 0.035556 0.914144
vt 0.109870 0.923907
vt 0.910102 0.895888
vt 0.910102 0.923907
vt 0.910102 0.895888
vt 0.109870 0.923907
vt 0.109870 0.895888
vt -0.631646 0.926587
vt 0.601482 0.914143
vt 0.601453 0.926587
vt 0.601482 0.914143
vt -0.631646 0.926587
vt -0.631675 0.914144
vt 0.139151 0.914518
vt 0.829125 0.925263
vt 0.139171 0.925263
vt 0.829125 0.925263
vt 0.139151 0.914518
vt 0.829144 0.914518
vt 0.035585 0.926587
vt 1.268712 0.914143
vt 1.268683 0.926587
vt 1.268712 0.914143
vt 0.035585 0.926587
vt 0.035556 0.914144
vt 1.771440 0.884317
vt 0.416487 0.923960
vt 0.416487 0.893591
vt 0.416487 0.923960
vt 1.771440 0.884317
vt 1.771440 0.923960
vt 0.109870 0.923907
vt 0.910102 0.895888
vt 0.910102 0.923907
vt 0.910102 0.895888
vt 0.109870 0.923907
vt 0.109870 0.895888
vt 0.139151 0.914518
vt 0.829125 0.925263
vt 0.139171 0.925263
vt 0.829125 0.925263
vt 0.139151 0.914518
vt 0.829144 0.914518
vt -0.453319 0.914518
vt 0.236654 0.925263
vt -0.453300 0.925263
vt 0.236654 0.925263
vt -0.453319 0.914518
vt 0.236674 0.914518
vt 0.035585 0.926587
vt 1.268712 0.914143
vt 1.268683 0.926587
vt 1.268712 0.914143
vt 0.035585 0.926587
vt 0.035556 0.914144
vt -0.631646 0.926587
vt 0.601482 0.914143
vt 0.601453 0.926587
vt 0.601482 0.914143
vt -0.631646 0.926587
vt -0.631675 0.914144
vt -0.631646 0.926587
vt 0.601482 0.914143
vt 0.601453 0.926587
vt 0.601482 0.914143
vt -0.631646 0.926587
vt -0.631675 0.914144
vt 0.035585 0.926587
vt 1.268712 0.914143
vt 1.268683 0.926587
vt 1.268712 0.914143
vt 0.035585 0.926587
vt 0.035556 0.914144
vt 1.771440 0.884317
vt 0.416487 0.923960
vt 0.416487 0.893591
vt 0.416487 0.923960
vt 1.771440 0.884317
vt 1.771440 0.923960
vt -0.631646 0.926587
vt 0.601482 0.914143
vt 0.601453 0.926587
vt 0.601482 0.914143
vt -0.631646 0.926587
vt -0.631675 0.914144
vt -0.453319 0.914518
vt 0.236654 0.925263
vt -0.453300 0.925263
vt 0.236654 0.925263
vt -0.453319 0.914518
vt 0.236674 0.914518
vt 0.035585 0.926587
vt 1.268712 0.914143
vt 1.268683 0.926587
vt 1.268712 0.914143
vt 0.035585 0.926587
vt 0.035556 0.914144
vt 0.109870 0.923907
vt 0.910102 0.895888
vt 0.910102 0.923907
vt 0.910102 0.895888
vt 0.109870 0.923907
vt 0.109870 0.895888
vt -0.631646 0.926587
vt 0.601482 0.914143
vt 0.601453 0.926587
vt 0.601482 0.914143
vt -0.631646 0.926587
vt -0.631675 0.914144
vt 0.139151 0.914518
vt 0.829125 0.925263
vt 0.139171 0.925263
vt 0.829125 0.925263
vt 0.139151 0.914518
vt 0.829144 0.914518
vt -0.453319 0.914518
vt 0.236654 0.925263
vt -0.453300 0.925263
vt 0.236654 0.925263
vt -0.453319 0.914518
vt 0.236674 0.914518
vt 0.035585 0.926587
vt 1.268712 0.914143
vt 1.268683 0.926587
vt 1.268712 0.914143
vt 0.035585 0.926587
vt 0.035556 0.914144
vt 1.771440 0.884317
vt 0.416487 0.923960
vt 0.416487 0.893591
vt 0.416487 0.923960
vt 1.771440 0.884317
vt 1.771440 0.923960
vt 0.109870 0.923907
vt 0.910102 0.895888
vt 0.910102 0.923907
vt 0.910102 0.895888
vt 0.109870 0.923907
vt 0.109870 0.895888
vt 0.139151 0.914518
vt 0.829125 0.925263
vt 0.139171 0.925263
vt 0.829125 0.925263
vt 0.139151 0.914518
vt 0.829144 0.914518
vt -0.453319 0.914518
vt 0.236654 0.925263
vt -0.453300 0.925263
vt 0.236654 0.925263
vt -0.453319 0.914518
vt 0.236674 0.914518
vt 0.035585 0.926587
vt 1.268712 0.914143
vt 1.268683 0.926587
vt 1.268712 0.914143
vt 0.035585 0.926587
vt 0.035556 0.914144
vt -0.631646 0.926587
vt 0.601482 0.914143
vt 0.601453 0.926587
vt 0.601482 0.914143
vt -0.631646 0.926587
vt -0.631675 0.914144
vt 1.002200 0.104177
vt 0.002200 0.104177
vt 0.344066 0.008193
vt 0.144056 0.008667
vt 0.344066 0.008193
vt 0.002200 0.104177
vt 0.002200 0.104177
vt 0.002200 -0.000948
vt 0.144056 0.008667
vt 0.002200 -0.000948
vt 0.118381 -0.000948
vt 0.144056 0.008667
vt 0.879754 0.279637
vt 0.919895 0.279636
vt 0.919895 0.296044
vt 0.919895 0.296044
vt 0.879671 0.296045
vt 0.879754 0.279637
vt 0.570486 0.279642
vt 0.879754 0.279637
vt 0.879671 0.296045
vt 0.879671 0.296045
vt 0.570486 0.296050
vt 0.570486 0.279642
vt 0.524124 0.279642
vt 0.570486 0.279642
vt 0.570486 0.296050
vt 0.570486 0.296050
vt 0.524124 0.296050
vt 0.524124 0.279642
vt 0.002200 0.104177
vt 1.002200 0.104177
vt 0.344066 0.008193
vt 0.407262 -0.000948
vt 0.344066 0.008193
vt 1.002200 0.104177
vt 1.002200 0.104177
vt 1.002200 -0.000948
vt 0.407262 -0.000948
vt 0.252379 0.011557
vt 0.623941 0.011557
vt 0.623941 0.026619
vt 0.623941 0.026619
vt 0.252379 0.026619
vt 0.252379 0.011557
vt 0.135666 0.011557
vt 0.252379 0.011557
vt 0.252379 0.026619
vt 0.252379 0.026619
vt 0.135694 0.026619
vt 0.135666 0.011557
vt 0.828094 0.162772
vt 0.828094 0.199117
vt 0.748649 0.199117
vt 0.748649 0.199117
vt 0.748649 0.162772
vt 0.828094 0.162772
vt 0.828094 0.141325
vt 0.828094 0.162772
vt 0.748649 0.162772
vt 0.748649 0.162772
vt 0.748649 0.141325
vt 0.828094 0.141325
vt 0.828094 0.162772
vt 0.828094 0.199117
vt 0.748649 0.199117
vt 0.748649 0.199117
vt 0.748649 0.162772
vt 0.828094 0.162772
vt 0.828094 0.141325
vt 0.828094 0.162772
vt 0.748649 0.162772
vt 0.748649 0.162772
vt 0.748649 0.141325
vt 0.828094 0.141325
vt 0.828094 0.111329
vt 0.828094 0.141325
vt 0.748649 0.141325
vt 0.748649 0.141325
vt 0.748649 0.111329
vt 0.828094 0.111329
vt 0.949694 0.437583
vt 0.949694 0.311050
vt 1.000341 0.311050
vt 1.000341 0.311050
vt 1.000341 0.437583
vt 0.949694 0.437583
vt 0.002200 0.212108
vt 1.002200 0.212108
vt 1.002200 0.232123
vt 1.002200 0.232123
vt 0.002200 0.232123
vt 0.002200 0.212108
vt 0.950235 0.437637
vt 0.950235 0.309564
vt 1.000849 0.309564
vt 1.000849 0.309564
vt 1.000849 0.437637
vt 0.950235 0.437637
vt 0.108297 0.212108
vt 0.108297 0.232123
vt 0.002200 0.232123
vt 0.002200 0.232123
vt 0.002200 0.212108
vt 0.108297 0.212108
vt 0.291736 0.212108
vt 1.002200 0.212108
vt 1.002200 0.232123
vt 1.002200 0.232123
vt 0.291736 0.232123
vt 0.291736 0.212108
vt 0.513703 0.296049
vt 0.513703 0.279641
vt 0.524124 0.279642
vt 0.524124 0.279642
vt 0.524124 0.296050
vt 0.513703 0.296049
vt 0.118381 0.006347
vt 0.118381 0.026362
vt 0.002200 0.026362
vt 0.002200 0.026362
vt 0.002200 0.006347
vt 0.118381 0.006347
vt 0.950435 0.438132
vt 0.950435 0.310060
vt 1.000640 0.310060
vt 1.000640 0.310060
vt 1.000640 0.438132
vt 0.950435 0.438132
vt 0.002200 0.006347
vt 1.002200 0.006347
vt 1.002200 0.026362
vt 1.002200 0.026362
vt 0.002200 0.026362
vt 0.002200 0.006347
vt 0.407262 0.006347
vt 1.002200 0.006347
vt 1.002200 0.026362
vt 1.002200 0.026362
vt 0.407262 0.026362
vt 0.407262 0.006347
vt 0.951216 0.345195
vt 0.951216 0.312015
vt 0.999681 0.312015
vt 0.999681 0.312015
vt 0.999681 0.345195
vt 0.951216 0.345195
vt 0.133913 0.109228
vt 0.133912 0.129243
vt 1.006814 0.129243
vt 1.006814 0.129243
vt 1.006814 0.109228
vt 0.133913 0.109228
vt 1.006814 0.109228
vt 0.006814 0.109228
vt 0.006814 0.129243
vt 0.006814 0.129243
vt 1.006814 0.129243
vt 1.006814 0.109228
vt 1.001401 0.403893
vt 1.001401 0.309997
vt 0.949568 0.309997
vt 0.949568 0.309997
vt 0.949568 0.403893
vt 1.001401 0.403893
vt 0.748649 0.208598
vt 0.748649 0.199117
vt 0.828094 0.199117
vt 0.828094 0.199117
vt 0.828094 0.208598
vt 0.748649 0.208598
vt 0.951216 0.345195
vt 0.951216 0.312015
vt 0.999681 0.312015
vt 0.999681 0.312015
vt 0.999681 0.345195
vt 0.951216 0.345195
vt 0.133913 0.109228
vt 0.133912 0.129243
vt 1.006814 0.129243
vt 1.006814 0.129243
vt 1.006814 0.109228
vt 0.133913 0.109228
vt 1.001401 0.403893
vt 1.001401 0.309997
vt 0.949568 0.309997
vt 0.949568 0.309997
vt 0.949568 0.403893
vt 1.001401 0.403893
vt 0.950435 0.438132
vt 0.950435 0.310060
vt 1.000640 0.310060
vt 1.000640 0.310060
vt 1.000640 0.438132
vt 0.950435 0.438132
vt 0.002200 0.006347
vt 1.002200 0.006347
vt 1.002200 0.026362
vt 1.002200 0.026362
vt 0.002200 0.026362
vt 0.002200 0.006347
vt 0.407262 0.006347
vt 1.002200 0.006347
vt 1.002200 0.026362
vt 1.002200 0.026362
vt 0.407262 0.026362
vt 0.407262 0.006347
vt 1.002200 0.316356
vt 0.002200 0.316356
vt 0.002200 0.448318
vt 0.002200 0.448318
vt 1.002200 0.448318
vt 1.002200 0.316356
vt 1.002200 0.316356
vt 1.002200 0.448318
vt 0.002200 0.448318
vt 0.002200 0.448318
vt 0.002200 0.316356
vt 1.002200 0.316356
vt 0.003834 0.466357
vt 0.123716 0.466357
vt 0.123716 0.510915
vt 0.123716 0.510915
vt 0.003834 0.510915
vt 0.003834 0.466357
vt 0.002200 0.374087
vt 1.002200 0.374087
vt 1.002200 0.399211
vt 1.002200 0.399211
vt 0.002200 0.399211
vt 0.002200 0.374087
vt 1.002200 0.316356
vt 1.002200 0.448318
vt 0.002200 0.448318
vt 0.002200 0.448318
vt 0.002200 0.316356
vt 1.002200 0.316356
vt 0.002200 0.309939
vt 0.732930 0.295197
vt 0.712664 0.300651
vt 0.712664 0.300651
vt 0.712664 0.309939
vt 0.002200 0.309939
vt 1.002200 0.309939
vt 0.896103 0.309939
vt 0.876391 0.303075
vt 1.002200 0.204813
vt 1.002200 0.309939
vt 0.876391 0.303075
vt 0.876391 0.303075
vt 0.732930 0.295197
vt 1.002200 0.204813
vt 0.732930 0.295197
vt 0.002200 0.309939
vt 1.002200 0.204813
vt 0.002200 0.204813
vt 1.002200 0.204813
vt 0.002200 0.309939
vt 0.002200 0.309939
vt 0.732930 0.295197
vt 0.712664 0.300651
vt 0.712664 0.300651
vt 0.712664 0.309939
vt 0.002200 0.309939
vt 1.002200 0.309939
vt 0.896103 0.309939
vt 0.876391 0.303075
vt 1.002200 0.204813
vt 1.002200 0.309939
vt 0.876391 0.303075
vt 0.876391 0.303075
vt 0.732930 0.295197
vt 1.002200 0.204813
vt 0.732930 0.295197
vt 0.002200 0.309939
vt 1.002200 0.204813
vt 0.002200 0.204813
vt 1.002200 0.204813
vt 0.002200 0.309939
vt 0.999681 0.345195
vt 0.999681 0.356989
vt 0.951216 0.345195
vt 0.951216 0.356989
vt 0.951216 0.345195
vt 0.999681 0.356989
vt 0.951216 0.374640
vt 0.951216 0.356989
vt 0.999681 0.356989
vt 0.123716 0.510915
vt 0.003834 0.510915
vt 0.003834 0.466357
vt 1.002200 0.374087
vt 1.002200 0.399211
vt 0.002200 0.399211
vt 0.003834 0.466357
vt 0.123716 0.466357
vt 0.123716 0.510915
vt 0.002200 0.399211
vt 0.002200 0.374087
vt 1.002200 0.374087
vt 0.949857 0.323897
vt 0.949857 0.311622
vt 1.002200 0.323897
vt 1.002200 0.311622
vt 1.002200 0.323897
vt 0.949857 0.311622
vt 1.001401 0.403893
vt 1.001401 0.309997
vt 0.949568 0.309997
vt 0.949568 0.309997
vt 0.949568 0.403893
vt 1.001401 0.403893
vt 1.000640 0.310060
vt 1.000640 0.438132
vt 0.950435 0.438132
vt 1.002200 -0.000948
vt 1.002200 0.104177
vt 0.407262 -0.000948
vt 0.407262 0.006347
vt 1.002200 0.006347
vt 1.002200 0.026362
vt 0.950435 0.438132
vt 0.950435 0.310060
vt 1.000640 0.310060
vt 1.002200 0.026362
vt 0.407262 0.026362
vt 0.407262 0.006347
vt 0.344066 0.008193
vt 0.407262 -0.000948
vt 1.002200 0.104177
vt 1.002200 0.104177
vt 1.002200 -0.000948
vt 0.407262 -0.000948
vt 1.002200 0.026362
vt 0.002200 0.026362
vt 0.002200 0.006347
vt 0.252379 0.026619
vt 0.135694 0.026619
vt 0.135666 0.011557
vt 1.002200 0.104177
vt 0.002200 0.104177
vt 0.344066 0.008193
vt 0.135666 0.011557
vt 0.252379 0.011557
vt 0.252379 0.026619
vt 0.407262 -0.000948
vt 0.344066 0.008193
vt 1.002200 0.104177
vt 0.002200 0.006347
vt 1.002200 0.006347
vt 1.002200 0.026362
vt 0.623941 0.026619
vt 0.252379 0.026619
vt 0.252379 0.011557
vt 0.002200 0.104177
vt 1.002200 0.104177
vt 0.344066 0.008193
vt 0.252379 0.011557
vt 0.623941 0.011557
vt 0.623941 0.026619
vt 0.672411 0.026619
vt 0.623941 0.026619
vt 0.623941 0.011557
vt 0.002200 0.026362
vt 0.002200 0.006347
vt 0.118381 0.006347
vt 0.118381 0.006347
vt 0.118381 0.026362
vt 0.002200 0.026362
vt 0.623941 0.011557
vt 0.672411 0.011557
vt 0.672411 0.026619
vt 0.291736 0.212108
vt 1.002200 0.212108
vt 1.002200 0.232123
vt 1.002200 0.232123
vt 0.291736 0.232123
vt 0.291736 0.212108
vt 0.712664 0.309939
vt 0.712664 0.300651
vt 0.002200 0.309939
vt 0.513703 0.296049
vt 0.513703 0.279641
vt 0.524124 0.279642
vt 0.712664 0.300651
vt 0.712664 0.309939
vt 0.002200 0.309939
vt 0.002200 0.204813
vt 0.002200 0.309939
vt 0.712664 0.300651
vt 0.524124 0.279642
vt 0.524124 0.296050
vt 0.513703 0.296049
vt 0.002200 0.204813
vt 1.002200 0.204813
vt 0.002200 0.309939
vt 0.002200 0.309939
vt 0.732930 0.295197
vt 0.712664 0.300651
vt 1.002200 0.204813
vt 0.002200 0.204813
vt 0.712664 0.300651
vt 0.570486 0.296050
vt 0.524124 0.296050
vt 0.524124 0.279642
vt 1.002200 0.232123
vt 0.002200 0.232123
vt 0.002200 0.212108
vt 0.732930 0.295197
vt 0.002200 0.309939
vt 1.002200 0.204813
vt 0.524124 0.279642
vt 0.570486 0.279642
vt 0.570486 0.296050
vt 0.712664 0.300651
vt 0.732930 0.295197
vt 1.002200 0.204813
vt 0.002200 0.212108
vt 1.002200 0.212108
vt 1.002200 0.232123
vt 0.876391 0.303075
vt 0.732930 0.295197
vt 1.002200 0.204813
vt 0.879671 0.296045
vt 0.570486 0.296050
vt 0.570486 0.279642
vt 0.732930 0.295197
vt 0.876310 0.303046
vt 1.002200 0.204813
vt 1.000849 0.309564
vt 1.000849 0.437637
vt 0.950235 0.437637
vt 1.002200 0.204813
vt 1.002200 0.309939
vt 0.876391 0.303075
vt 0.570486 0.279642
vt 0.879754 0.279637
vt 0.879671 0.296045
vt 1.002200 0.309939
vt 1.002200 0.204813
vt 0.876310 0.303046
vt 0.950235 0.437637
vt 0.950235 0.309564
vt 1.000849 0.309564
vt 1.002200 0.309939
vt 0.896103 0.309939
vt 0.876391 0.303075
vt 0.919895 0.296044
vt 0.879671 0.296045
vt 0.879754 0.279637
vt 0.876310 0.303046
vt 0.896103 0.309939
vt 1.002200 0.309939
vt 0.002200 0.232123
vt 0.002200 0.212108
vt 0.108297 0.212108
vt 0.108297 0.212108
vt 0.108297 0.232123
vt 0.002200 0.232123
vt 0.879754 0.279637
vt 0.919895 0.279636
vt 0.919895 0.296044
vt 0.002200 0.026362
vt 0.002200 0.006347
vt 0.118381 0.006347
vt 0.672411 0.026619
vt 0.623941 0.026619
vt 0.623941 0.011557
vt 0.002200 0.006347
vt 1.002200 0.006347
vt 1.002200 0.026362
vt 0.135666 0.011557
vt 0.252379 0.011557
vt 0.252379 0.026619
vt 0.118381 0.006347
vt 0.118381 0.026362
vt 0.002200 0.026362
vt 0.623941 0.011557
vt 0.672411 0.011557
vt 0.672411 0.026619
vt 0.252379 0.026619
vt 0.135694 0.026619
vt 0.135666 0.011557
vt 1.002200 0.026362
vt 0.002200 0.026362
vt 0.002200 0.006347
vt 1.002200 0.026362
vt 0.407262 0.026362
vt 0.407262 0.006347
vt 0.407262 0.006347
vt 1.002200 0.006347
vt 1.002200 0.026362
vt 0.950435 0.438132
vt 0.950435 0.310060
vt 1.000640 0.310060
vt 1.000640 0.310060
vt 1.000640 0.438132
vt 0.950435 0.438132
vt 0.123716 0.510915
vt 0.003834 0.510915
vt 0.003834 0.466357
vt 1.002200 0.325514
vt 1.002200 0.350638
vt 0.002200 0.350638
vt 0.003834 0.466357
vt 0.123716 0.466357
vt 0.123716 0.510915
vt 0.002200 0.350638
vt 0.002200 0.325514
vt 1.002200 0.325514
vt 0.879754 0.279637
vt 0.919895 0.279636
vt 0.919895 0.296044
vt 0.919895 0.296044
vt 0.879671 0.296045
vt 0.879754 0.279637
vt 0.570486 0.279642
vt 0.879754 0.279637
vt 0.879671 0.296045
vt 0.879671 0.296045
vt 0.570486 0.296050
vt 0.570486 0.279642
vt 1.002200 0.323897
vt 1.002200 0.364681
vt 0.949857 0.364681
vt 0.013143 0.139829
vt 0.037578 0.134085
vt 0.084762 0.132808
vt 0.037578 0.134085
vt 0.013143 0.139829
vt 0.084762 0.132808
vt 0.949857 0.364681
vt 0.949857 0.323897
vt 1.002200 0.323897
vt 0.084762 0.132808
vt 0.006814 0.207058
vt 0.013143 0.139829
vt 0.091784 0.125787
vt 0.111163 0.126106
vt 0.084762 0.132808
vt 0.006814 0.207058
vt 0.084762 0.132808
vt 0.013143 0.139829
vt 0.949857 0.323897
vt 0.949857 0.311622
vt 1.002200 0.323897
vt 0.006814 0.145403
vt 0.013143 0.139829
vt 0.006814 0.207058
vt 0.006814 0.207058
vt 0.084762 0.132808
vt 0.111163 0.126106
vt 0.748649 0.141325
vt 0.748649 0.111329
vt 0.828094 0.111329
vt 0.111163 0.126106
vt 0.091784 0.125787
vt 0.084762 0.132808
vt 0.013143 0.139829
vt 0.006814 0.145403
vt 0.006814 0.207058
vt 0.084762 0.132808
vt 0.006814 0.207058
vt 0.111163 0.126106
vt 1.002200 0.311622
vt 1.002200 0.323897
vt 0.949857 0.311622
vt 1.001401 0.403893
vt 1.001401 0.309997
vt 0.949568 0.309997
vt 1.006814 0.207058
vt 0.006814 0.207058
vt 0.111163 0.126106
vt 0.828094 0.111329
vt 0.828094 0.141325
vt 0.748649 0.141325
vt 0.949568 0.309997
vt 0.949568 0.403893
vt 1.001401 0.403893
vt 0.006814 0.207058
vt 1.006814 0.207058
vt 0.111163 0.126106
vt 0.006814 0.129243
vt 1.006814 0.129243
vt 1.006814 0.109228
vt 1.006814 0.109228
vt 0.006814 0.109228
vt 0.006814 0.129243
vt 0.133912 0.109192
vt 1.006814 0.207058
vt 0.111163 0.126106
vt 0.748649 0.162772
vt 0.748649 0.141325
vt 0.828094 0.141325
vt 1.006814 0.207058
vt 0.133912 0.109192
vt 0.111163 0.126106
vt 0.999681 0.436351
vt 0.951216 0.436351
vt 0.951216 0.408987
vt 1.006814 0.207058
vt 0.133912 0.109192
vt 0.991778 0.160137
vt 0.111163 0.126106
vt 0.113410 0.112384
vt 0.133912 0.109192
vt 0.828094 0.141325
vt 0.828094 0.162772
vt 0.748649 0.162772
vt 0.133912 0.109192
vt 1.006814 0.207058
vt 0.991778 0.160137
vt 0.113410 0.112384
vt 0.111163 0.126106
vt 0.133912 0.109192
vt 0.999681 0.408987
vt 0.999681 0.436351
vt 0.951216 0.408987
vt 0.991778 0.160137
vt 1.006814 0.178065
vt 1.006814 0.207058
vt 0.133912 0.109192
vt 0.133912 0.101933
vt 0.991778 0.160137
vt 0.748649 0.199117
vt 0.748649 0.162772
vt 0.828094 0.162772
vt 1.006814 0.207058
vt 1.006814 0.178065
vt 0.991778 0.160137
vt 0.133912 0.101933
vt 0.133912 0.109192
vt 0.991778 0.160137
vt 0.828094 0.162772
vt 0.828094 0.199117
vt 0.748649 0.199117
vt 0.999681 0.388465
vt 0.999681 0.408987
vt 0.951216 0.408987
vt 0.951216 0.408987
vt 0.951216 0.388465
vt 0.999681 0.388465
vt 0.985026 0.143213
vt 0.991778 0.160137
vt 0.133912 0.101933
vt 0.748649 0.208598
vt 0.748649 0.199117
vt 0.828094 0.199117
vt 0.991778 0.160137
vt 0.985026 0.143213
vt 0.133912 0.101933
vt 0.828094 0.199117
vt 0.828094 0.208598
vt 0.748649 0.208598
vt 0.999681 0.374640
vt 0.999681 0.388465
vt 0.951216 0.388465
vt 0.133912 0.101933
vt 1.006814 0.101933
vt 0.985026 0.143213
vt 0.951216 0.388465
vt 0.951216 0.374640
vt 0.999681 0.374640
vt 1.006814 0.101933
vt 0.133912 0.101933
vt 0.985026 0.143213
vt 0.133913 0.109228
vt 0.133912 0.129243
vt 1.006814 0.129243
vt 0.994757 0.131027
vt 0.985026 0.143213
vt 1.006814 0.101933
vt 1.006814 0.129243
vt 1.006814 0.109228
vt 0.133913 0.109228
vt 0.999681 0.356989
vt 0.999681 0.374640
vt 0.951216 0.374640
vt 0.985026 0.143213
vt 0.994757 0.131027
vt 1.006814 0.101933
vt 0.951216 0.374640
vt 0.951216 0.356989
vt 0.999681 0.356989
vt 1.006814 0.101933
vt 1.006814 0.129986
vt 0.994757 0.131027
vt 0.951216 0.345195
vt 0.951216 0.312015
vt 0.999681 0.312015
vt 1.006814 0.129986
vt 1.006814 0.101933
vt 0.994757 0.131027
vt 0.951216 0.356989
vt 0.951216 0.345195
vt 0.999681 0.356989
vt 0.999681 0.312015
vt 0.999681 0.345195
vt 0.951216 0.345195
vt 0.999681 0.345195
vt 0.999681 0.356989
vt 0.951216 0.345195
vt 0.949857 0.323897
vt 0.949857 0.311622
vt 1.002200 0.323897
vt 1.002200 0.311622
vt 1.002200 0.323897
vt 0.949857 0.311622
vt 1.001401 0.403893
vt 1.001401 0.309997
vt 0.949568 0.309997
vt 0.949568 0.309997
vt 0.949568 0.403893
vt 1.001401 0.403893
vt 1.000640 0.310060
vt 1.000640 0.438132
vt 0.950435 0.438132
vt 1.002200 -0.000948
vt 1.002200 0.104177
vt 0.407262 -0.000948
vt 0.407262 0.006347
vt 1.002200 0.006347
vt 1.002200 0.026362
vt 0.950435 0.438132
vt 0.950435 0.310060
vt 1.000640 0.310060
vt 1.002200 0.026362
vt 0.407262 0.026362
vt 0.407262 0.006347
vt 0.344066 0.008193
vt 0.407262 -0.000948
vt 1.002200 0.104177
vt 1.002200 0.104177
vt 1.002200 -0.000948
vt 0.407262 -0.000948
vt 1.002200 0.026362
vt 0.002200 0.026362
vt 0.002200 0.006347
vt 0.252379 0.026619
vt 0.135694 0.026619
vt 0.135666 0.011557
vt 1.002200 0.104177
vt 0.002200 0.104177
vt 0.344066 0.008193
vt 0.135666 0.011557
vt 0.252379 0.011557
vt 0.252379 0.026619
vt 0.407262 -0.000948
vt 0.344066 0.008193
vt 1.002200 0.104177
vt 0.002200 0.006347
vt 1.002200 0.006347
vt 1.002200 0.026362
vt 0.623941 0.026619
vt 0.252379 0.026619
vt 0.252379 0.011557
vt 0.002200 0.104177
vt 1.002200 0.104177
vt 0.344066 0.008193
vt 0.252379 0.011557
vt 0.623941 0.011557
vt 0.623941 0.026619
vt 0.672411 0.026619
vt 0.623941 0.026619
vt 0.623941 0.011557
vt 0.002200 0.026362
vt 0.002200 0.006347
vt 0.118381 0.006347
vt 0.118381 0.006347
vt 0.118381 0.026362
vt 0.002200 0.026362
vt 0.623941 0.011557
vt 0.672411 0.011557
vt 0.672411 0.026619
vt 0.291736 0.212108
vt 1.002200 0.212108
vt 1.002200 0.232123
vt 1.002200 0.232123
vt 0.291736 0.232123
vt 0.291736 0.212108
vt 0.712664 0.309939
vt 0.712664 0.300651
vt 0.002200 0.309939
vt 1.000341 0.311050
vt 1.000341 0.437583
vt 0.949694 0.437583
vt 0.712664 0.300651
vt 0.712664 0.309939
vt 0.002200 0.309939
vt 0.002200 0.204813
vt 0.002200 0.309939
vt 0.712664 0.300651
vt 0.949694 0.437583
vt 0.949694 0.311050
vt 1.000341 0.311050
vt 0.002200 0.204813
vt 1.002200 0.204813
vt 0.002200 0.309939
vt 0.002200 0.309939
vt 0.732930 0.295197
vt 0.712664 0.300651
vt 1.002200 0.204813
vt 0.002200 0.204813
vt 0.712664 0.300651
vt 0.732930 0.295197
vt 0.002200 0.309939
vt 1.002200 0.204813
vt 0.712664 0.300651
vt 0.732930 0.295197
vt 1.002200 0.204813
vt 0.876391 0.303075
vt 0.732930 0.295197
vt 1.002200 0.204813
vt 0.879671 0.296045
vt 0.570486 0.296050
vt 0.570486 0.279642
vt 0.732930 0.295197
vt 0.876310 0.303046
vt 1.002200 0.204813
vt 1.000849 0.309564
vt 1.000849 0.437637
vt 0.950235 0.437637
vt 1.002200 0.204813
vt 1.002200 0.309939
vt 0.876391 0.303075
vt 0.570486 0.279642
vt 0.879754 0.279637
vt 0.879671 0.296045
vt 1.002200 0.309939
vt 1.002200 0.204813
vt 0.876310 0.303046
vt 0.950235 0.437637
vt 0.950235 0.309564
vt 1.000849 0.309564
vt 1.002200 0.309939
vt 0.896103 0.309939
vt 0.876391 0.303075
vt 0.919895 0.296044
vt 0.879671 0.296045
vt 0.879754 0.279637
vt 0.876310 0.303046
vt 0.896103 0.309939
vt 1.002200 0.309939
vt 0.002200 0.232123
vt 0.002200 0.212108
vt 0.108297 0.212108
vt 0.108297 0.212108
vt 0.108297 0.232123
vt 0.002200 0.232123
vt 0.879754 0.279637
vt 0.919895 0.279636
vt 0.919895 0.296044
vt 0.002200 0.006347
vt 1.002200 0.006347
vt 1.002200 0.026362
vt 0.135666 0.011557
vt 0.252379 0.011557
vt 0.252379 0.026619
vt 0.252379 0.026619
vt 0.135694 0.026619
vt 0.135666 0.011557
vt 1.002200 0.026362
vt 0.002200 0.026362
vt 0.002200 0.006347
vt 1.002200 0.026362
vt 0.407262 0.026362
vt 0.407262 0.006347
vt 0.407262 0.006347
vt 1.002200 0.006347
vt 1.002200 0.026362
vt 0.950435 0.438132
vt 0.950435 0.310060
vt 1.000640 0.310060
vt 1.000640 0.310060
vt 1.000640 0.438132
vt 0.950435 0.438132
vt 1.771440 0.884317
vt 0.416487 0.923960
vt 0.416487 0.893591
vt 0.416487 0.923960
vt 1.771440 0.884317
vt 1.771440 0.923960
vt 0.109870 0.923907
vt 0.910102 0.895888
vt 0.910102 0.923907
vt 0.910102 0.895888
vt 0.109870 0.923907
vt 0.109870 0.895888
vt -0.453319 0.914518
vt 0.236654 0.925263
vt -0.453300 0.925263
vt 0.236654 0.925263
vt -0.453319 0.914518
vt 0.236674 0.914518
vt -0.631646 0.926587
vt 0.601482 0.914143
vt 0.601453 0.926587
vt 0.601482 0.914143
vt -0.631646 0.926587
vt -0.631675 0.914144
vt 1.771440 0.884317
vt 0.416487 0.923960
vt 0.416487 0.893591
vt 0.416487 0.923960
vt 1.771440 0.884317
vt 1.771440 0.923960
vt 0.109870 0.923907
vt 0.910102 0.895888
vt 0.910102 0.923907
vt 0.910102 0.895888
vt 0.109870 0.923907
vt 0.109870 0.895888
vt 0.035585 0.926587
vt 1.268712 0.914143
vt 1.268683 0.926587
vt 1.268712 0.914143
vt 0.035585 0.926587
vt 0.035556 0.914144
vt 0.139151 0.914518
vt 0.829125 0.925263
vt 0.139171 0.925263
vt 0.829125 0.925263
vt 0.139151 0.914518
vt 0.829144 0.914518
vt -0.453319 0.914518
vt 0.236654 0.925263
vt -0.453300 0.925263
vt 0.236654 0.925263
vt -0.453319 0.914518
vt 0.236674 0.914518
vt 1.771440 0.884317
vt 0.416487 0.923960
vt 0.416487 0.893591
vt 0.416487 0.923960
vt 1.771440 0.884317
vt 1.771440 0.923960
vt 0.109870 0.923907
vt 0.910102 0.895888
vt 0.910102 0.923907
vt 0.910102 0.895888
vt 0.109870 0.923907
vt 0.109870 0.895888
vt 0.035585 0.926587
vt 1.268712 0.914143
vt 1.268683 0.926587
vt 1.268712 0.914143
vt 0.035585 0.926587
vt 0.035556 0.914144
vt -0.453319 0.914518
vt 0.236654 0.925263
vt -0.453300 0.925263
vt 0.236654 0.925263
vt -0.453319 0.914518
vt 0.236674 0.914518
vt -0.631646 0.926587
vt 0.601482 0.914143
vt 0.601453 0.926587
vt 0.601482 0.914143
vt -0.631646 0.926587
vt -0.631675 0.914144
vt 1.771440 0.884317
vt 0.416487 0.923960
vt 0.416487 0.893591
vt 0.416487 0.923960
vt 1.771440 0.884317
vt 1.771440 0.923960
vt 0.035585 0.926587
vt 1.268712 0.914143
vt 1.268683 0.926587
vt 1.268712 0.914143
vt 0.035585 0.926587
vt 0.035556 0.914144
vt -0.631646 0.926587
vt 0.601482 0.914143
vt 0.601453 0.926587
vt 0.601482 0.914143
vt -0.631646 0.926587
vt -0.631675 0.914144
vt 0.109870 0.923907
vt 0.910102 0.895888
vt 0.910102 0.923907
vt 0.910102 0.895888
vt 0.109870 0.923907
vt 0.109870 0.895888
vt 0.035585 0.926587
vt 1.268712 0.914143
vt 1.268683 0.926587
vt 1.268712 0.914143
vt 0.035585 0.926587
vt 0.035556 0.914144
vt 0.139151 0.914518
vt 0.829125 0.925263
vt 0.139171 0.925263
vt 0.829125 0.925263
vt 0.139151 0.914518
vt 0.829144 0.914518
vt -0.631646 0.926587
vt 0.601482 0.914143
vt 0.601453 0.926587
vt 0.601482 0.914143
vt -0.631646 0.926587
vt -0.631675 0.914144
vt 0.879754 0.279637
vt 0.919895 0.279636
vt 0.919895 0.296044
vt 0.919895 0.296044
vt 0.879671 0.296045
vt 0.879754 0.279637
vt 0.570486 0.279642
vt 0.879754 0.279637
vt 0.879671 0.296045
vt 0.879671 0.296045
vt 0.570486 0.296050
vt 0.570486 0.279642
vt 0.949857 0.437886
vt 0.949857 0.364681
vt 1.002200 0.364681
vt 1.002200 0.364681
vt 1.002200 0.437886
vt 0.949857 0.437886
vt 1.002200 0.323897
vt 1.002200 0.364681
vt 0.949857 0.364681
vt 0.013143 0.139829
vt 0.037578 0.134085
vt 0.084762 0.132808
vt 0.748649 0.111329
vt 0.748649 0.091141
vt 0.828094 0.091141
vt 0.037578 0.134085
vt 0.013143 0.139829
vt 0.084762 0.132808
vt 0.949857 0.364681
vt 0.949857 0.323897
vt 1.002200 0.323897
vt 0.084762 0.132808
vt 0.006814 0.207058
vt 0.013143 0.139829
vt 0.091784 0.125787
vt 0.111163 0.126106
vt 0.084762 0.132808
vt 0.828094 0.091141
vt 0.828094 0.111329
vt 0.748649 0.111329
vt 0.006814 0.207058
vt 0.084762 0.132808
vt 0.013143 0.139829
vt 0.949857 0.323897
vt 0.949857 0.311622
vt 1.002200 0.323897
vt 0.006814 0.145403
vt 0.013143 0.139829
vt 0.006814 0.207058
vt 0.006814 0.207058
vt 0.084762 0.132808
vt 0.111163 0.126106
vt 0.748649 0.141325
vt 0.748649 0.111329
vt 0.828094 0.111329
vt 0.111163 0.126106
vt 0.091784 0.125787
vt 0.084762 0.132808
vt 0.013143 0.139829
vt 0.006814 0.145403
vt 0.006814 0.207058
vt 0.084762 0.132808
vt 0.006814 0.207058
vt 0.111163 0.126106
vt 1.002200 0.311622
vt 1.002200 0.323897
vt 0.949857 0.311622
vt 1.001401 0.403893
vt 1.001401 0.309997
vt 0.949568 0.309997
vt 1.006814 0.207058
vt 0.006814 0.207058
vt 0.111163 0.126106
vt 0.828094 0.111329
vt 0.828094 0.141325
vt 0.748649 0.141325
vt 0.949568 0.309997
vt 0.949568 0.403893
vt 1.001401 0.403893
vt 0.006814 0.207058
vt 1.006814 0.207058
vt 0.111163 0.126106
vt 0.006814 0.129243
vt 1.006814 0.129243
vt 1.006814 0.109228
vt 1.006814 0.109228
vt 0.006814 0.109228
vt 0.006814 0.129243
vt 0.133912 0.109192
vt 1.006814 0.207058
vt 0.111163 0.126106
vt 0.748649 0.162772
vt 0.748649 0.141325
vt 0.828094 0.141325
vt 1.006814 0.207058
vt 0.133912 0.109192
vt 0.111163 0.126106
vt 0.999681 0.436351
vt 0.951216 0.436351
vt 0.951216 0.408987
vt 1.006814 0.207058
vt 0.133912 0.109192
vt 0.991778 0.160137
vt 0.111163 0.126106
vt 0.113410 0.112384
vt 0.133912 0.109192
vt 0.828094 0.141325
vt 0.828094 0.162772
vt 0.748649 0.162772
vt 0.133912 0.109192
vt 1.006814 0.207058
vt 0.991778 0.160137
vt 0.113410 0.112384
vt 0.111163 0.126106
vt 0.133912 0.109192
vt 0.999681 0.408987
vt 0.999681 0.436351
vt 0.951216 0.408987
vt 0.991778 0.160137
vt 1.006814 0.178065
vt 1.006814 0.207058
vt 0.133912 0.109192
vt 0.133912 0.101933
vt 0.991778 0.160137
vt 0.748649 0.199117
vt 0.748649 0.162772
vt 0.828094 0.162772
vt 1.006814 0.207058
vt 1.006814 0.178065
vt 0.991778 0.160137
vt 0.133912 0.101933
vt 0.133912 0.109192
vt 0.991778 0.160137
vt 0.828094 0.162772
vt 0.828094 0.199117
vt 0.748649 0.199117
vt 0.999681 0.388465
vt 0.999681 0.408987
vt 0.951216 0.408987
vt 0.951216 0.408987
vt 0.951216 0.388465
vt 0.999681 0.388465
vt 0.985026 0.143213
vt 0.991778 0.160137
vt 0.133912 0.101933
vt 0.748649 0.208598
vt 0.748649 0.199117
vt 0.828094 0.199117
vt 0.991778 0.160137
vt 0.985026 0.143213
vt 0.133912 0.101933
vt 0.828094 0.199117
vt 0.828094 0.208598
vt 0.748649 0.208598
vt 0.133912 0.101933
vt 1.006814 0.101933
vt 0.985026 0.143213
vt 1.006814 0.101933
vt 0.133912 0.101933
vt 0.985026 0.143213
vt 0.133913 0.109228
vt 0.133912 0.129243
vt 1.006814 0.129243
vt 0.994757 0.131027
vt 0.985026 0.143213
vt 1.006814 0.101933
vt 1.006814 0.129243
vt 1.006814 0.109228
vt 0.133913 0.109228
vt 0.999681 0.356989
vt 0.999681 0.374640
vt 0.951216 0.374640
vt 0.985026 0.143213
vt 0.994757 0.131027
vt 1.006814 0.101933
vt 0.951216 0.374640
vt 0.951216 0.356989
vt 0.999681 0.356989
vt 1.006814 0.101933
vt 1.006814 0.129986
vt 0.994757 0.131027
vt 1.006814 0.129986
vt 1.006814 0.101933
vt 0.994757 0.131027
vt 0.951216 0.356989
vt 0.951216 0.345195
vt 0.999681 0.356989
vt 0.999681 0.345195
vt 0.999681 0.356989
vt 0.951216 0.345195
vt 0.035585 0.926587
vt 1.268712 0.914143
vt 1.268683 0.926587
vt 1.268712 0.914143
vt 0.035585 0.926587
vt 0.035556 0.914144
vt 0.139151 0.914518
vt 0.829125 0.925263
vt 0.139171 0.925263
vt 0.829125 0.925263
vt 0.139151 0.914518
vt 0.829144 0.914518
vt -0.631646 0.926587
vt 0.601482 0.914143
vt 0.601453 0.926587
vt 0.601482 0.914143
vt -0.631646 0.926587
vt -0.631675 0.914144
vt 0.259907 0.510238
vt 0.131341 0.462908
vt 0.259907 0.462908
vt 0.131341 0.462908
vt 0.259907 0.510238
vt 0.131341 0.510238
vt 0.281355 0.606320
vt 1.113094 0.678837
vt 0.281355 0.678837
vt 1.113094 0.678837
vt 0.281355 0.606320
vt 1.113094 0.606320
vt -0.874026 0.841705
vt 0.725159 0.879763
vt 0.725346 0.842233
vt 0.725346 0.842233
vt 0.891226 0.879819
vt 0.891430 0.842288
vt 0.891226 0.879819
vt 0.725346 0.842233
vt 0.725159 0.879763
vt 0.570486 0.279642
vt 0.570486 0.296050
vt 0.524124 0.279642
vt 0.524124 0.296050
vt 0.950235 0.309564
vt 1.000849 0.309564
vt 0.950235 0.437637
vt 1.000849 0.437637
vt 0.513703 0.279641
vt 0.524124 0.279642
vt 0.513703 0.296049
vt 0.524124 0.296050
vt 0.291736 0.232123
vt 0.291736 0.212108
vt 1.002200 0.232123
vt 1.002200 0.212108
vt 1.002200 0.212108
vt 1.002200 0.232123
vt 0.002200 0.212108
vt 0.002200 0.232123
vt 1.000341 0.437583
vt 0.949694 0.437583
vt 1.000341 0.311050
vt 0.949694 0.311050
vt 0.748649 0.091141
vt 0.828094 0.091141
vt 0.748649 0.111329
vt 0.828094 0.111329
vt 0.999681 0.408987
vt 0.951216 0.408987
vt 0.999681 0.388465
vt 0.951216 0.388465
vt 0.949857 0.364681
vt 1.002200 0.364681
vt 0.949857 0.437886
vt 1.002200 0.437886
vt 0.949857 0.323897
vt 1.002200 0.323897
vt 0.949857 0.364681
vt 1.002200 0.364681
vt 0.951216 0.356989
vt 0.951216 0.345195
vt 0.999681 0.356989
vt 0.999681 0.345195
vt 0.748649 0.091141
vt 0.828094 0.091141
vt 0.748649 0.111329
vt 0.828094 0.111329
vt 0.951216 0.356989
vt 0.999681 0.356989
vt 0.951216 0.374640
vt 0.999681 0.374640
vt 1.006814 0.129986
vt 0.994757 0.131027
vt 1.006814 0.101933
vt 0.985026 0.143213
vt 0.999681 0.408987
vt 0.999681 0.436351
vt 0.951216 0.408987
vt 0.951216 0.436351
vt 0.999681 0.408987
vt 0.951216 0.408987
vt 0.999681 0.388465
vt 0.951216 0.388465
vt 0.999681 0.388465
vt 0.951216 0.388465
vt 0.999681 0.374640
vt 0.951216 0.374640
vt 0.006814 0.109228
vt 0.006814 0.129243
vt 1.006814 0.109228
vt 1.006814 0.129243
vt 0.748649 0.111329
vt 0.828094 0.111329
vt 0.748649 0.141325
vt 0.828094 0.141325
vt 0.828094 0.208598
vt 0.748649 0.208598
vt 0.828094 0.199117
vt 0.748649 0.199117
vt 1.000640 0.438132
vt 0.950435 0.438132
vt 1.000640 0.310060
vt 0.950435 0.310060
vt 0.118381 0.026362
vt 0.002200 0.026362
vt 0.118381 0.006347
vt 0.002200 0.006347
vt 0.672411 0.011557
vt 0.672411 0.026619
vt 0.623941 0.011557
vt 0.623941 0.026619
vt 0.950435 0.310060
vt 1.000640 0.310060
vt 0.950435 0.438132
vt 1.000640 0.438132
vt 1.002200 0.448318
vt 1.002200 0.316356
vt 0.002200 0.448318
vt 0.002200 0.316356
vt 1.002200 0.448318
vt 0.002200 0.448318
vt 1.002200 0.316356
vt 0.002200 0.316356
vt 0.003834 0.510915
vt 0.003834 0.466357
vt 0.123716 0.510915
vt 0.123716 0.466357
vt 0.003834 0.510915
vt 0.003834 0.466357
vt 0.123716 0.510915
vt 0.123716 0.466357
vt 0.002200 0.232123
vt 0.002200 0.212108
vt 1.002200 0.232123
vt 1.002200 0.212108
vt 1.000849 0.437637
vt 0.950235 0.437637
vt 1.000849 0.309564
vt 0.950235 0.309564
vt 1.002200 0.448318
vt 1.002200 0.316356
vt 0.002200 0.448318
vt 0.002200 0.316356
vt 0.002200 0.350638
vt 0.002200 0.325514
vt 1.002200 0.350638
vt 1.002200 0.325514
vt 0.003834 0.510915
vt 0.003834 0.466357
vt 0.123716 0.510915
vt 0.123716 0.466357
vt 1.002200 0.350638
vt 0.002200 0.350638
vt 1.002200 0.325514
vt 0.002200 0.325514
vt 0.003834 0.510915
vt 0.003834 0.466357
vt 0.123716 0.510915
vt 0.123716 0.466357
vt 0.949857 0.364681
vt 1.002200 0.364681
vt 0.949857 0.437886
vt 1.002200 0.437886
vt 0.949857 0.323897
vt 1.002200 0.323897
vt 0.949857 0.364681
vt 1.002200 0.364681
vt 0.951216 0.356989
vt 0.951216 0.345195
vt 0.999681 0.356989
vt 0.999681 0.345195
vt 0.748649 0.091141
vt 0.828094 0.091141
vt 0.748649 0.111329
vt 0.828094 0.111329
vt 0.951216 0.356989
vt 0.999681 0.356989
vt 0.951216 0.374640
vt 0.999681 0.374640
vt 0.999681 0.408987
vt 0.999681 0.436351
vt 0.951216 0.408987
vt 0.951216 0.436351
vt 0.999681 0.408987
vt 0.951216 0.408987
vt 0.999681 0.388465
vt 0.951216 0.388465
vt 0.999681 0.388465
vt 0.951216 0.388465
vt 0.999681 0.374640
vt 0.951216 0.374640
vt 0.006814 0.109228
vt 0.006814 0.129243
vt 1.006814 0.109228
vt 1.006814 0.129243
vt 0.748649 0.111329
vt 0.828094 0.111329
vt 0.748649 0.141325
vt 0.828094 0.141325
vt 0.748649 0.141325
vt 0.828094 0.141325
vt 0.748649 0.162772
vt 0.828094 0.162772
vt 0.828094 0.208598
vt 0.748649 0.208598
vt 0.828094 0.199117
vt 0.748649 0.199117
vt 0.748649 0.162772
vt 0.828094 0.162772
vt 0.748649 0.199117
vt 0.828094 0.199117
vt 1.000640 0.438132
vt 0.950435 0.438132
vt 1.000640 0.310060
vt 0.950435 0.310060
vt 0.002200 0.212108
vt 0.108297 0.212108
vt 0.002200 0.232123
vt 0.108297 0.232123
vt 0.002200 0.006347
vt 0.118381 0.006347
vt 0.002200 0.026362
vt 0.118381 0.026362
vt 0.950435 0.310060
vt 1.000640 0.310060
vt 0.950435 0.438132
vt 1.000640 0.438132
vt 0.672411 0.011557
vt 0.672411 0.026619
vt 0.623941 0.011557
vt 0.623941 0.026619
vt 0.252379 0.026619
vt 0.252379 0.011557
vt 0.623941 0.026619
vt 0.623941 0.011557
vt 0.828094 0.111329
vt 0.748649 0.111329
vt 0.828094 0.091141
vt 0.748649 0.091141
vt 1.002200 0.437886
vt 0.949857 0.437886
vt 1.002200 0.364681
vt 0.949857 0.364681
vt 1.002200 0.364681
vt 0.949857 0.364681
vt 1.002200 0.323897
vt 0.949857 0.323897
vt 0.524124 0.296050
vt 0.524124 0.279642
vt 0.570486 0.296050
vt 0.570486 0.279642
vt 0.416487 0.893591
vt 1.771440 0.884317
vt 0.416487 0.923960
vt 1.771440 0.923960
vt 1.771440 0.923960
vt 1.722745 0.972655
vt 0.416487 0.923960
vt 0.465182 0.972655
vt 0.889602 0.972436
vt 0.004762 0.972436
vt 0.889601 0.986197
vt 0.004763 0.986197
vt -0.631646 0.926587
vt 0.601453 0.926587
vt -0.645484 0.940313
vt 0.615292 0.940313
vt 0.109870 0.923907
vt 0.910102 0.923907
vt 0.152125 0.972655
vt 0.867847 0.972655
vt 0.236654 0.925263
vt 0.248594 0.937134
vt -0.453300 0.925263
vt -0.465240 0.937134
vt -0.202049 0.972655
vt 1.055514 0.972655
vt -0.202049 0.994607
vt 1.055514 0.994607
vt -0.440346 0.994607
vt -0.440346 0.972655
vt 0.275376 0.994607
vt 0.275376 0.972655
vt -0.250743 0.893591
vt 1.104209 0.893591
vt -0.250743 0.923960
vt 1.104209 0.923960
vt 1.104209 0.923960
vt 1.055514 0.972655
vt -0.250743 0.923960
vt -0.202049 0.972655
vt -0.482601 0.923907
vt 0.317631 0.923907
vt -0.440346 0.972655
vt 0.275376 0.972655
vt 0.317631 0.923907
vt -0.482601 0.923907
vt 0.317631 0.895888
vt -0.482601 0.895888
vt 0.889601 0.908930
vt 0.004763 0.908930
vt 0.889602 0.922691
vt 0.004762 0.922691
vt 0.829125 0.925263
vt 0.841065 0.937134
vt 0.139171 0.925263
vt 0.127231 0.937134
vt 0.889602 0.922691
vt 0.004762 0.922691
vt 0.889602 0.972436
vt 0.004762 0.972436
vt 0.152125 0.994607
vt 0.152125 0.972655
vt 0.867847 0.994607
vt 0.867847 0.972655
vt 0.035585 0.926587
vt 1.268683 0.926587
vt 0.021746 0.940313
vt 1.282522 0.940313
vt 0.465182 0.972655
vt 1.722745 0.972655
vt 0.465182 0.994607
vt 1.722745 0.994607
vt 0.416487 0.893591
vt 1.771440 0.884317
vt 0.416487 0.923960
vt 1.771440 0.923960
vt 1.771440 0.923960
vt 1.722745 0.972655
vt 0.416487 0.923960
vt 0.465182 0.972655
vt 0.889602 0.972436
vt 0.004762 0.972436
vt 0.889601 0.986197
vt 0.004763 0.986197
vt -0.631646 0.926587
vt 0.601453 0.926587
vt -0.645484 0.940313
vt 0.615292 0.940313
vt 0.109870 0.923907
vt 0.910102 0.923907
vt 0.152125 0.972655
vt 0.867847 0.972655
vt 0.236654 0.925263
vt 0.248594 0.937134
vt -0.453300 0.925263
vt -0.465240 0.937134
vt -0.202049 0.972655
vt 1.055514 0.972655
vt -0.202049 0.994607
vt 1.055514 0.994607
vt -0.440346 0.994607
vt -0.440346 0.972655
vt 0.275376 0.994607
vt 0.275376 0.972655
vt -0.250743 0.893591
vt 1.104209 0.893591
vt -0.250743 0.923960
vt 1.104209 0.923960
vt 1.104209 0.923960
vt 1.055514 0.972655
vt -0.250743 0.923960
vt -0.202049 0.972655
vt -0.482601 0.923907
vt 0.317631 0.923907
vt -0.440346 0.972655
vt 0.275376 0.972655
vt 0.317631 0.923907
vt -0.482601 0.923907
vt 0.317631 0.895888
vt -0.482601 0.895888
vt 0.889601 0.908930
vt 0.004763 0.908930
vt 0.889602 0.922691
vt 0.004762 0.922691
vt 0.829125 0.925263
vt 0.841065 0.937134
vt 0.139171 0.925263
vt 0.127231 0.937134
vt 0.889602 0.922691
vt 0.004762 0.922691
vt 0.889602 0.972436
vt 0.004762 0.972436
vt 0.152125 0.994607
vt 0.152125 0.972655
vt 0.867847 0.994607
vt 0.867847 0.972655
vt 0.035585 0.926587
vt 1.268683 0.926587
vt 0.021746 0.940313
vt 1.282522 0.940313
vt 0.465182 0.972655
vt 1.722745 0.972655
vt 0.465182 0.994607
vt 1.722745 0.994607
vt 1.771440 0.923960
vt 1.722745 0.972655
vt 0.416487 0.923960
vt 0.465182 0.972655
vt 0.889602 0.972436
vt 0.004762 0.972436
vt 0.889601 0.986197
vt 0.004763 0.986197
vt 0.910102 0.923907
vt 0.109870 0.923907
vt 0.910102 0.895888
vt 0.109870 0.895888
vt -0.631646 0.926587
vt 0.601453 0.926587
vt -0.645484 0.940313
vt 0.615292 0.940313
vt 0.139171 0.925263
vt 0.139151 0.914518
vt 0.829125 0.925263
vt 0.829144 0.914518
vt 0.109870 0.923907
vt 0.910102 0.923907
vt 0.152125 0.972655
vt 0.867847 0.972655
vt -0.453300 0.925263
vt -0.453319 0.914518
vt 0.236654 0.925263
vt 0.236674 0.914518
vt 0.236654 0.925263
vt 0.248594 0.937134
vt -0.453300 0.925263
vt -0.465240 0.937134
vt -0.202049 0.972655
vt 1.055514 0.972655
vt -0.202049 0.994607
vt 1.055514 0.994607
vt -0.440346 0.994607
vt -0.440346 0.972655
vt 0.275376 0.994607
vt 0.275376 0.972655
vt -0.250743 0.893591
vt 1.104209 0.893591
vt -0.250743 0.923960
vt 1.104209 0.923960
vt 1.104209 0.923960
vt 1.055514 0.972655
vt -0.250743 0.923960
vt -0.202049 0.972655
vt -0.482601 0.923907
vt 0.317631 0.923907
vt -0.440346 0.972655
vt 0.275376 0.972655
vt 0.317631 0.923907
vt -0.482601 0.923907
vt 0.317631 0.895888
vt -0.482601 0.895888
vt 0.889601 0.908930
vt 0.004763 0.908930
vt 0.889602 0.922691
vt 0.004762 0.922691
vt 0.829125 0.925263
vt 0.841065 0.937134
vt 0.139171 0.925263
vt 0.127231 0.937134
vt 0.889602 0.922691
vt 0.004762 0.922691
vt 0.889602 0.972436
vt 0.004762 0.972436
vt 0.152125 0.994607
vt 0.152125 0.972655
vt 0.867847 0.994607
vt 0.867847 0.972655
vt 0.035585 0.926587
vt 1.268683 0.926587
vt 0.021746 0.940313
vt 1.282522 0.940313
vt 0.465182 0.972655
vt 1.722745 0.972655
vt 0.465182 0.994607
vt 1.722745 0.994607
vt 0.416487 0.893591
vt 1.771440 0.884317
vt 0.416487 0.923960
vt 1.771440 0.923960
vt 1.771440 0.923960
vt 1.722745 0.972655
vt 0.416487 0.923960
vt 0.465182 0.972655
vt 0.889602 0.972436
vt 0.004762 0.972436
vt 0.889601 0.986197
vt 0.004763 0.986197
vt -0.631646 0.926587
vt 0.601453 0.926587
vt -0.645484 0.940313
vt 0.615292 0.940313
vt 0.109870 0.923907
vt 0.910102 0.923907
vt 0.152125 0.972655
vt 0.867847 0.972655
vt -0.453300 0.925263
vt -0.453319 0.914518
vt 0.236654 0.925263
vt 0.236674 0.914518
vt 0.236654 0.925263
vt 0.248594 0.937134
vt -0.453300 0.925263
vt -0.465240 0.937134
vt -0.202049 0.972655
vt 1.055514 0.972655
vt -0.202049 0.994607
vt 1.055514 0.994607
vt -0.440346 0.994607
vt -0.440346 0.972655
vt 0.275376 0.994607
vt 0.275376 0.972655
vt -0.250743 0.893591
vt 1.104209 0.893591
vt -0.250743 0.923960
vt 1.104209 0.923960
vt 1.104209 0.923960
vt 1.055514 0.972655
vt -0.250743 0.923960
vt -0.202049 0.972655
vt -0.482601 0.923907
vt 0.317631 0.923907
vt -0.440346 0.972655
vt 0.275376 0.972655
vt 0.317631 0.923907
vt -0.482601 0.923907
vt 0.317631 0.895888
vt -0.482601 0.895888
vt 0.889601 0.908930
vt 0.004763 0.908930
vt 0.889602 0.922691
vt 0.004762 0.922691
vt 0.829125 0.925263
vt 0.841065 0.937134
vt 0.139171 0.925263
vt 0.127231 0.937134
vt 0.889602 0.922691
vt 0.004762 0.922691
vt 0.889602 0.972436
vt 0.004762 0.972436
vt 0.152125 0.994607
vt 0.152125 0.972655
vt 0.867847 0.994607
vt 0.867847 0.972655
vt 0.035585 0.926587
vt 1.268683 0.926587
vt 0.021746 0.940313
vt 1.282522 0.940313
vt 0.465182 0.972655
vt 1.722745 0.972655
vt 0.465182 0.994607
vt 1.722745 0.994607
vt 1.771440 0.923960
vt 1.722745 0.972655
vt 0.416487 0.923960
vt 0.465182 0.972655
vt 0.889602 0.972436
vt 0.004762 0.972436
vt 0.889601 0.986197
vt 0.004763 0.986197
vt -0.631646 0.926587
vt 0.601453 0.926587
vt -0.645484 0.940313
vt 0.615292 0.940313
vt 0.601453 0.926587
vt -0.631646 0.926587
vt 0.601482 0.914143
vt -0.631675 0.914144
vt 0.109870 0.923907
vt 0.910102 0.923907
vt 0.152125 0.972655
vt 0.867847 0.972655
vt 0.236654 0.925263
vt 0.248594 0.937134
vt -0.453300 0.925263
vt -0.465240 0.937134
vt -0.202049 0.972655
vt 1.055514 0.972655
vt -0.202049 0.994607
vt 1.055514 0.994607
vt -0.440346 0.994607
vt -0.440346 0.972655
vt 0.275376 0.994607
vt 0.275376 0.972655
vt -0.250743 0.893591
vt 1.104209 0.893591
vt -0.250743 0.923960
vt 1.104209 0.923960
vt 1.104209 0.923960
vt 1.055514 0.972655
vt -0.250743 0.923960
vt -0.202049 0.972655
vt -0.482601 0.923907
vt 0.317631 0.923907
vt -0.440346 0.972655
vt 0.275376 0.972655
vt 0.317631 0.923907
vt -0.482601 0.923907
vt 0.317631 0.895888
vt -0.482601 0.895888
vt 0.889601 0.908930
vt 0.004763 0.908930
vt 0.889602 0.922691
vt 0.004762 0.922691
vt 0.829125 0.925263
vt 0.841065 0.937134
vt 0.139171 0.925263
vt 0.127231 0.937134
vt 0.889602 0.922691
vt 0.004762 0.922691
vt 0.889602 0.972436
vt 0.004762 0.972436
vt 0.152125 0.994607
vt 0.152125 0.972655
vt 0.867847 0.994607
vt 0.867847 0.972655
vt 0.035585 0.926587
vt 1.268683 0.926587
vt 0.021746 0.940313
vt 1.282522 0.940313
vt 0.465182 0.972655
vt 1.722745 0.972655
vt 0.465182 0.994607
vt 1.722745 0.994607
vt 0.416487 0.893591
vt 1.771440 0.884317
vt 0.416487 0.923960
vt 1.771440 0.923960
vt 1.771440 0.923960
vt 1.722745 0.972655
vt 0.416487 0.923960
vt 0.465182 0.972655
vt 0.889602 0.972436
vt 0.004762 0.972436
vt 0.889601 0.986197
vt 0.004763 0.986197
vt 0.910102 0.923907
vt 0.109870 0.923907
vt 0.910102 0.895888
vt 0.109870 0.895888
vt -0.631646 0.926587
vt 0.601453 0.926587
vt -0.645484 0.940313
vt 0.615292 0.940313
vt 0.139171 0.925263
vt 0.139151 0.914518
vt 0.829125 0.925263
vt 0.829144 0.914518
vt 0.109870 0.923907
vt 0.910102 0.923907
vt 0.152125 0.972655
vt 0.867847 0.972655
vt -0.453300 0.925263
vt -0.453319 0.914518
vt 0.236654 0.925263
vt 0.236674 0.914518
vt 0.236654 0.925263
vt 0.248594 0.937134
vt -0.453300 0.925263
vt -0.465240 0.937134
vt -0.202049 0.972655
vt 1.055514 0.972655
vt -0.202049 0.994607
vt 1.055514 0.994607
vt -0.440346 0.994607
vt -0.440346 0.972655
vt 0.275376 0.994607
vt 0.275376 0.972655
vt -0.250743 0.893591
vt 1.104209 0.893591
vt -0.250743 0.923960
vt 1.104209 0.923960
vt 1.104209 0.923960
vt 1.055514 0.972655
vt -0.250743 0.923960
vt -0.202049 0.972655
vt -0.482601 0.923907
vt 0.317631 0.923907
vt -0.440346 0.972655
vt 0.275376 0.972655
vt 0.317631 0.923907
vt -0.482601 0.923907
vt 0.317631 0.895888
vt -0.482601 0.895888
vt 0.889601 0.908930
vt 0.004763 0.908930
vt 0.889602 0.922691
vt 0.004762 0.922691
vt 0.829125 0.925263
vt 0.841065 0.937134
vt 0.139171 0.925263
vt 0.127231 0.937134
vt 0.889602 0.922691
vt 0.004762 0.922691
vt 0.889602 0.972436
vt 0.004762 0.972436
vt 0.152125 0.994607
vt 0.152125 0.972655
vt 0.867847 0.994607
vt 0.867847 0.972655
vt 0.035585 0.926587
vt 1.268683 0.926587
vt 0.021746 0.940313
vt 1.282522 0.940313
vt 1.268683 0.926587
vt 0.035585 0.926587
vt 1.268712 0.914143
vt 0.035556 0.914144
vt 0.465182 0.972655
vt 1.722745 0.972655
vt 0.465182 0.994607
vt 1.722745 0.994607
vt 0.416487 0.893591
vt 1.771440 0.884317
vt 0.416487 0.923960
vt 1.771440 0.923960
vt 1.771440 0.923960
vt 1.722745 0.972655
vt 0.416487 0.923960
vt 0.465182 0.972655
vt 0.889602 0.972436
vt 0.004762 0.972436
vt 0.889601 0.986197
vt 0.004763 0.986197
vt 0.910102 0.923907
vt 0.109870 0.923907
vt 0.910102 0.895888
vt 0.109870 0.895888
vt -0.631646 0.926587
vt 0.601453 0.926587
vt -0.645484 0.940313
vt 0.615292 0.940313
vt 0.139171 0.925263
vt 0.139151 0.914518
vt 0.829125 0.925263
vt 0.829144 0.914518
vt 0.109870 0.923907
vt 0.910102 0.923907
vt 0.152125 0.972655
vt 0.867847 0.972655
vt -0.453300 0.925263
vt -0.453319 0.914518
vt 0.236654 0.925263
vt 0.236674 0.914518
vt 0.236654 0.925263
vt 0.248594 0.937134
vt -0.453300 0.925263
vt -0.465240 0.937134
vt -0.202049 0.972655
vt 1.055514 0.972655
vt -0.202049 0.994607
vt 1.055514 0.994607
vt -0.440346 0.994607
vt -0.440346 0.972655
vt 0.275376 0.994607
vt 0.275376 0.972655
vt -0.250743 0.893591
vt 1.104209 0.893591
vt -0.250743 0.923960
vt 1.104209 0.923960
vt 1.104209 0.923960
vt 1.055514 0.972655
vt -0.250743 0.923960
vt -0.202049 0.972655
vt -0.482601 0.923907
vt 0.317631 0.923907
vt -0.440346 0.972655
vt 0.275376 0.972655
vt 0.317631 0.923907
vt -0.482601 0.923907
vt 0.317631 0.895888
vt -0.482601 0.895888
vt 0.889601 0.908930
vt 0.004763 0.908930
vt 0.889602 0.922691
vt 0.004762 0.922691
vt 0.829125 0.925263
vt 0.841065 0.937134
vt 0.139171 0.925263
vt 0.127231 0.937134
vt 0.889602 0.922691
vt 0.004762 0.922691
vt 0.889602 0.972436
vt 0.004762 0.972436
vt 0.152125 0.994607
vt 0.152125 0.972655
vt 0.867847 0.994607
vt 0.867847 0.972655
vt 0.035585 0.926587
vt 1.268683 0.926587
vt 0.021746 0.940313
vt 1.282522 0.940313
vt 0.465182 0.972655
vt 1.722745 0.972655
vt 0.465182 0.994607
vt 1.722745 0.994607
vt 1.771440 0.923960
vt 1.722745 0.972655
vt 0.416487 0.923960
vt 0.465182 0.972655
vt 0.889602 0.972436
vt 0.004762 0.972436
vt 0.889601 0.986197
vt 0.004763 0.986197
vt 0.910102 0.923907
vt 0.109870 0.923907
vt 0.910102 0.895888
vt 0.109870 0.895888
vt -0.631646 0.926587
vt 0.601453 0.926587
vt -0.645484 0.940313
vt 0.615292 0.940313
vt 0.139171 0.925263
vt 0.139151 0.914518
vt 0.829125 0.925263
vt 0.829144 0.914518
vt 0.109870 0.923907
vt 0.910102 0.923907
vt 0.152125 0.972655
vt 0.867847 0.972655
vt 0.236654 0.925263
vt 0.248594 0.937134
vt -0.453300 0.925263
vt -0.465240 0.937134
vt -0.202049 0.972655
vt 1.055514 0.972655
vt -0.202049 0.994607
vt 1.055514 0.994607
vt -0.440346 0.994607
vt -0.440346 0.972655
vt 0.275376 0.994607
vt 0.275376 0.972655
vt -0.250743 0.893591
vt 1.104209 0.893591
vt -0.250743 0.923960
vt 1.104209 0.923960
vt 1.104209 0.923960
vt 1.055514 0.972655
vt -0.250743 0.923960
vt -0.202049 0.972655
vt -0.482601 0.923907
vt 0.317631 0.923907
vt -0.440346 0.972655
vt 0.275376 0.972655
vt 0.317631 0.923907
vt -0.482601 0.923907
vt 0.317631 0.895888
vt -0.482601 0.895888
vt 0.889601 0.908930
vt 0.004763 0.908930
vt 0.889602 0.922691
vt 0.004762 0.922691
vt 0.829125 0.925263
vt 0.841065 0.937134
vt 0.139171 0.925263
vt 0.127231 0.937134
vt 0.889602 0.922691
vt 0.004762 0.922691
vt 0.889602 0.972436
vt 0.004762 0.972436
vt 0.152125 0.994607
vt 0.152125 0.972655
vt 0.867847 0.994607
vt 0.867847 0.972655
vt 0.035585 0.926587
vt 1.268683 0.926587
vt 0.021746 0.940313
vt 1.282522 0.940313
vt 0.465182 0.972655
vt 1.722745 0.972655
vt 0.465182 0.994607
vt 1.722745 0.994607
vt 0.416487 0.893591
vt 1.771440 0.884317
vt 0.416487 0.923960
vt 1.771440 0.923960
vt 1.771440 0.923960
vt 1.722745 0.972655
vt 0.416487 0.923960
vt 0.465182 0.972655
vt 0.889602 0.972436
vt 0.004762 0.972436
vt 0.889601 0.986197
vt 0.004763 0.986197
vt -0.631646 0.926587
vt 0.601453 0.926587
vt -0.645484 0.940313
vt 0.615292 0.940313
vt 0.109870 0.923907
vt 0.910102 0.923907
vt 0.152125 0.972655
vt 0.867847 0.972655
vt 0.236654 0.925263
vt 0.248594 0.937134
vt -0.453300 0.925263
vt -0.465240 0.937134
vt -0.202049 0.972655
vt 1.055514 0.972655
vt -0.202049 0.994607
vt 1.055514 0.994607
vt -0.440346 0.994607
vt -0.440346 0.972655
vt 0.275376 0.994607
vt 0.275376 0.972655
vt -0.250743 0.893591
vt 1.104209 0.893591
vt -0.250743 0.923960
vt 1.104209 0.923960
vt 1.104209 0.923960
vt 1.055514 0.972655
vt -0.250743 0.923960
vt -0.202049 0.972655
vt -0.482601 0.923907
vt 0.317631 0.923907
vt -0.440346 0.972655
vt 0.275376 0.972655
vt 0.317631 0.923907
vt -0.482601 0.923907
vt 0.317631 0.895888
vt -0.482601 0.895888
vt 0.889601 0.908930
vt 0.004763 0.908930
vt 0.889602 0.922691
vt 0.004762 0.922691
vt 0.829125 0.925263
vt 0.841065 0.937134
vt 0.139171 0.925263
vt 0.127231 0.937134
vt 0.889602 0.922691
vt 0.004762 0.922691
vt 0.889602 0.972436
vt 0.004762 0.972436
vt 0.152125 0.994607
vt 0.152125 0.972655
vt 0.867847 0.994607
vt 0.867847 0.972655
vt 0.035585 0.926587
vt 1.268683 0.926587
vt 0.021746 0.940313
vt 1.282522 0.940313
vt 0.465182 0.972655
vt 1.722745 0.972655
vt 0.465182 0.994607
vt 1.722745 0.994607
vt 1.771440 0.923960
vt 1.722745 0.972655
vt 0.416487 0.923960
vt 0.465182 0.972655
vt 0.889602 0.972436
vt 0.004762 0.972436
vt 0.889601 0.986197
vt 0.004763 0.986197
vt -0.631646 0.926587
vt 0.601453 0.926587
vt -0.645484 0.940313
vt 0.615292 0.940313
vt 0.601453 0.926587
vt -0.631646 0.926587
vt 0.601482 0.914143
vt -0.631675 0.914144
vt 0.109870 0.923907
vt 0.910102 0.923907
vt 0.152125 0.972655
vt 0.867847 0.972655
vt 0.236654 0.925263
vt 0.248594 0.937134
vt -0.453300 0.925263
vt -0.465240 0.937134
vt -0.202049 0.972655
vt 1.055514 0.972655
vt -0.202049 0.994607
vt 1.055514 0.994607
vt -0.440346 0.994607
vt -0.440346 0.972655
vt 0.275376 0.994607
vt 0.275376 0.972655
vt -0.250743 0.893591
vt 1.104209 0.893591
vt -0.250743 0.923960
vt 1.104209 0.923960
vt 1.104209 0.923960
vt 1.055514 0.972655
vt -0.250743 0.923960
vt -0.202049 0.972655
vt -0.482601 0.923907
vt 0.317631 0.923907
vt -0.440346 0.972655
vt 0.275376 0.972655
vt 0.317631 0.923907
vt -0.482601 0.923907
vt 0.317631 0.895888
vt -0.482601 0.895888
vt 0.889601 0.908930
vt 0.004763 0.908930
vt 0.889602 0.922691
vt 0.004762 0.922691
vt 0.829125 0.925263
vt 0.841065 0.937134
vt 0.139171 0.925263
vt 0.127231 0.937134
vt 0.889602 0.922691
vt 0.004762 0.922691
vt 0.889602 0.972436
vt 0.004762 0.972436
vt 0.152125 0.994607
vt 0.152125 0.972655
vt 0.867847 0.994607
vt 0.867847 0.972655
vt 0.035585 0.926587
vt 1.268683 0.926587
vt 0.021746 0.940313
vt 1.282522 0.940313
vt 0.465182 0.972655
vt 1.722745 0.972655
vt 0.465182 0.994607
vt 1.722745 0.994607
vt 0.416487 0.893591
vt 1.771440 0.884317
vt 0.416487 0.923960
vt 1.771440 0.923960
vt 1.771440 0.923960
vt 1.722745 0.972655
vt 0.416487 0.923960
vt 0.465182 0.972655
vt 0.889602 0.972436
vt 0.004762 0.972436
vt 0.889601 0.986197
vt 0.004763 0.986197
vt 0.910102 0.923907
vt 0.109870 0.923907
vt 0.910102 0.895888
vt 0.109870 0.895888
vt -0.631646 0.926587
vt 0.601453 0.926587
vt -0.645484 0.940313
vt 0.615292 0.940313
vt 0.139171 0.925263
vt 0.139151 0.914518
vt 0.829125 0.925263
vt 0.829144 0.914518
vt 0.109870 0.923907
vt 0.910102 0.923907
vt 0.152125 0.972655
vt 0.867847 0.972655
vt -0.453300 0.925263
vt -0.453319 0.914518
vt 0.236654 0.925263
vt 0.236674 0.914518
vt 0.236654 0.925263
vt 0.248594 0.937134
vt -0.453300 0.925263
vt -0.465240 0.937134
vt -0.202049 0.972655
vt 1.055514 0.972655
vt -0.202049 0.994607
vt 1.055514 0.994607
vt -0.440346 0.994607
vt -0.440346 0.972655
vt 0.275376 0.994607
vt 0.275376 0.972655
vt -0.250743 0.893591
vt 1.104209 0.893591
vt -0.250743 0.923960
vt 1.104209 0.923960
vt 1.104209 0.923960
vt 1.055514 0.972655
vt -0.250743 0.923960
vt -0.202049 0.972655
vt -0.482601 0.923907
vt 0.317631 0.923907
vt -0.440346 0.972655
vt 0.275376 0.972655
vt 0.317631 0.923907
vt -0.482601 0.923907
vt 0.317631 0.895888
vt -0.482601 0.895888
vt 0.889601 0.908930
vt 0.004763 0.908930
vt 0.889602 0.922691
vt 0.004762 0.922691
vt 0.829125 0.925263
vt 0.841065 0.937134
vt 0.139171 0.925263
vt 0.127231 0.937134
vt 0.889602 0.922691
vt 0.004762 0.922691
vt 0.889602 0.972436
vt 0.004762 0.972436
vt 0.152125 0.994607
vt 0.152125 0.972655
vt 0.867847 0.994607
vt 0.867847 0.972655
vt 0.035585 0.926587
vt 1.268683 0.926587
vt 0.021746 0.940313
vt 1.282522 0.940313
vt 1.268683 0.926587
vt 0.035585 0.926587
vt 1.268712 0.914143
vt 0.035556 0.914144
vt 0.465182 0.972655
vt 1.722745 0.972655
vt 0.465182 0.994607
vt 1.722745 0.994607
vt 0.672411 0.011557
vt 0.672411 0.026619
vt 0.623941 0.011557
vt 0.623941 0.026619
vt 0.828094 0.111329
vt 0.748649 0.111329
vt 0.828094 0.091141
vt 0.748649 0.091141
vt 0.828094 0.141325
vt 0.748649 0.141325
vt 0.828094 0.111329
vt 0.748649 0.111329
vt 0.949694 0.311050
vt 1.000341 0.311050
vt 0.949694 0.437583
vt 1.000341 0.437583
vt 1.002200 0.212108
vt 1.002200 0.232123
vt 0.002200 0.212108
vt 0.002200 0.232123
vt 0.950235 0.309564
vt 1.000849 0.309564
vt 0.950235 0.437637
vt 1.000849 0.437637
vt 0.108297 0.232123
vt 0.002200 0.232123
vt 0.108297 0.212108
vt 0.002200 0.212108
vt 1.002200 0.212108
vt 1.002200 0.232123
vt 0.291736 0.212108
vt 0.291736 0.232123
vt 0.513703 0.279641
vt 0.524124 0.279642
vt 0.513703 0.296049
vt 0.524124 0.296050
vt 0.950435 0.310060
vt 1.000640 0.310060
vt 0.950435 0.438132
vt 1.000640 0.438132
vt 0.002200 0.316356
vt 0.002200 0.448318
vt 1.002200 0.316356
vt 1.002200 0.448318
vt 0.123716 0.466357
vt 0.123716 0.510915
vt 0.003834 0.466357
vt 0.003834 0.510915
vt 1.002200 0.350638
vt 0.002200 0.350638
vt 1.002200 0.325514
vt 0.002200 0.325514
vt 0.123716 0.466357
vt 0.123716 0.510915
vt 0.003834 0.466357
vt 0.003834 0.510915
vt 1.002200 0.325514
vt 1.002200 0.350638
vt 0.002200 0.325514
vt 0.002200 0.350638
vt 1.002200 0.448318
vt 0.002200 0.448318
vt 1.002200 0.316356
vt 0.002200 0.316356
vt 0.006814 0.109228
vt 0.006814 0.129243
vt 1.006814 0.109228
vt 1.006814 0.129243
vt 0.748649 0.199117
vt 0.828094 0.199117
vt 0.748649 0.208598
vt 0.828094 0.208598
vt 0.950435 0.310060
vt 1.000640 0.310060
vt 0.950435 0.438132
vt 1.000640 0.438132
vt 0.118381 0.026362
vt 0.002200 0.026362
vt 0.118381 0.006347
vt 0.002200 0.006347
vt 0.123716 0.466357
vt 0.123716 0.510915
vt 0.003834 0.466357
vt 0.003834 0.510915
vt 1.002200 0.399211
vt 0.002200 0.399211
vt 1.002200 0.374087
vt 0.002200 0.374087
vt 0.123716 0.466357
vt 0.123716 0.510915
vt 0.003834 0.466357
vt 0.003834 0.510915
vt 1.002200 0.374087
vt 1.002200 0.399211
vt 0.002200 0.374087
vt 0.002200 0.399211
vt 0.002200 0.316356
vt 0.002200 0.448318
vt 1.002200 0.316356
vt 1.002200 0.448318
vt 0.123716 0.466357
vt 0.123716 0.510915
vt 0.003834 0.466357
vt 0.003834 0.510915
vt 1.002200 0.399211
vt 0.002200 0.399211
vt 1.002200 0.374087
vt 0.002200 0.374087
vt 0.999681 0.345195
vt 0.999681 0.356989
vt 0.951216 0.345195
vt 0.951216 0.356989
vt 0.951216 0.356989
vt 0.999681 0.356989
vt 0.951216 0.374640
vt 0.999681 0.374640
vt 0.951216 0.374640
vt 0.999681 0.374640
vt 0.951216 0.388465
vt 0.999681 0.388465
vt 0.951216 0.388465
vt 0.999681 0.388465
vt 0.951216 0.408987
vt 0.999681 0.408987
vt 0.999681 0.408987
vt 0.999681 0.436351
vt 0.951216 0.408987
vt 0.951216 0.436351
vt 1.002200 0.448318
vt 0.002200 0.448318
vt 1.002200 0.316356
vt 0.002200 0.316356
vt 0.002200 0.399211
vt 0.002200 0.374087
vt 1.002200 0.399211
vt 1.002200 0.374087
vt 0.003834 0.510915
vt 0.003834 0.466357
vt 0.123716 0.510915
vt 0.123716 0.466357
vt 1.002200 0.448318
vt 1.002200 0.316356
vt 0.002200 0.448318
vt 0.002200 0.316356
vt 1.002200 0.448318
vt 0.002200 0.448318
vt 1.002200 0.316356
vt 0.002200 0.316356
vt 0.002200 0.350638
vt 0.002200 0.325514
vt 1.002200 0.350638
vt 1.002200 0.325514
vt 0.003834 0.510915
vt 0.003834 0.466357
vt 0.123716 0.510915
vt 0.123716 0.466357
vt 1.002200 0.350638
vt 0.002200 0.350638
vt 1.002200 0.325514
vt 0.002200 0.325514
vt 0.003834 0.510915
vt 0.003834 0.466357
vt 0.123716 0.510915
vt 0.123716 0.466357
vt 1.002200 0.448318
vt 1.002200 0.316356
vt 0.002200 0.448318
vt 0.002200 0.316356
vt 0.949857 0.364681
vt 1.002200 0.364681
vt 0.949857 0.437886
vt 1.002200 0.437886
vt 1.002200 0.364681
vt 0.949857 0.364681
vt 1.002200 0.323897
vt 0.949857 0.323897
vt 0.748649 0.091141
vt 0.828094 0.091141
vt 0.748649 0.111329
vt 0.828094 0.111329
vt 0.748649 0.111329
vt 0.828094 0.111329
vt 0.748649 0.141325
vt 0.828094 0.141325
vt 1.006814 0.129243
vt 1.006814 0.109228
vt 0.006814 0.129243
vt 0.006814 0.109228
vt 0.748649 0.141325
vt 0.828094 0.141325
vt 0.748649 0.162772
vt 0.828094 0.162772
vt 0.951216 0.436351
vt 0.951216 0.408987
vt 0.999681 0.436351
vt 0.999681 0.408987
vt 0.748649 0.162772
vt 0.828094 0.162772
vt 0.748649 0.199117
vt 0.828094 0.199117
vt 0.999681 0.408987
vt 0.951216 0.408987
vt 0.999681 0.388465
vt 0.951216 0.388465
vt 0.748649 0.199117
vt 0.828094 0.199117
vt 0.748649 0.208598
vt 0.828094 0.208598
vt 0.999681 0.388465
vt 0.951216 0.388465
vt 0.999681 0.374640
vt 0.951216 0.374640
vt 0.133912 0.129243
vt 1.006814 0.129243
vt 0.133913 0.109228
vt 1.006814 0.109228
vt 0.999681 0.374640
vt 0.951216 0.374640
vt 0.999681 0.356989
vt 0.951216 0.356989
vt 0.951216 0.312015
vt 0.999681 0.312015
vt 0.951216 0.345195
vt 0.999681 0.345195
vt 0.951216 0.356989
vt 0.951216 0.345195
vt 0.999681 0.356989
vt 0.999681 0.345195
vt 1.000640 0.438132
vt 0.950435 0.438132
vt 1.000640 0.310060
vt 0.950435 0.310060
vt 1.000341 0.437583
vt 0.949694 0.437583
vt 1.000341 0.311050
vt 0.949694 0.311050
vt 0.950435 0.310060
vt 1.000640 0.310060
vt 0.950435 0.438132
vt 1.000640 0.438132
vt 0.252379 0.026619
vt 0.252379 0.011557
vt 0.623941 0.026619
vt 0.623941 0.011557
vt 1.002200 0.448318
vt 0.002200 0.448318
vt 1.002200 0.316356
vt 0.002200 0.316356
vt 0.002200 0.399211
vt 0.002200 0.374087
vt 1.002200 0.399211
vt 1.002200 0.374087
vt 0.003834 0.510915
vt 0.003834 0.466357
vt 0.123716 0.510915
vt 0.123716 0.466357
vt 1.002200 0.399211
vt 0.002200 0.399211
vt 1.002200 0.374087
vt 0.002200 0.374087
vt 0.003834 0.510915
vt 0.003834 0.466357
vt 0.123716 0.510915
vt 0.123716 0.466357
vt 1.002200 0.448318
vt 1.002200 0.316356
vt 0.002200 0.448318
vt 0.002200 0.316356
vt 1.002200 0.448318
vt 0.002200 0.448318
vt 1.002200 0.316356
vt 0.002200 0.316356
vt 0.002200 0.399211
vt 0.002200 0.374087
vt 1.002200 0.399211
vt 1.002200 0.374087
vt 0.003834 0.510915
vt 0.003834 0.466357
vt 0.123716 0.510915
vt 0.123716 0.466357
vt 1.002200 0.399211
vt 0.002200 0.399211
vt 1.002200 0.374087
vt 0.002200 0.374087
vt 0.003834 0.510915
vt 0.003834 0.466357
vt 0.123716 0.510915
vt 0.123716 0.466357
vt 1.002200 0.448318
vt 1.002200 0.316356
vt 0.002200 0.448318
vt 0.002200 0.316356
vt 1.002200 0.448318
vt 0.002200 0.448318
vt 1.002200 0.316356
vt 0.002200 0.316356
vt 0.002200 0.350638
vt 0.002200 0.325514
vt 1.002200 0.350638
vt 1.002200 0.325514
vt 0.003834 0.510915
vt 0.003834 0.466357
vt 0.123716 0.510915
vt 0.123716 0.466357
vt 1.002200 0.448318
vt 1.002200 0.316356
vt 0.002200 0.448318
vt 0.002200 0.316356
vt 0.108297 0.232123
vt 0.002200 0.232123
vt 0.108297 0.212108
vt 0.002200 0.212108
vt 0.950235 0.309564
vt 1.000849 0.309564
vt 0.950235 0.437637
vt 1.000849 0.437637
vt 0.570486 0.279642
vt 0.570486 0.296050
vt 0.524124 0.279642
vt 0.524124 0.296050
vt 1.002200 0.212108
vt 1.002200 0.232123
vt 0.002200 0.212108
vt 0.002200 0.232123
vt 0.524124 0.296050
vt 0.513703 0.296049
vt 0.524124 0.279642
vt 0.513703 0.279641
vt 1.000341 0.437583
vt 0.949694 0.437583
vt 1.000341 0.311050
vt 0.949694 0.311050
vt 0.291736 0.232123
vt 0.291736 0.212108
vt 1.002200 0.232123
vt 1.002200 0.212108
vt 0.949857 0.364681
vt 1.002200 0.364681
vt 0.949857 0.437886
vt 1.002200 0.437886
vt 0.748649 0.091141
vt 0.828094 0.091141
vt 0.748649 0.111329
vt 0.828094 0.111329
vt 0.949857 0.364681
vt 1.002200 0.364681
vt 0.949857 0.437886
vt 1.002200 0.437886
vt 1.002200 0.364681
vt 0.949857 0.364681
vt 1.002200 0.323897
vt 0.949857 0.323897
vt 0.748649 0.091141
vt 0.828094 0.091141
vt 0.748649 0.111329
vt 0.828094 0.111329
vt 0.748649 0.111329
vt 0.828094 0.111329
vt 0.748649 0.141325
vt 0.828094 0.141325
vt 1.006814 0.129243
vt 1.006814 0.109228
vt 0.006814 0.129243
vt 0.006814 0.109228
vt 0.748649 0.141325
vt 0.828094 0.141325
vt 0.748649 0.162772
vt 0.828094 0.162772
vt 0.951216 0.436351
vt 0.951216 0.408987
vt 0.999681 0.436351
vt 0.999681 0.408987
vt 0.748649 0.162772
vt 0.828094 0.162772
vt 0.748649 0.199117
vt 0.828094 0.199117
vt 0.999681 0.408987
vt 0.951216 0.408987
vt 0.999681 0.388465
vt 0.951216 0.388465
vt 0.748649 0.199117
vt 0.828094 0.199117
vt 0.748649 0.208598
vt 0.828094 0.208598
vt 0.999681 0.388465
vt 0.951216 0.388465
vt 0.999681 0.374640
vt 0.951216 0.374640
vt 0.133912 0.129243
vt 1.006814 0.129243
vt 0.133913 0.109228
vt 1.006814 0.109228
vt 0.999681 0.374640
vt 0.951216 0.374640
vt 0.999681 0.356989
vt 0.951216 0.356989
vt 0.951216 0.312015
vt 0.999681 0.312015
vt 0.951216 0.345195
vt 0.999681 0.345195
vt 0.951216 0.356989
vt 0.951216 0.345195
vt 0.999681 0.356989
vt 0.999681 0.345195
vt 1.000640 0.438132
vt 0.950435 0.438132
vt 1.000640 0.310060
vt 0.950435 0.310060
vt 0.513703 0.279641
vt 0.524124 0.279642
vt 0.513703 0.296049
vt 0.524124 0.296050
vt 0.524124 0.296050
vt 0.524124 0.279642
vt 0.570486 0.296050
vt 0.570486 0.279642
vt 0.002200 0.232123
vt 0.002200 0.212108
vt 1.002200 0.232123
vt 1.002200 0.212108
vt 0.950435 0.310060
vt 1.000640 0.310060
vt 0.950435 0.438132
vt 1.000640 0.438132
vt 0.252379 0.026619
vt 0.252379 0.011557
vt 0.623941 0.026619
vt 0.623941 0.011557
vt 0.002200 0.006347
vt 0.118381 0.006347
vt 0.002200 0.026362
vt 0.118381 0.026362
vt 0.623941 0.026619
vt 0.623941 0.011557
vt 0.672411 0.026619
vt 0.672411 0.011557
vt 1.771440 0.923960
vt 1.722745 0.972655
vt 0.416487 0.923960
vt 0.465182 0.972655
vt 0.317631 0.923907
vt -0.482601 0.923907
vt 0.317631 0.895888
vt -0.482601 0.895888
vt 0.109870 0.923907
vt 0.910102 0.923907
vt 0.152125 0.972655
vt 0.867847 0.972655
vt -0.482601 0.923907
vt 0.317631 0.923907
vt -0.440346 0.972655
vt 0.275376 0.972655
vt 0.465182 0.972655
vt 1.722745 0.972655
vt 0.465182 0.994607
vt 1.722745 0.994607
vt -0.250743 0.893591
vt 1.104209 0.893591
vt -0.250743 0.923960
vt 1.104209 0.923960
vt 1.104209 0.923960
vt 1.055514 0.972655
vt -0.250743 0.923960
vt -0.202049 0.972655
vt 0.152125 0.994607
vt 0.152125 0.972655
vt 0.867847 0.994607
vt 0.867847 0.972655
vt -0.440346 0.994607
vt -0.440346 0.972655
vt 0.275376 0.994607
vt 0.275376 0.972655
vt 0.035585 0.926587
vt 1.268683 0.926587
vt 0.021746 0.940313
vt 1.282522 0.940313
vt -0.202049 0.972655
vt 1.055514 0.972655
vt -0.202049 0.994607
vt 1.055514 0.994607
vt 0.829125 0.925263
vt 0.841065 0.937134
vt 0.139171 0.925263
vt 0.127231 0.937134
vt 0.236654 0.925263
vt 0.248594 0.937134
vt -0.453300 0.925263
vt -0.465240 0.937134
vt 1.268683 0.926587
vt 0.035585 0.926587
vt 1.268712 0.914143
vt 0.035556 0.914144
vt -0.631646 0.926587
vt 0.601453 0.926587
vt -0.645484 0.940313
vt 0.615292 0.940313
vt 0.139171 0.925263
vt 0.139151 0.914518
vt 0.829125 0.925263
vt 0.829144 0.914518
vt 0.889602 0.972436
vt 0.004762 0.972436
vt 0.889601 0.986197
vt 0.004763 0.986197
vt 0.889602 0.922691
vt 0.004762 0.922691
vt 0.889602 0.972436
vt 0.004762 0.972436
vt 0.889601 0.908930
vt 0.004763 0.908930
vt 0.889602 0.922691
vt 0.004762 0.922691
vt 1.771440 0.923960
vt 1.722745 0.972655
vt 0.416487 0.923960
vt 0.465182 0.972655
vt 0.317631 0.923907
vt -0.482601 0.923907
vt 0.317631 0.895888
vt -0.482601 0.895888
vt 0.109870 0.923907
vt 0.910102 0.923907
vt 0.152125 0.972655
vt 0.867847 0.972655
vt -0.482601 0.923907
vt 0.317631 0.923907
vt -0.440346 0.972655
vt 0.275376 0.972655
vt 0.465182 0.972655
vt 1.722745 0.972655
vt 0.465182 0.994607
vt 1.722745 0.994607
vt -0.250743 0.893591
vt 1.104209 0.893591
vt -0.250743 0.923960
vt 1.104209 0.923960
vt 1.104209 0.923960
vt 1.055514 0.972655
vt -0.250743 0.923960
vt -0.202049 0.972655
vt 0.152125 0.994607
vt 0.152125 0.972655
vt 0.867847 0.994607
vt 0.867847 0.972655
vt -0.440346 0.994607
vt -0.440346 0.972655
vt 0.275376 0.994607
vt 0.275376 0.972655
vt 0.035585 0.926587
vt 1.268683 0.926587
vt 0.021746 0.940313
vt 1.282522 0.940313
vt -0.202049 0.972655
vt 1.055514 0.972655
vt -0.202049 0.994607
vt 1.055514 0.994607
vt 0.829125 0.925263
vt 0.841065 0.937134
vt 0.139171 0.925263
vt 0.127231 0.937134
vt 0.236654 0.925263
vt 0.248594 0.937134
vt -0.453300 0.925263
vt -0.465240 0.937134
vt -0.631646 0.926587
vt 0.601453 0.926587
vt -0.645484 0.940313
vt 0.615292 0.940313
vt 0.601453 0.926587
vt -0.631646 0.926587
vt 0.601482 0.914143
vt -0.631675 0.914144
vt 0.889602 0.972436
vt 0.004762 0.972436
vt 0.889601 0.986197
vt 0.004763 0.986197
vt 0.889602 0.922691
vt 0.004762 0.922691
vt 0.889602 0.972436
vt 0.004762 0.972436
vt 0.889601 0.908930
vt 0.004763 0.908930
vt 0.889602 0.922691
vt 0.004762 0.922691
vt 1.771440 0.923960
vt 1.722745 0.972655
vt 0.416487 0.923960
vt 0.465182 0.972655
vt 0.317631 0.923907
vt -0.482601 0.923907
vt 0.317631 0.895888
vt -0.482601 0.895888
vt 0.109870 0.923907
vt 0.910102 0.923907
vt 0.152125 0.972655
vt 0.867847 0.972655
vt -0.482601 0.923907
vt 0.317631 0.923907
vt -0.440346 0.972655
vt 0.275376 0.972655
vt 0.465182 0.972655
vt 1.722745 0.972655
vt 0.465182 0.994607
vt 1.722745 0.994607
vt -0.250743 0.893591
vt 1.104209 0.893591
vt -0.250743 0.923960
vt 1.104209 0.923960
vt 1.104209 0.923960
vt 1.055514 0.972655
vt -0.250743 0.923960
vt -0.202049 0.972655
vt 0.152125 0.994607
vt 0.152125 0.972655
vt 0.867847 0.994607
vt 0.867847 0.972655
vt -0.440346 0.994607
vt -0.440346 0.972655
vt 0.275376 0.994607
vt 0.275376 0.972655
vt 0.035585 0.926587
vt 1.268683 0.926587
vt 0.021746 0.940313
vt 1.282522 0.940313
vt -0.202049 0.972655
vt 1.055514 0.972655
vt -0.202049 0.994607
vt 1.055514 0.994607
vt 0.829125 0.925263
vt 0.841065 0.937134
vt 0.139171 0.925263
vt 0.127231 0.937134
vt 0.236654 0.925263
vt 0.248594 0.937134
vt -0.453300 0.925263
vt -0.465240 0.937134
vt -0.631646 0.926587
vt 0.601453 0.926587
vt -0.645484 0.940313
vt 0.615292 0.940313
vt 0.139171 0.925263
vt 0.139151 0.914518
vt 0.829125 0.925263
vt 0.829144 0.914518
vt 0.889602 0.972436
vt 0.004762 0.972436
vt 0.889601 0.986197
vt 0.004763 0.986197
vt 0.889602 0.922691
vt 0.004762 0.922691
vt 0.889602 0.972436
vt 0.004762 0.972436
vt 0.889601 0.908930
vt 0.004763 0.908930
vt 0.889602 0.922691
vt 0.004762 0.922691
vt 1.771440 0.923960
vt 1.722745 0.972655
vt 0.416487 0.923960
vt 0.465182 0.972655
vt 0.910102 0.923907
vt 0.109870 0.923907
vt 0.910102 0.895888
vt 0.109870 0.895888
vt 0.317631 0.923907
vt -0.482601 0.923907
vt 0.317631 0.895888
vt -0.482601 0.895888
vt 0.109870 0.923907
vt 0.910102 0.923907
vt 0.152125 0.972655
vt 0.867847 0.972655
vt -0.482601 0.923907
vt 0.317631 0.923907
vt -0.440346 0.972655
vt 0.275376 0.972655
vt 0.465182 0.972655
vt 1.722745 0.972655
vt 0.465182 0.994607
vt 1.722745 0.994607
vt -0.250743 0.893591
vt 1.104209 0.893591
vt -0.250743 0.923960
vt 1.104209 0.923960
vt 1.104209 0.923960
vt 1.055514 0.972655
vt -0.250743 0.923960
vt -0.202049 0.972655
vt 0.152125 0.994607
vt 0.152125 0.972655
vt 0.867847 0.994607
vt 0.867847 0.972655
vt -0.440346 0.994607
vt -0.440346 0.972655
vt 0.275376 0.994607
vt 0.275376 0.972655
vt 0.035585 0.926587
vt 1.268683 0.926587
vt 0.021746 0.940313
vt 1.282522 0.940313
vt -0.202049 0.972655
vt 1.055514 0.972655
vt -0.202049 0.994607
vt 1.055514 0.994607
vt 0.829125 0.925263
vt 0.841065 0.937134
vt 0.139171 0.925263
vt 0.127231 0.937134
vt 0.236654 0.925263
vt 0.248594 0.937134
vt -0.453300 0.925263
vt -0.465240 0.937134
vt -0.631646 0.926587
vt 0.601453 0.926587
vt -0.645484 0.940313
vt 0.615292 0.940313
vt 0.139171 0.925263
vt 0.139151 0.914518
vt 0.829125 0.925263
vt 0.829144 0.914518
vt -0.453300 0.925263
vt -0.453319 0.914518
vt 0.236654 0.925263
vt 0.236674 0.914518
vt 0.889602 0.972436
vt 0.004762 0.972436
vt 0.889601 0.986197
vt 0.004763 0.986197
vt 0.889602 0.922691
vt 0.004762 0.922691
vt 0.889602 0.972436
vt 0.004762 0.972436
vt 0.889601 0.908930
vt 0.004763 0.908930
vt 0.889602 0.922691
vt 0.004762 0.922691
vt 0.416487 0.893591
vt 1.771440 0.884317
vt 0.416487 0.923960
vt 1.771440 0.923960
vt 1.771440 0.923960
vt 1.722745 0.972655
vt 0.416487 0.923960
vt 0.465182 0.972655
vt 0.317631 0.923907
vt -0.482601 0.923907
vt 0.317631 0.895888
vt -0.482601 0.895888
vt 0.109870 0.923907
vt 0.910102 0.923907
vt 0.152125 0.972655
vt 0.867847 0.972655
vt -0.482601 0.923907
vt 0.317631 0.923907
vt -0.440346 0.972655
vt 0.275376 0.972655
vt 0.465182 0.972655
vt 1.722745 0.972655
vt 0.465182 0.994607
vt 1.722745 0.994607
vt -0.250743 0.893591
vt 1.104209 0.893591
vt -0.250743 0.923960
vt 1.104209 0.923960
vt 1.104209 0.923960
vt 1.055514 0.972655
vt -0.250743 0.923960
vt -0.202049 0.972655
vt 0.152125 0.994607
vt 0.152125 0.972655
vt 0.867847 0.994607
vt 0.867847 0.972655
vt -0.440346 0.994607
vt -0.440346 0.972655
vt 0.275376 0.994607
vt 0.275376 0.972655
vt 0.035585 0.926587
vt 1.268683 0.926587
vt 0.021746 0.940313
vt 1.282522 0.940313
vt -0.202049 0.972655
vt 1.055514 0.972655
vt -0.202049 0.994607
vt 1.055514 0.994607
vt 0.829125 0.925263
vt 0.841065 0.937134
vt 0.139171 0.925263
vt 0.127231 0.937134
vt 0.236654 0.925263
vt 0.248594 0.937134
vt -0.453300 0.925263
vt -0.465240 0.937134
vt -0.631646 0.926587
vt 0.601453 0.926587
vt -0.645484 0.940313
vt 0.615292 0.940313
vt -0.453300 0.925263
vt -0.453319 0.914518
vt 0.236654 0.925263
vt 0.236674 0.914518
vt 0.889602 0.972436
vt 0.004762 0.972436
vt 0.889601 0.986197
vt 0.004763 0.986197
vt 0.889602 0.922691
vt 0.004762 0.922691
vt 0.889602 0.972436
vt 0.004762 0.972436
vt 0.889601 0.908930
vt 0.004763 0.908930
vt 0.889602 0.922691
vt 0.004762 0.922691
vt 1.002200 0.448318
vt 0.002200 0.448318
vt 1.002200 0.316356
vt 0.002200 0.316356
vt 0.002200 0.399211
vt 0.002200 0.374087
vt 1.002200 0.399211
vt 1.002200 0.374087
vt 0.003834 0.510915
vt 0.003834 0.466357
vt 0.123716 0.510915
vt 0.123716 0.466357
vt 1.002200 0.399211
vt 0.002200 0.399211
vt 1.002200 0.374087
vt 0.002200 0.374087
vt 0.003834 0.510915
vt 0.003834 0.466357
vt 0.123716 0.510915
vt 0.123716 0.466357
vt 1.002200 0.448318
vt 1.002200 0.316356
vt 0.002200 0.448318
vt 0.002200 0.316356
vt 0.108297 0.232123
vt 0.002200 0.232123
vt 0.108297 0.212108
vt 0.002200 0.212108
vt 0.950235 0.309564
vt 1.000849 0.309564
vt 0.950235 0.437637
vt 1.000849 0.437637
vt 0.570486 0.279642
vt 0.570486 0.296050
vt 0.524124 0.279642
vt 0.524124 0.296050
vt 1.002200 0.212108
vt 1.002200 0.232123
vt 0.002200 0.212108
vt 0.002200 0.232123
vt 0.524124 0.296050
vt 0.513703 0.296049
vt 0.524124 0.279642
vt 0.513703 0.279641
vt 1.000341 0.437583
vt 0.949694 0.437583
vt 1.000341 0.311050
vt 0.949694 0.311050
vt 0.291736 0.232123
vt 0.291736 0.212108
vt 1.002200 0.232123
vt 1.002200 0.212108
vt 0.999681 0.388465
vt 0.951216 0.388465
vt 0.999681 0.374640
vt 0.951216 0.374640
vt 0.951216 0.312015
vt 0.999681 0.312015
vt 0.951216 0.345195
vt 0.999681 0.345195
vt 0.416487 0.893591
vt 1.771440 0.884317
vt 0.416487 0.923960
vt 1.771440 0.923960
vt 1.771440 0.923960
vt 1.722745 0.972655
vt 0.416487 0.923960
vt 0.465182 0.972655
vt 0.910102 0.923907
vt 0.109870 0.923907
vt 0.910102 0.895888
vt 0.109870 0.895888
vt 0.317631 0.923907
vt -0.482601 0.923907
vt 0.317631 0.895888
vt -0.482601 0.895888
vt 0.109870 0.923907
vt 0.910102 0.923907
vt 0.152125 0.972655
vt 0.867847 0.972655
vt -0.482601 0.923907
vt 0.317631 0.923907
vt -0.440346 0.972655
vt 0.275376 0.972655
vt 0.465182 0.972655
vt 1.722745 0.972655
vt 0.465182 0.994607
vt 1.722745 0.994607
vt -0.250743 0.893591
vt 1.104209 0.893591
vt -0.250743 0.923960
vt 1.104209 0.923960
vt 1.104209 0.923960
vt 1.055514 0.972655
vt -0.250743 0.923960
vt -0.202049 0.972655
vt 0.152125 0.994607
vt 0.152125 0.972655
vt 0.867847 0.994607
vt 0.867847 0.972655
vt -0.440346 0.994607
vt -0.440346 0.972655
vt 0.275376 0.994607
vt 0.275376 0.972655
vt 0.035585 0.926587
vt 1.268683 0.926587
vt 0.021746 0.940313
vt 1.282522 0.940313
vt -0.202049 0.972655
vt 1.055514 0.972655
vt -0.202049 0.994607
vt 1.055514 0.994607
vt 0.829125 0.925263
vt 0.841065 0.937134
vt 0.139171 0.925263
vt 0.127231 0.937134
vt 0.236654 0.925263
vt 0.248594 0.937134
vt -0.453300 0.925263
vt -0.465240 0.937134
vt -0.631646 0.926587
vt 0.601453 0.926587
vt -0.645484 0.940313
vt 0.615292 0.940313
vt -0.453300 0.925263
vt -0.453319 0.914518
vt 0.236654 0.925263
vt 0.236674 0.914518
vt 0.889602 0.972436
vt 0.004762 0.972436
vt 0.889601 0.986197
vt 0.004763 0.986197
vt 0.889602 0.922691
vt 0.004762 0.922691
vt 0.889602 0.972436
vt 0.004762 0.972436
vt 0.889601 0.908930
vt 0.004763 0.908930
vt 0.889602 0.922691
vt 0.004762 0.922691
vt 1.253598 0.679047
vt 0.000000 0.679047
vt 1.253598 0.608131
vt 0.000000 0.608131
vt 0.000000 0.762678
vt 0.000000 0.679047
vt 1.253599 0.762678
vt 1.253598 0.679047
vt 0.000000 0.762678
vt 1.253599 0.762678
vt 0.000000 0.828179
vt 1.253599 0.828179
vt 0.281355 0.760474
vt 0.281355 0.678837
vt 1.113094 0.760474
vt 1.113094 0.678837
vt 0.281355 0.829021
vt 0.281355 0.760474
vt 1.113094 0.829021
vt 1.113094 0.760474
vt 0.131341 0.462908
vt 0.131341 0.510238
vt 0.259907 0.462908
vt 0.259907 0.510238
vt 1.253598 0.525354
vt 1.253598 0.593175
vt 0.000000 0.525354
vt 0.000000 0.593175
vt 1.253598 0.593175
vt 1.253599 0.679047
vt 0.000000 0.593175
vt 0.000000 0.679047
vt 0.000000 0.679047
vt 1.253599 0.679047
vt 0.000000 0.746044
vt 1.253599 0.746044
vt 2.473114 0.760466
vt 2.167893 0.760466
vt 2.473111 0.750249
vt 2.167887 0.750249
vt 2.473111 0.830908
vt 2.167887 0.830908
vt 2.473114 0.760466
vt 2.167893 0.760466
vt 3.254904 0.750250
vt 5.422082 0.750252
vt 3.254900 0.760466
vt 5.422058 0.760466
vt 3.254900 0.760466
vt 5.422058 0.760466
vt 3.254904 0.830907
vt 5.422083 0.830906
vt 2.168861 0.760466
vt 3.254900 0.760466
vt 2.168854 0.830908
vt 3.254904 0.830907
vt 2.168855 0.750249
vt 3.254904 0.750250
vt 2.168861 0.760466
vt 3.254900 0.760466
vt 2.167887 0.830908
vt 0.000708 0.830910
vt 2.167893 0.760466
vt 0.000736 0.760466
vt 2.167893 0.760466
vt 0.000736 0.760466
vt 2.167887 0.750249
vt 0.000708 0.750248
vt 3.254904 0.750250
vt 5.422082 0.750252
vt 3.254900 0.760466
vt 5.422058 0.760466
vt 3.254900 0.760466
vt 5.422058 0.760466
vt 3.254904 0.830907
vt 5.422083 0.830906
vt 2.167887 0.830908
vt 0.000708 0.830910
vt 2.167893 0.760466
vt 0.000736 0.760466
vt 2.167893 0.760466
vt 0.000736 0.760466
vt 2.167887 0.750249
vt 0.000708 0.750248
vt 2.919758 0.760466
vt 3.253932 0.760466
vt 2.919758 0.830908
vt 3.253936 0.830907
vt 2.916976 0.750250
vt 3.253936 0.750250
vt 2.919758 0.760466
vt 3.253932 0.760466
vt 2.473114 0.760466
vt 2.167893 0.760466
vt 2.473111 0.750249
vt 2.167887 0.750249
vt 2.473111 0.830908
vt 2.167887 0.830908
vt 2.473114 0.760466
vt 2.167893 0.760466
vt 2.168861 0.760466
vt 3.254900 0.760466
vt 2.168854 0.830908
vt 3.254904 0.830907
vt 2.168855 0.750249
vt 3.254904 0.750250
vt 2.168861 0.760466
vt 3.254900 0.760466
vt 2.919758 0.760466
vt 3.253932 0.760466
vt 2.919758 0.830908
vt 3.253936 0.830907
vt 2.916976 0.750250
vt 3.253936 0.750250
vt 2.919758 0.760466
vt 3.253932 0.760466
vt -0.202049 0.972655
vt 1.055514 0.972655
vt -0.202049 0.994607
vt 1.055514 0.994607
vt -0.440346 0.994607
vt -0.440346 0.972655
vt 0.275376 0.994607
vt 0.275376 0.972655
vt 0.152125 0.994607
vt 0.152125 0.972655
vt 0.867847 0.994607
vt 0.867847 0.972655
vt 0.465182 0.972655
vt 1.722745 0.972655
vt 0.465182 0.994607
vt 1.722745 0.994607
vt -0.202049 0.972655
vt 1.055514 0.972655
vt -0.202049 0.994607
vt 1.055514 0.994607
vt -0.440346 0.994607
vt -0.440346 0.972655
vt 0.275376 0.994607
vt 0.275376 0.972655
vt 0.152125 0.994607
vt 0.152125 0.972655
vt 0.867847 0.994607
vt 0.867847 0.972655
vt 0.465182 0.972655
vt 1.722745 0.972655
vt 0.465182 0.994607
vt 1.722745 0.994607
vt -0.202049 0.972655
vt 1.055514 0.972655
vt -0.202049 0.994607
vt 1.055514 0.994607
vt -0.440346 0.994607
vt -0.440346 0.972655
vt 0.275376 0.994607
vt 0.275376 0.972655
vt 0.152125 0.994607
vt 0.152125 0.972655
vt 0.867847 0.994607
vt 0.867847 0.972655
vt 0.465182 0.972655
vt 1.722745 0.972655
vt 0.465182 0.994607
vt 1.722745 0.994607
vt -0.202049 0.972655
vt 1.055514 0.972655
vt -0.202049 0.994607
vt 1.055514 0.994607
vt -0.440346 0.994607
vt -0.440346 0.972655
vt 0.275376 0.994607
vt 0.275376 0.972655
vt 0.152125 0.994607
vt 0.152125 0.972655
vt 0.867847 0.994607
vt 0.867847 0.972655
vt 0.465182 0.972655
vt 1.722745 0.972655
vt 0.465182 0.994607
vt 1.722745 0.994607
vt -0.202049 0.972655
vt 1.055514 0.972655
vt -0.202049 0.994607
vt 1.055514 0.994607
vt -0.440346 0.994607
vt -0.440346 0.972655
vt 0.275376 0.994607
vt 0.275376 0.972655
vt 0.152125 0.994607
vt 0.152125 0.972655
vt 0.867847 0.994607
vt 0.867847 0.972655
vt 0.465182 0.972655
vt 1.722745 0.972655
vt 0.465182 0.994607
vt 1.722745 0.994607
vt -0.202049 0.972655
vt 1.055514 0.972655
vt -0.202049 0.994607
vt 1.055514 0.994607
vt -0.440346 0.994607
vt -0.440346 0.972655
vt 0.275376 0.994607
vt 0.275376 0.972655
vt 0.152125 0.994607
vt 0.152125 0.972655
vt 0.867847 0.994607
vt 0.867847 0.972655
vt 0.465182 0.972655
vt 1.722745 0.972655
vt 0.465182 0.994607
vt 1.722745 0.994607
vt -0.202049 0.972655
vt 1.055514 0.972655
vt -0.202049 0.994607
vt 1.055514 0.994607
vt -0.440346 0.994607
vt -0.440346 0.972655
vt 0.275376 0.994607
vt 0.275376 0.972655
vt 0.152125 0.994607
vt 0.152125 0.972655
vt 0.867847 0.994607
vt 0.867847 0.972655
vt 0.465182 0.972655
vt 1.722745 0.972655
vt 0.465182 0.994607
vt 1.722745 0.994607
vt -0.202049 0.972655
vt 1.055514 0.972655
vt -0.202049 0.994607
vt 1.055514 0.994607
vt -0.440346 0.994607
vt -0.440346 0.972655
vt 0.275376 0.994607
vt 0.275376 0.972655
vt 0.152125 0.994607
vt 0.152125 0.972655
vt 0.867847 0.994607
vt 0.867847 0.972655
vt 0.465182 0.972655
vt 1.722745 0.972655
vt 0.465182 0.994607
vt 1.722745 0.994607
vt -0.202049 0.972655
vt 1.055514 0.972655
vt -0.202049 0.994607
vt 1.055514 0.994607
vt -0.440346 0.994607
vt -0.440346 0.972655
vt 0.275376 0.994607
vt 0.275376 0.972655
vt 0.152125 0.994607
vt 0.152125 0.972655
vt 0.867847 0.994607
vt 0.867847 0.972655
vt 0.465182 0.972655
vt 1.722745 0.972655
vt 0.465182 0.994607
vt 1.722745 0.994607
vt -0.202049 0.972655
vt 1.055514 0.972655
vt -0.202049 0.994607
vt 1.055514 0.994607
vt -0.440346 0.994607
vt -0.440346 0.972655
vt 0.275376 0.994607
vt 0.275376 0.972655
vt 0.152125 0.994607
vt 0.152125 0.972655
vt 0.867847 0.994607
vt 0.867847 0.972655
vt 0.465182 0.972655
vt 1.722745 0.972655
vt 0.465182 0.994607
vt 1.722745 0.994607
vt -0.202049 0.972655
vt 1.055514 0.972655
vt -0.202049 0.994607
vt 1.055514 0.994607
vt -0.440346 0.994607
vt -0.440346 0.972655
vt 0.275376 0.994607
vt 0.275376 0.972655
vt 0.152125 0.994607
vt 0.152125 0.972655
vt 0.867847 0.994607
vt 0.867847 0.972655
vt 0.465182 0.972655
vt 1.722745 0.972655
vt 0.465182 0.994607
vt 1.722745 0.994607
vt -0.202049 0.972655
vt 1.055514 0.972655
vt -0.202049 0.994607
vt 1.055514 0.994607
vt -0.440346 0.994607
vt -0.440346 0.972655
vt 0.275376 0.994607
vt 0.275376 0.972655
vt 0.152125 0.994607
vt 0.152125 0.972655
vt 0.867847 0.994607
vt 0.867847 0.972655
vt 0.465182 0.972655
vt 1.722745 0.972655
vt 0.465182 0.994607
vt 1.722745 0.994607
vt -0.202049 0.972655
vt 1.055514 0.972655
vt -0.202049 0.994607
vt 1.055514 0.994607
vt -0.440346 0.994607
vt -0.440346 0.972655
vt 0.275376 0.994607
vt 0.275376 0.972655
vt 0.152125 0.994607
vt 0.152125 0.972655
vt 0.867847 0.994607
vt 0.867847 0.972655
vt 0.465182 0.972655
vt 1.722745 0.972655
vt 0.465182 0.994607
vt 1.722745 0.994607
vt -0.202049 0.972655
vt 1.055514 0.972655
vt -0.202049 0.994607
vt 1.055514 0.994607
vt -0.440346 0.994607
vt -0.440346 0.972655
vt 0.275376 0.994607
vt 0.275376 0.972655
vt 0.152125 0.994607
vt 0.152125 0.972655
vt 0.867847 0.994607
vt 0.867847 0.972655
vt 0.465182 0.972655
vt 1.722745 0.972655
vt 0.465182 0.994607
vt 1.722745 0.994607
vt -0.202049 0.972655
vt 1.055514 0.972655
vt -0.202049 0.994607
vt 1.055514 0.994607
vt -0.440346 0.994607
vt -0.440346 0.972655
vt 0.275376 0.994607
vt 0.275376 0.972655
vt 0.152125 0.994607
vt 0.152125 0.972655
vt 0.867847 0.994607
vt 0.867847 0.972655
vt 0.465182 0.972655
vt 1.722745 0.972655
vt 0.465182 0.994607
vt 1.722745 0.994607
vt -0.202049 0.972655
vt 1.055514 0.972655
vt -0.202049 0.994607
vt 1.055514 0.994607
vt -0.440346 0.994607
vt -0.440346 0.972655
vt 0.275376 0.994607
vt 0.275376 0.972655
vt 0.152125 0.994607
vt 0.152125 0.972655
vt 0.867847 0.994607
vt 0.867847 0.972655
vt 0.465182 0.972655
vt 1.722745 0.972655
vt 0.465182 0.994607
vt 1.722745 0.994607
vt -0.202049 0.972655
vt 1.055514 0.972655
vt -0.202049 0.994607
vt 1.055514 0.994607
vt -0.440346 0.994607
vt -0.440346 0.972655
vt 0.275376 0.994607
vt 0.275376 0.972655
vt 0.152125 0.994607
vt 0.152125 0.972655
vt 0.867847 0.994607
vt 0.867847 0.972655
vt 0.465182 0.972655
vt 1.722745 0.972655
vt 0.465182 0.994607
vt 1.722745 0.994607
vt 0.725742 0.637630
vt -0.873627 0.637085
vt 0.725742 0.676214
vt -0.873627 0.675681
vt 0.891826 0.637687
vt 0.725742 0.637630
vt 0.891826 0.676269
vt 0.725742 0.676214
vt 1.253598 0.679047
vt 0.000000 0.679047
vt 1.253598 0.608131
vt 0.000000 0.608131
vt 0.000000 0.762678
vt 0.000000 0.679047
vt 1.253599 0.762678
vt 1.253598 0.679047
vt 0.131341 0.462908
vt 0.131341 0.510238
vt 0.259907 0.462908
vt 0.259907 0.510238
vt 0.281355 0.760474
vt 0.281355 0.678837
vt 1.113094 0.760474
vt 1.113094 0.678837
vt 0.281355 0.829021
vt 0.281355 0.760474
vt 1.113094 0.829021
vt 1.113094 0.760474
vt 1.253598 0.525354
vt 1.253598 0.593175
vt 0.000000 0.525354
vt 0.000000 0.593175
vt 1.253598 0.593175
vt 1.253599 0.679047
vt 0.000000 0.593175
vt 0.000000 0.679047
vt 1.253598 0.679047
vt 0.000000 0.679047
vt 1.253598 0.593175
vt 0.000000 0.593175
vt 0.000000 0.762678
vt 0.000000 0.679047
vt 1.253599 0.762678
vt 1.253598 0.679047
vt 0.000000 0.762678
vt 1.253599 0.762678
vt 0.000000 0.844523
vt 1.253599 0.844523
vt 0.281355 0.760474
vt 0.281355 0.678837
vt 1.113094 0.760474
vt 1.113094 0.678837
vt 1.253598 0.515696
vt 1.253598 0.593175
vt 0.000000 0.515696
vt 0.000000 0.593175
vt 1.253598 0.593175
vt 1.253599 0.679047
vt 0.000000 0.593175
vt 0.000000 0.679047
vt 0.000000 0.679047
vt 1.253599 0.679047
vt 0.000000 0.760902
vt 1.253599 0.760902
vt 0.000000 0.762678
vt 0.000000 0.679047
vt 1.253599 0.762678
vt 1.253598 0.679047
vt 0.281355 0.760474
vt 0.281355 0.678837
vt 1.113094 0.760474
vt 1.113094 0.678837
vt 1.253598 0.593175
vt 1.253599 0.679047
vt 0.000000 0.593175
vt 0.000000 0.679047
vt 0.000736 0.760466
vt 5.422058 0.760466
vt 0.000708 0.830910
vt 5.422083 0.830906
vt 0.000708 0.750248
vt 5.422082 0.750252
vt 0.000736 0.760466
vt 5.422058 0.760466
vt 0.000736 0.760466
vt 5.422058 0.760466
vt 0.000708 0.830910
vt 5.422083 0.830906
vt 0.000708 0.750248
vt 5.422082 0.750252
vt 0.000736 0.760466
vt 5.422058 0.760466
vt 2.841580 0.830908
vt 0.000708 0.830910
vt 2.841580 0.760466
vt 0.000736 0.760466
vt 2.841580 0.760466
vt 0.000736 0.760466
vt 2.841580 0.750250
vt 0.000708 0.750248
vt 2.581211 0.750250
vt 5.422082 0.750252
vt 2.581213 0.760466
vt 5.422058 0.760466
vt 2.581213 0.760466
vt 5.422058 0.760466
vt 2.581211 0.830908
vt 5.422083 0.830906
vt 2.581210 0.830908
vt 0.000708 0.830910
vt 2.581213 0.760466
vt 0.000736 0.760466
vt 2.581213 0.760466
vt 0.000736 0.760466
vt 2.581210 0.750250
vt 0.000708 0.750248
vt 0.261104 0.760466
vt 2.841581 0.760466
vt 0.261079 0.830910
vt 2.841581 0.830908
vt 0.261079 0.750248
vt 2.841581 0.750250
vt 0.261104 0.760466
vt 2.841581 0.760466
vt 5.161713 0.830906
vt 2.581210 0.830908
vt 5.161689 0.760466
vt 2.581213 0.760466
vt 5.161689 0.760466
vt 2.581213 0.760466
vt 5.161712 0.750252
vt 2.581210 0.750250
vt 2.841581 0.760466
vt 5.422058 0.760466
vt 2.841581 0.830908
vt 5.422083 0.830906
vt 2.841581 0.750250
vt 5.422082 0.750252
vt 2.841581 0.760466
vt 5.422058 0.760466
vt 0.000708 0.750248
vt 5.422082 0.750252
vt 0.000736 0.760466
vt 5.422058 0.760466
vt 0.000736 0.760466
vt 5.422058 0.760466
vt 0.000708 0.830910
vt 5.422083 0.830906
vt 0.000708 0.750248
vt 5.422082 0.750252
vt 0.000736 0.760466
vt 5.422058 0.760466
vt 0.000736 0.760466
vt 5.422058 0.760466
vt 0.000708 0.830910
vt 5.422083 0.830906
vt 2.581213 0.760466
vt 5.422058 0.760466
vt 2.581211 0.830908
vt 5.422083 0.830906
vt 2.581211 0.750250
vt 5.422082 0.750252
vt 2.581213 0.760466
vt 5.422058 0.760466
vt 2.841580 0.760466
vt 0.000736 0.760466
vt 2.841580 0.750250
vt 0.000708 0.750248
vt 2.841580 0.830908
vt 0.000708 0.830910
vt 2.841580 0.760466
vt 0.000736 0.760466
vt -0.873627 0.675681
vt -0.873627 0.637085
vt -1.040353 0.675626
vt -1.040353 0.637028
vt -1.040552 0.772481
vt 0.891616 0.773122
vt -1.040753 0.841650
vt 0.891430 0.842288
vt -1.040753 0.841650
vt 0.891430 0.842288
vt -1.040757 0.879167
vt 0.891226 0.879819
vt -1.040353 0.675626
vt 0.891826 0.676269
vt -1.040552 0.747216
vt 0.891616 0.747858
vt -1.040353 0.637028
vt 0.891826 0.637687
vt -1.040353 0.675626
vt 0.891826 0.676269
vt 0.891616 0.773122
vt -1.040552 0.772481
vt 0.891430 0.842288
vt -1.040753 0.841650
vt 0.891430 0.842288
vt -1.040753 0.841650
vt 0.891226 0.879819
vt -1.040757 0.879167
vt 0.891826 0.676269
vt -1.040353 0.675626
vt 0.891616 0.747858
vt -1.040552 0.747216
vt 0.891826 0.637687
vt -1.040353 0.637028
vt 0.891826 0.676269
vt -1.040353 0.675626
vt 1.771440 0.923960
vt 1.722745 0.972655
vt 0.416487 0.923960
vt 0.465182 0.972655
vt 0.889602 0.972436
vt 0.004762 0.972436
vt 0.889601 0.986197
vt 0.004763 0.986197
vt -0.631646 0.926587
vt 0.601453 0.926587
vt -0.645484 0.940313
vt 0.615292 0.940313
vt 0.601453 0.926587
vt -0.631646 0.926587
vt 0.601482 0.914143
vt -0.631675 0.914144
vt 0.109870 0.923907
vt 0.910102 0.923907
vt 0.152125 0.972655
vt 0.867847 0.972655
vt 0.236654 0.925263
vt 0.248594 0.937134
vt -0.453300 0.925263
vt -0.465240 0.937134
vt -0.202049 0.972655
vt 1.055514 0.972655
vt -0.202049 0.994607
vt 1.055514 0.994607
vt -0.440346 0.994607
vt -0.440346 0.972655
vt 0.275376 0.994607
vt 0.275376 0.972655
vt -0.250743 0.893591
vt 1.104209 0.893591
vt -0.250743 0.923960
vt 1.104209 0.923960
vt 1.104209 0.923960
vt 1.055514 0.972655
vt -0.250743 0.923960
vt -0.202049 0.972655
vt -0.482601 0.923907
vt 0.317631 0.923907
vt -0.440346 0.972655
vt 0.275376 0.972655
vt 0.317631 0.923907
vt -0.482601 0.923907
vt 0.317631 0.895888
vt -0.482601 0.895888
vt 0.889601 0.908930
vt 0.004763 0.908930
vt 0.889602 0.922691
vt 0.004762 0.922691
vt 0.829125 0.925263
vt 0.841065 0.937134
vt 0.139171 0.925263
vt 0.127231 0.937134
vt 0.889602 0.922691
vt 0.004762 0.922691
vt 0.889602 0.972436
vt 0.004762 0.972436
vt 0.152125 0.994607
vt 0.152125 0.972655
vt 0.867847 0.994607
vt 0.867847 0.972655
vt 0.035585 0.926587
vt 1.268683 0.926587
vt 0.021746 0.940313
vt 1.282522 0.940313
vt 0.465182 0.972655
vt 1.722745 0.972655
vt 0.465182 0.994607
vt 1.722745 0.994607
vt 0.252379 0.026619
vt 0.252379 0.011557
vt 0.623941 0.026619
vt 0.623941 0.011557
vt 1.000640 0.438132
vt 0.950435 0.438132
vt 1.000640 0.310060
vt 0.950435 0.310060
vt 1.002200 0.448318
vt 0.002200 0.448318
vt 1.002200 0.316356
vt 0.002200 0.316356
vt 0.002200 0.399211
vt 0.002200 0.374087
vt 1.002200 0.399211
vt 1.002200 0.374087
vt 0.003834 0.510915
vt 0.003834 0.466357
vt 0.123716 0.510915
vt 0.123716 0.466357
vt 1.002200 0.399211
vt 0.002200 0.399211
vt 1.002200 0.374087
vt 0.002200 0.374087
vt 0.003834 0.510915
vt 0.003834 0.466357
vt 0.123716 0.510915
vt 0.123716 0.466357
vt 1.002200 0.448318
vt 1.002200 0.316356
vt 0.002200 0.448318
vt 0.002200 0.316356
vt 0.108297 0.232123
vt 0.002200 0.232123
vt 0.108297 0.212108
vt 0.002200 0.212108
vt 0.570486 0.279642
vt 0.570486 0.296050
vt 0.524124 0.279642
vt 0.524124 0.296050
vt 0.950235 0.309564
vt 1.000849 0.309564
vt 0.950235 0.437637
vt 1.000849 0.437637
vt 0.513703 0.279641
vt 0.524124 0.279642
vt 0.513703 0.296049
vt 0.524124 0.296050
vt 0.291736 0.232123
vt 0.291736 0.212108
vt 1.002200 0.232123
vt 1.002200 0.212108
vt 1.002200 0.212108
vt 1.002200 0.232123
vt 0.002200 0.212108
vt 0.002200 0.232123
vt 1.000341 0.437583
vt 0.949694 0.437583
vt 1.000341 0.311050
vt 0.949694 0.311050
vt 1.002200 0.448318
vt 0.002200 0.448318
vt 1.002200 0.316356
vt 0.002200 0.316356
vt 0.003834 0.510915
vt 0.003834 0.466357
vt 0.123716 0.510915
vt 0.123716 0.466357
vt 0.003834 0.510915
vt 0.003834 0.466357
vt 0.123716 0.510915
vt 0.123716 0.466357
vt 1.002200 0.448318
vt 1.002200 0.316356
vt 0.002200 0.448318
vt 0.002200 0.316356
vt 1.002200 0.448318
vt 0.002200 0.448318
vt 1.002200 0.316356
vt 0.002200 0.316356
vt 0.002200 0.350638
vt 0.002200 0.325514
vt 1.002200 0.350638
vt 1.002200 0.325514
vt 0.003834 0.510915
vt 0.003834 0.466357
vt 0.123716 0.510915
vt 0.123716 0.466357
vt 1.002200 0.350638
vt 0.002200 0.350638
vt 1.002200 0.325514
vt 0.002200 0.325514
vt 0.003834 0.510915
vt 0.003834 0.466357
vt 0.123716 0.510915
vt 0.123716 0.466357
vt 1.002200 0.448318
vt 1.002200 0.316356
vt 0.002200 0.448318
vt 0.002200 0.316356
vt 0.949857 0.364681
vt 1.002200 0.364681
vt 0.949857 0.437886
vt 1.002200 0.437886
vt 0.949857 0.323897
vt 1.002200 0.323897
vt 0.949857 0.364681
vt 1.002200 0.364681
vt 0.951216 0.356989
vt 0.951216 0.345195
vt 0.999681 0.356989
vt 0.999681 0.345195
vt 0.748649 0.091141
vt 0.828094 0.091141
vt 0.748649 0.111329
vt 0.828094 0.111329
vt 0.951216 0.356989
vt 0.999681 0.356989
vt 0.951216 0.374640
vt 0.999681 0.374640
vt 1.006814 0.129986
vt 0.994757 0.131027
vt 1.006814 0.101933
vt 0.985026 0.143213
vt 0.999681 0.408987
vt 0.999681 0.436351
vt 0.951216 0.408987
vt 0.951216 0.436351
vt 0.999681 0.408987
vt 0.951216 0.408987
vt 0.999681 0.388465
vt 0.951216 0.388465
vt 0.999681 0.388465
vt 0.951216 0.388465
vt 0.999681 0.374640
vt 0.951216 0.374640
vt 0.006814 0.109228
vt 0.006814 0.129243
vt 1.006814 0.109228
vt 1.006814 0.129243
vt 0.748649 0.111329
vt 0.828094 0.111329
vt 0.748649 0.141325
vt 0.828094 0.141325
vt 0.748649 0.141325
vt 0.828094 0.141325
vt 0.748649 0.162772
vt 0.828094 0.162772
vt 0.828094 0.208598
vt 0.748649 0.208598
vt 0.828094 0.199117
vt 0.748649 0.199117
vt 0.748649 0.162772
vt 0.828094 0.162772
vt 0.748649 0.199117
vt 0.828094 0.199117
vt 1.000640 0.438132
vt 0.950435 0.438132
vt 1.000640 0.310060
vt 0.950435 0.310060
vt 0.118381 0.026362
vt 0.002200 0.026362
vt 0.118381 0.006347
vt 0.002200 0.006347
vt 0.672411 0.011557
vt 0.672411 0.026619
vt 0.623941 0.011557
vt 0.623941 0.026619
vt 0.524124 0.296050
vt 0.524124 0.279642
vt 0.570486 0.296050
vt 0.570486 0.279642
vt 0.002200 0.212108
vt 0.108297 0.212108
vt 0.002200 0.232123
vt 0.108297 0.232123
vt 0.950435 0.310060
vt 1.000640 0.310060
vt 0.950435 0.438132
vt 1.000640 0.438132
vt 0.252379 0.026619
vt 0.252379 0.011557
vt 0.623941 0.026619
vt 0.623941 0.011557
vt 1.002200 0.448318
vt 0.002200 0.448318
vt 1.002200 0.316356
vt 0.002200 0.316356
vt 0.002200 0.350638
vt 0.002200 0.325514
vt 1.002200 0.350638
vt 1.002200 0.325514
vt 0.003834 0.510915
vt 0.003834 0.466357
vt 0.123716 0.510915
vt 0.123716 0.466357
vt 1.002200 0.399211
vt 0.002200 0.399211
vt 1.002200 0.374087
vt 0.002200 0.374087
vt 0.003834 0.510915
vt 0.003834 0.466357
vt 0.123716 0.510915
vt 0.123716 0.466357
vt 1.002200 0.448318
vt 1.002200 0.316356
vt 0.002200 0.448318
vt 0.002200 0.316356
vt 1.002200 0.448318
vt 0.002200 0.448318
vt 1.002200 0.316356
vt 0.002200 0.316356
vt 0.002200 0.399211
vt 0.002200 0.374087
vt 1.002200 0.399211
vt 1.002200 0.374087
vt 0.003834 0.510915
vt 0.003834 0.466357
vt 0.123716 0.510915
vt 0.123716 0.466357
vt 1.002200 0.399211
vt 0.002200 0.399211
vt 1.002200 0.374087
vt 0.002200 0.374087
vt 0.003834 0.510915
vt 0.003834 0.466357
vt 0.123716 0.510915
vt 0.123716 0.466357
vt 1.002200 0.448318
vt 1.002200 0.316356
vt 0.002200 0.448318
vt 0.002200 0.316356
vt 1.002200 0.448318
vt 0.002200 0.448318
vt 1.002200 0.316356
vt 0.002200 0.316356
vt 0.002200 0.350638
vt 0.002200 0.325514
vt 1.002200 0.350638
vt 1.002200 0.325514
vt 0.003834 0.510915
vt 0.003834 0.466357
vt 0.123716 0.510915
vt 0.123716 0.466357
vt 1.002200 0.350638
vt 0.002200 0.350638
vt 1.002200 0.325514
vt 0.002200 0.325514
vt 0.003834 0.510915
vt 0.003834 0.466357
vt 0.123716 0.510915
vt 0.123716 0.466357
vt 1.002200 0.448318
vt 1.002200 0.316356
vt 0.002200 0.448318
vt 0.002200 0.316356
vt 0.108297 0.232123
vt 0.002200 0.232123
vt 0.108297 0.212108
vt 0.002200 0.212108
vt 0.732930 0.295197
vt 0.712664 0.300651
vt 0.002200 0.309939
vt 0.712664 0.309939
vt 0.896103 0.309939
vt 0.876391 0.303075
vt 1.002200 0.309939
vt 1.002200 0.204813
vt 0.002200 0.204813
vt 0.732930 0.295197
vt 0.712664 0.300651
vt 0.002200 0.309939
vt 0.712664 0.309939
vt 0.896103 0.309939
vt 0.876391 0.303075
vt 1.002200 0.309939
vt 1.002200 0.204813
vt 0.002200 0.204813
vt 0.732930 0.295197
vt 0.712664 0.300651
vt 0.002200 0.309939
vt 0.712664 0.309939
vt 0.896103 0.309939
vt 0.876391 0.303075
vt 1.002200 0.309939
vt 1.002200 0.204813
vt 0.002200 0.204813
vt 0.732930 0.295197
vt 0.712664 0.300651
vt 0.002200 0.309939
vt 0.712664 0.309939
vt 0.896103 0.309939
vt 0.876391 0.303075
vt 1.002200 0.309939
vt 1.002200 0.204813
vt 0.002200 0.204813
vt 0.091784 0.125787
vt 0.111163 0.126106
vt 0.084762 0.132808
vt 0.006814 0.207058
vt 0.037578 0.134085
vt 0.013143 0.139829
vt 0.006814 0.145403
vt 0.091784 0.125787
vt 0.111163 0.126106
vt 0.084762 0.132808
vt 0.006814 0.207058
vt 0.037578 0.134085
vt 0.013143 0.139829
vt 0.006814 0.145403
vt 1.006814 0.207058
vt 0.111163 0.126106
vt 0.133912 0.109192
vt 0.113410 0.112384
vt 1.006814 0.129986
vt 0.994757 0.131027
vt 1.006814 0.101933
vt 0.985026 0.143213
vt 0.133912 0.101933
vt 0.991778 0.160137
vt 1.006814 0.178065
vt -1.040753 0.841650
vt -1.040757 0.879167
vt -0.874026 0.841705
vt -0.874048 0.879223
vt 0.725159 0.879763
vt 0.118381 -0.000948
vt 0.002200 -0.000948
vt 0.144056 0.008667
vt 0.002200 0.104177
vt 0.344066 0.008193
vt 0.344066 0.008193
vt 0.002200 0.104177
vt 0.144056 0.008667
vt 0.002200 -0.000948
vt 0.118381 -0.000948
vt 0.118381 -0.000948
vt 0.002200 -0.000948
vt 0.144056 0.008667
vt 0.002200 0.104177
vt 0.344066 0.008193
vt 0.344066 0.008193
vt 0.002200 0.104177
vt 0.144056 0.008667
vt 0.002200 -0.000948
vt 0.118381 -0.000948
vt 0.118381 -0.000948
vt 0.002200 -0.000948
vt 0.144056 0.008667
vt 0.002200 0.104177
vt 0.344066 0.008193
vt 0.006814 0.145403
vt 0.006814 0.207058
vt 0.013143 0.139829
vt 0.084762 0.132808
vt 0.037578 0.134085
vt 0.091784 0.125787
vt 0.111163 0.126106
vt 1.006814 0.207058
vt 0.133912 0.109192
vt 0.113410 0.112384
vt 1.006814 0.178065
vt 0.991778 0.160137
vt 0.133912 0.101933
vt 0.985026 0.143213
vt 1.006814 0.101933
vt 0.994757 0.131027
vt 1.006814 0.129986
vt 0.006814 0.145403
vt 0.006814 0.207058
vt 0.013143 0.139829
vt 0.084762 0.132808
vt 0.037578 0.134085
vt 0.091784 0.125787
vt 0.111163 0.126106
vt 1.006814 0.207058
vt 0.133912 0.109192
vt 0.113410 0.112384
vt 1.006814 0.178065
vt 0.991778 0.160137
vt 0.133912 0.101933
vt 0.985026 0.143213
vt 1.006814 0.101933
vt 0.994757 0.131027
vt 1.006814 0.129986
vt 0.006814 0.145403
vt 0.006814 0.207058
vt 0.013143 0.139829
vt 0.084762 0.132808
vt 0.037578 0.134085
vt 0.091784 0.125787
vt 0.111163 0.126106
vt 1.006814 0.207058
vt 0.133912 0.109192
vt 0.113410 0.112384
vt 1.006814 0.129986
vt 1.006814 0.101933
vt 0.994757 0.131027
vt 0.985026 0.143213
vt 0.133912 0.101933
vt 0.991778 0.160137
vt 1.006814 0.178065
vt 0.037578 0.134085
vt 0.084762 0.132808
vt 0.013143 0.139829
vt 0.006814 0.207058
vt 0.006814 0.145403
vt 0.113410 0.112384
vt 0.133912 0.109192
vt 0.111163 0.126106
vt 1.006814 0.207058
vt 0.091784 0.125787
vt 1.006814 0.129986
vt 0.994757 0.131027
vt 1.006814 0.101933
vt 0.985026 0.143213
vt 0.133912 0.101933
vt 0.991778 0.160137
vt 1.006814 0.178065
vt 0.006814 0.145403
vt 0.006814 0.207058
vt 0.013143 0.139829
vt 0.084762 0.132808
vt 0.037578 0.134085
vt 0.091784 0.125787
vt 0.111163 0.126106
vt 1.006814 0.207058
vt 0.133912 0.109192
vt 0.113410 0.112384
vt 1.006814 0.129986
vt 1.006814 0.101933
vt 0.994757 0.131027
vt 0.985026 0.143213
vt 0.133912 0.101933
vt 0.991778 0.160137
vt 1.006814 0.178065
vt 0.006814 0.145403
vt 0.006814 0.207058
vt 0.013143 0.139829
vt 0.084762 0.132808
vt 0.037578 0.134085
vt 0.091784 0.125787
vt 0.111163 0.126106
vt 1.006814 0.207058
vt 0.133912 0.109192
vt 0.113410 0.112384
vt 1.006814 0.129986
vt 1.006814 0.101933
vt 0.994757 0.131027
vt 0.985026 0.143213
vt 0.133912 0.101933
vt 0.991778 0.160137
vt 1.006814 0.178065
vt 0.037578 0.134085
vt 0.084762 0.132808
vt 0.013143 0.139829
vt 0.006814 0.207058
vt 0.006814 0.145403
vt 0.113410 0.112384
vt 0.133912 0.109192
vt 0.111163 0.126106
vt 1.006814 0.207058
vt 0.091784 0.125787
vt 1.006814 0.178065
vt 0.991778 0.160137
vt 0.133912 0.101933
vt 0.985026 0.143213
vt 1.006814 0.101933
vt 0.994757 0.131027
vt 1.006814 0.129986
vt 0.006814 0.145403
vt 0.006814 0.207058
vt 0.013143 0.139829
vt 0.084762 0.132808
vt 0.037578 0.134085
vt 0.091784 0.125787
vt 0.111163 0.126106
vt 1.006814 0.207058
vt 0.133912 0.109192
vt 0.113410 0.112384
vt 1.006814 0.178065
vt 0.991778 0.160137
vt 0.133912 0.101933
vt 0.985026 0.143213
vt 1.006814 0.101933
vt 0.994757 0.131027
vt 1.006814 0.129986
vt 0.037578 0.134085
vt 0.084762 0.132808
vt 0.013143 0.139829
vt 0.006814 0.207058
vt 0.006814 0.145403
vt 0.113410 0.112384
vt 0.133912 0.109192
vt 0.111163 0.126106
vt 1.006814 0.207058
vt 0.091784 0.125787
vt 1.006814 0.178065
vt 0.991778 0.160137
vt 0.133912 0.101933
vt 0.985026 0.143213
vt 1.006814 0.101933
vt 0.994757 0.131027
vt 1.006814 0.129986
vt 0.896103 0.309939
vt 1.002200 0.309939
vt 0.876310 0.303046
vt 1.002200 0.204813
vt 0.732930 0.295197
vt 0.712664 0.300651
vt -1.040552 0.772481
vt -1.040753 0.841650
vt -0.873827 0.772536
vt -0.874026 0.841705
vt 0.725346 0.842233
vt 0.725533 0.773067
vt 0.891430 0.842288
vt 0.891616 0.773122
vt 0.891826 0.676269
vt 0.891616 0.747858
vt 0.725742 0.676214
vt 0.725533 0.747803
vt -0.873827 0.747271
vt -0.873627 0.675681
vt -1.040552 0.747216
vt -1.040353 0.675626
vt 0.891616 0.773122
vt 0.891430 0.842288
vt 0.725533 0.773067
vt 0.725346 0.842233
vt -0.874026 0.841705
vt -0.873827 0.772536
vt -1.040753 0.841650
vt -1.040552 0.772481
vt 1.002200 -0.000948
vt 0.407262 -0.000948
vt 1.002200 0.104177
vt 0.344066 0.008193
vt 0.002200 0.104177
vt 0.144056 0.008667
vt 0.002200 -0.000948
vt 0.118381 -0.000948
vt -3.747774 0.841650
vt -3.747779 0.879167
vt -3.581047 0.841705
vt -3.581070 0.879223
vt -1.981863 0.879763
vt -1.981675 0.842233
vt -1.815796 0.879819
vt -1.815591 0.842288
vt 0.891616 0.773122
vt 0.891430 0.842288
vt 0.725533 0.773067
vt 0.725346 0.842233
vt -0.874026 0.841705
vt -0.873827 0.772536
vt -1.040753 0.841650
vt -1.040552 0.772481
vt 0.891826 0.637687
vt 0.891826 0.676269
vt 0.725742 0.637630
vt 0.725742 0.676214
vt -0.873627 0.675681
vt -0.873627 0.637085
vt -1.040353 0.675626
vt -1.040353 0.637028
vt 0.891826 0.676269
vt 0.891616 0.747858
vt 0.725742 0.676214
vt 0.725533 0.747803
vt -0.873827 0.747271
vt -0.873627 0.675681
vt -1.040552 0.747216
vt -1.040353 0.675626
vt 0.891430 0.842288
vt 0.891226 0.879819
vt 0.725346 0.842233
vt 0.725159 0.879763
vt -0.874048 0.879223
vt -0.874026 0.841705
vt -1.040757 0.879167
vt -1.040753 0.841650
vt 0.891826 0.637687
vt 0.891826 0.676269
vt 0.725742 0.637630
vt 0.725742 0.676214
vt -0.873627 0.675681
vt -0.873627 0.637085
vt -1.040353 0.675626
vt -1.040353 0.637028
vt -1.040353 0.637028
vt -1.040353 0.675626
vt -0.873627 0.637085
vt -0.873627 0.675681
vt 0.725742 0.676214
vt 0.725742 0.637630
vt 0.891826 0.676269
vt 0.891826 0.637687
vt -3.246491 0.761640
vt -3.246691 0.841650
vt -3.079766 0.761695
vt -3.079964 0.841705
vt -1.480593 0.842233
vt -1.480405 0.762226
vt -1.314509 0.842288
vt -1.314323 0.762281
vt 0.891826 0.637687
vt 0.891826 0.676269
vt 0.725742 0.637630
vt 0.725742 0.676214
vt -0.873627 0.675681
vt -0.873627 0.637085
vt -1.040353 0.675626
vt -1.040353 0.637028
vt 0.118381 -0.000948
vt 0.144056 0.008667
vt 0.002200 -0.000948
vt 0.002200 0.104177
vt 0.344066 0.008193
vt 1.002200 0.104177
vt 0.407262 -0.000948
vt 1.002200 -0.000948
vt 0.891826 0.676269
vt 0.891616 0.747858
vt 0.725742 0.676214
vt 0.725533 0.747803
vt -0.873827 0.747271
vt -0.873627 0.675681
vt -1.040552 0.747216
vt -1.040353 0.675626
vt 0.118381 -0.000948
vt 0.002200 -0.000948
vt 0.144056 0.008667
vt 0.002200 0.104177
vt 0.344066 0.008193
vt 1.002200 0.104177
vt 0.407262 -0.000948
vt 1.002200 -0.000948
vt 0.891430 0.842288
vt 0.891226 0.879819
vt 0.725346 0.842233
vt 0.725159 0.879763
vt -0.874048 0.879223
vt -0.874026 0.841705
vt -1.040757 0.879167
vt -1.040753 0.841650
vt -3.246292 0.637028
vt -3.246292 0.675626
vt -3.079566 0.637085
vt -3.079566 0.675681
vt -1.480196 0.676214
vt -1.480196 0.637630
vt -1.314113 0.676269
vt -1.314113 0.637687
vt -3.747574 0.761640
vt -3.747774 0.841650
vt -3.580849 0.761695
vt -3.581047 0.841705
vt -1.981675 0.842233
vt -1.981489 0.762226
vt -1.815591 0.842288
vt -1.815406 0.762281
vt -3.747375 0.637028
vt -3.747375 0.675626
vt -3.580649 0.637085
vt -3.580649 0.675681
vt -1.981279 0.676214
vt -1.981279 0.637630
vt -1.815196 0.676269
vt -1.815196 0.637687
vt -3.246691 0.841650
vt -3.246696 0.879167
vt -3.079964 0.841705
vt -3.079987 0.879223
vt -1.480780 0.879763
vt -1.480593 0.842233
vt -1.314713 0.879819
vt -1.314509 0.842288
vt -3.246292 0.675626
vt -3.246491 0.761640
vt -3.079566 0.675681
vt -3.079766 0.761695
vt -1.480405 0.762226
vt -1.480196 0.676214
vt -1.314323 0.762281
vt -1.314113 0.676269
vt 1.002200 -0.000948
vt 0.407262 -0.000948
vt 1.002200 0.104177
vt 0.344066 0.008193
vt 0.002200 0.104177
vt 0.144056 0.008667
vt 0.002200 -0.000948
vt 0.118381 -0.000948
vt 0.118381 -0.000948
vt 0.002200 -0.000948
vt 0.144056 0.008667
vt 0.002200 0.104177
vt 0.344066 0.008193
vt 1.002200 0.104177
vt 0.407262 -0.000948
vt 1.002200 -0.000948
vt 1.002200 -0.000948
vt 0.407262 -0.000948
vt 1.002200 0.104177
vt 0.344066 0.008193
vt 0.002200 0.104177
vt 0.144056 0.008667
vt 0.002200 -0.000948
vt 0.118381 -0.000948
vt 0.118381 -0.000948
vt 0.144056 0.008667
vt 0.002200 -0.000948
vt 0.002200 0.104177
vt 0.344066 0.008193
vt 1.002200 0.104177
vt 0.407262 -0.000948
vt 1.002200 -0.000948
vt 1.002200 -0.000948
vt 1.002200 0.104177
vt 0.407262 -0.000948
vt 0.344066 0.008193
vt 0.002200 0.104177
vt 0.144056 0.008667
vt 0.002200 -0.000948
vt 0.118381 -0.000948
vt 0.118381 -0.000948
vt 0.144056 0.008667
vt 0.002200 -0.000948
vt 0.002200 0.104177
vt 0.344066 0.008193
vt 1.002200 0.104177
vt 0.407262 -0.000948
vt 1.002200 -0.000948
vt 1.002200 -0.000948
vt 0.407262 -0.000948
vt 1.002200 0.104177
vt 0.344066 0.008193
vt 0.002200 0.104177
vt 0.144056 0.008667
vt 0.002200 -0.000948
vt 0.118381 -0.000948
vt 1.002200 -0.000948
vt 1.002200 0.104177
vt 0.407262 -0.000948
vt 0.344066 0.008193
vt 0.002200 0.104177
vt 0.144056 0.008667
vt 0.002200 -0.000948
vt 0.118381 -0.000948
vt 0.118381 -0.000948
vt 0.144056 0.008667
vt 0.002200 -0.000948
vt 0.002200 0.104177
vt 0.344066 0.008193
vt 1.002200 0.104177
vt 0.407262 -0.000948
vt 1.002200 -0.000948
vt 0.891616 0.773122
vt 0.891430 0.842288
vt 0.725533 0.773067
vt 0.725346 0.842233
vt -0.874026 0.841705
vt -0.873827 0.772536
vt -1.040753 0.841650
vt -1.040552 0.772481
vt 0.118381 -0.000948
vt 0.002200 -0.000948
vt 0.144056 0.008667
vt 0.002200 0.104177
vt 0.344066 0.008193
vt 1.002200 0.104177
vt 0.407262 -0.000948
vt 1.002200 -0.000948
vt 1.002200 -0.000948
vt 1.002200 0.104177
vt 0.407262 -0.000948
vt 0.344066 0.008193
vt 0.002200 0.104177
vt 0.144056 0.008667
vt 0.002200 -0.000948
vt 0.118381 -0.000948
vt 0.118381 -0.000948
vt 0.002200 -0.000948
vt 0.144056 0.008667
vt 0.002200 0.104177
vt 0.344066 0.008193
vt 1.002200 0.104177
vt 0.407262 -0.000948
vt 1.002200 -0.000948
vt -3.747375 0.675626
vt -3.747574 0.761640
vt -3.580649 0.675681
vt -3.580849 0.761695
vt -1.981489 0.762226
vt -1.981279 0.676214
vt -1.815406 0.762281
vt -1.815196 0.676269
vt -1.040353 0.675626
vt -1.040552 0.747216
vt -0.873627 0.675681
vt -0.873827 0.747271
vt 0.725533 0.747803
vt 0.725742 0.676214
vt 0.891616 0.747858
vt 0.891826 0.676269
vt 0.118381 -0.000948
vt 0.144056 0.008667
vt 0.002200 -0.000948
vt 0.002200 0.104177
vt 0.344066 0.008193
vt 1.002200 0.104177
vt 0.407262 -0.000948
vt 1.002200 -0.000948
vt 0.118381 -0.000948
vt 0.144056 0.008667
vt 0.002200 -0.000948
vt 0.002200 0.104177
vt 0.344066 0.008193
vt 1.002200 0.104177
vt 0.407262 -0.000948
vt 1.002200 -0.000948
vt 0.891430 0.842288
vt 0.891226 0.879819
vt 0.725346 0.842233
vt 0.725159 0.879763
vt -0.874048 0.879223
vt -0.874026 0.841705
vt -1.040757 0.879167
vt -1.040753 0.841650
vt 0.891826 0.676269
vt 0.891616 0.747858
vt 0.725742 0.676214
vt 0.725533 0.747803
vt -0.873827 0.747271
vt -0.873627 0.675681
vt -1.040552 0.747216
vt -1.040353 0.675626
vt 0.891826 0.637687
vt 0.891826 0.676269
vt 0.725742 0.637630
vt 0.725742 0.676214
vt -0.873627 0.675681
vt -0.873627 0.637085
vt -1.040353 0.675626
vt -1.040353 0.637028
vt 0.891430 0.842288
vt 0.891226 0.879819
vt 0.725346 0.842233
vt 0.725159 0.879763
vt -0.874048 0.879223
vt -0.874026 0.841705
vt -1.040757 0.879167
vt -1.040753 0.841650
vt 0.891616 0.773122
vt 0.891430 0.842288
vt 0.725533 0.773067
vt 0.725346 0.842233
vt -0.874026 0.841705
vt -0.873827 0.772536
vt -1.040753 0.841650
vt -1.040552 0.772481
vt 0.891430 0.842288
vt 0.891226 0.879819
vt 0.725346 0.842233
vt 0.725159 0.879763
vt -0.874048 0.879223
vt -0.874026 0.841705
vt -1.040757 0.879167
vt -1.040753 0.841650
vt 0.891616 0.773122
vt 0.891430 0.842288
vt 0.725533 0.773067
vt 0.725346 0.842233
vt -0.874026 0.841705
vt -0.873827 0.772536
vt -1.040753 0.841650
vt -1.040552 0.772481
vt 0.891826 0.676269
vt 0.891616 0.747858
vt 0.725742 0.676214
vt 0.725533 0.747803
vt -0.873827 0.747271
vt -0.873627 0.675681
vt -1.040552 0.747216
vt -1.040353 0.675626
vt 0.891826 0.637687
vt 0.891826 0.676269
vt 0.725742 0.637630
vt 0.725742 0.676214
vt -0.873627 0.675681
vt -0.873627 0.637085
vt -1.040353 0.675626
vt -1.040353 0.637028
vt 0.891616 0.773122
vt 0.891430 0.842288
vt 0.725533 0.773067
vt 0.725346 0.842233
vt -0.874026 0.841705
vt -0.873827 0.772536
vt -1.040753 0.841650
vt -1.040552 0.772481
vt 0.891430 0.842288
vt 0.891226 0.879819
vt 0.725346 0.842233
vt 0.725159 0.879763
vt -0.874048 0.879223
vt -0.874026 0.841705
vt -1.040757 0.879167
vt -1.040753 0.841650
vt 0.891826 0.676269
vt 0.891616 0.747858
vt 0.725742 0.676214
vt 0.725533 0.747803
vt -0.873827 0.747271
vt -0.873627 0.675681
vt -1.040552 0.747216
vt -1.040353 0.675626
vt 0.891826 0.637687
vt 0.891826 0.676269
vt 0.725742 0.637630
vt 0.725742 0.676214
vt -0.873627 0.675681
vt -0.873627 0.637085
vt -1.040353 0.675626
vt -1.040353 0.637028
vt -1.040552 0.772481
vt -1.040753 0.841650
vt -0.873827 0.772536
vt -0.874026 0.841705
vt 0.725346 0.842233
vt 0.725533 0.773067
vt 0.891430 0.842288
vt 0.891616 0.773122
vt -1.040753 0.841650
vt -1.040757 0.879167
vt -0.874026 0.841705
vt -0.874048 0.879223
vt 0.725159 0.879763
vt 0.725346 0.842233
vt 0.891226 0.879819
vt 0.891430 0.842288
vt -1.040353 0.675626
vt -1.040552 0.747216
vt -0.873627 0.675681
vt -0.873827 0.747271
vt 0.725533 0.747803
vt 0.725742 0.676214
vt 0.891616 0.747858
vt 0.891826 0.676269
vt 0.896103 0.309939
vt 1.002200 0.309939
vt 0.876310 0.303046
vt 1.002200 0.204813
vt 0.732930 0.295197
vt 0.712664 0.300651
vt 0.002200 0.204813
vt 0.002200 0.309939
vt 0.712664 0.309939
vt 0.896103 0.309939
vt 1.002200 0.309939
vt 0.876310 0.303046
vt 1.002200 0.204813
vt 0.732930 0.295197
vt 0.712664 0.300651
vt 0.002200 0.204813
vt 0.002200 0.309939
vt 0.712664 0.309939
vt 0.896103 0.309939
vt 1.002200 0.309939
vt 0.876310 0.303046
vt 1.002200 0.204813
vt 0.732930 0.295197
vt 0.712664 0.300651
vt 0.002200 0.204813
vt 0.002200 0.309939
vt 0.712664 0.309939
vt 0.896103 0.309939
vt 1.002200 0.309939
vt 0.876310 0.303046
vt 1.002200 0.204813
vt 0.732930 0.295197
vt 0.712664 0.300651
vt 0.002200 0.204813
vt 0.002200 0.309939
vt 0.712664 0.309939
vn -1.0000 0.0000 0.0000
vn -0.0000 -1.0000 -0.0000
vn 0.0000 0.0000 1.0000
vn -0.0000 1.0000 0.0000
vn 0.0000 -0.0000 -1.0000
vn 1.0000 0.0000 0.0000
vn 0.3586 -0.9335 -0.0000
vn -0.0471 -0.9989 0.0000
vn -0.0471 -0.9989 -0.0001
vn -0.2148 -0.9767 0.0000
vn 0.9982 -0.0600 0.0000
vn 0.0471 0.9989 0.0000
vn -0.3344 0.9424 0.0000
vn -0.0185 0.9998 0.0000
vn -0.0186 0.9998 -0.0007
vn 0.0862 -0.9963 -0.0004
vn 0.3193 -0.9477 -0.0002
vn 0.7572 -0.6531 0.0002
vn 0.7572 -0.6532 0.0002
vn -0.1552 0.9879 0.0004
vn 0.0007 0.0005 -1.0000
vn 0.7969 -0.6041 0.0003
vn -0.0007 -0.0004 1.0000
vn -0.0008 -0.0005 1.0000
vn 0.9985 0.0543 0.0007
vn -0.8574 0.5146 -0.0003
vn -0.0007 -0.0005 1.0000
vn -0.9985 -0.0543 -0.0007
vn -0.7825 -0.6227 -0.0008
vn 0.0008 0.0005 -1.0000
vn -0.8575 0.5146 -0.0003
vn -0.0002 0.0005 -1.0000
vn -0.7825 -0.6227 -0.0002
vn -0.9285 -0.3712 -0.0000
vn -0.8574 0.5146 0.0004
vn -0.9286 -0.3712 -0.0008
vn -0.0006 -0.0005 1.0000
vn -0.0543 0.9985 0.0004
vn 0.0349 -0.9994 -0.0004
vn -0.9285 -0.3712 -0.0008
vn 0.0543 -0.9985 -0.0004
vn 0.0349 -0.9994 -0.0005
vn 0.9965 -0.0834 0.0006
vn 0.2339 -0.9723 -0.0003
vn -0.0000 0.9884 0.1519
vn 0.0000 -0.9884 -0.1519
vn 0.0000 0.7359 -0.6771
vn 0.0000 0.7360 -0.6770
vn 0.0000 0.0609 -0.9981
vn 0.0000 -0.0609 0.9981
vn 0.0000 0.9981 0.0609
vn 0.0000 0.0311 0.9995
vn 0.0001 -0.9990 0.0441
vn 0.0000 -0.9990 0.0441
vn 0.0000 0.9990 -0.0441
vn -0.0000 -0.9922 -0.1250
vn -0.0000 -0.9991 0.0413
vn 0.0009 -0.9960 0.0893
vn 1.0000 0.0016 0.0073
vn 0.0074 -0.0707 -0.9975
vn -0.0074 0.0707 0.9975
vn -1.0000 -0.0016 -0.0073
vn 0.0073 -0.0707 -0.9975
vn -0.0009 0.9960 -0.0893
vn 1.0000 0.0017 0.0073
vn 0.0005 -0.9882 0.1533
vn 0.0012 -0.9882 0.1534
vn -0.0019 -0.8886 0.4586
vn 0.0000 -0.9989 0.0471
vn -0.0000 -0.9335 -0.3586
vn -0.0001 -0.9989 0.0471
vn 0.0000 -0.9767 0.2148
vn 0.0000 -0.0600 -0.9982
vn 0.0000 0.9989 -0.0471
vn 0.0000 0.1519 -0.9884
vn 0.9966 0.0827 0.0000
vn 0.0827 -0.9966 0.0000
vn 0.0000 0.9424 0.3344
vn 0.0000 0.9998 0.0185
vn -0.0007 0.9998 0.0186
vn -0.0005 -0.9963 -0.0862
vn -0.0005 -0.9477 -0.3193
vn -0.0004 -0.6531 -0.7572
vn -0.0004 -0.6532 -0.7572
vn 0.0005 0.9879 0.1552
vn -1.0000 0.0005 0.0001
vn 1.0000 -0.0005 -0.0001
vn -0.0001 0.0543 -0.9985
vn 0.0003 0.5146 0.8574
vn 0.0001 -0.0543 0.9985
vn -1.0000 0.0005 0.0000
vn 0.0003 0.5146 0.8575
vn -0.0001 -0.3712 0.9285
vn 0.0005 0.9985 0.0543
vn -0.0005 -0.9994 -0.0349
vn -0.0005 -0.9985 -0.0543
vn -0.0001 -0.0834 -0.9965
vn -1.0000 0.0004 0.0001
vn -0.0005 -0.9723 -0.2339
vn 0.0000 -0.7359 0.6771
vn 0.0000 -0.7360 0.6770
vn 0.0000 -0.9981 -0.0609
vn 0.0000 -0.1975 0.9803
vn -0.0000 -0.9927 0.1204
vn 0.0000 -0.0311 -0.9995
vn 0.0001 0.9990 -0.0441
vn -0.0000 0.9922 0.1250
vn -0.0000 0.9991 -0.0413
vn 0.0017 0.9960 -0.0893
vn 1.0000 -0.0016 0.0011
vn -0.0010 0.0707 0.9975
vn 0.0010 -0.0707 -0.9975
vn -1.0000 0.0016 -0.0011
vn -0.0017 -0.9960 0.0893
vn 1.0000 -0.0014 0.0012
vn 0.0013 0.9760 0.2178
vn 0.0017 0.9882 -0.1533
vn 1.0000 -0.0016 0.0012
vn 0.0025 0.9882 -0.1534
vn -1.0000 0.0016 -0.0012
vn 0.0019 0.8886 -0.4586
vn -0.0000 0.9335 0.3586
vn -0.0001 0.9989 -0.0471
vn -0.0000 0.9767 -0.2148
vn 0.0000 0.0600 0.9982
vn -0.0893 -0.9960 0.0013
vn 0.0000 0.9988 -0.0499
vn 0.0000 0.9884 -0.1519
vn -0.0000 -0.9884 0.1519
vn -0.0036 0.0016 1.0000
vn 0.9975 -0.0707 0.0037
vn -0.9975 0.0707 -0.0037
vn 0.0036 -0.0016 -1.0000
vn -0.0037 0.0016 1.0000
vn 0.2178 -0.9760 0.0023
vn -0.1533 -0.9882 0.0010
vn -0.1534 -0.9882 0.0017
vn -0.4586 -0.8886 -0.0003
vn -0.4586 -0.8887 -0.0003
vn 1.0000 0.0000 0.0066
vn -0.0014 0.9767 0.2148
vn -0.0003 0.9988 0.0499
vn 0.0023 0.9335 -0.3586
vn 0.0024 0.9335 -0.3586
vn -1.0000 -0.0016 -0.0026
vn -1.0000 -0.0014 -0.0026
vn -0.9985 -0.0543 0.0002
vn 0.0002 -0.0005 1.0000
vn 0.0000 0.7359 0.6771
vn -0.0000 0.7359 0.6770
vn -0.0000 0.0609 0.9981
vn 0.0000 -0.0609 -0.9981
vn -0.0000 0.9981 -0.0609
vn 0.0000 0.0311 -0.9995
vn -0.0001 -0.9990 -0.0441
vn 0.0000 -0.9990 -0.0441
vn -0.0000 0.9990 0.0441
vn 0.0000 -0.9922 0.1250
vn 0.0000 -0.9991 -0.0413
vn 0.0000 -0.8969 -0.4422
vn -0.0893 -0.9960 0.0016
vn 0.0007 0.0016 1.0000
vn 0.9975 -0.0707 -0.0006
vn -0.9975 0.0707 0.0006
vn -0.0007 -0.0016 -1.0000
vn 0.9975 -0.0708 -0.0006
vn 0.0893 0.9960 -0.0016
vn 0.2178 -0.9760 0.0014
vn -0.1533 -0.9882 0.0017
vn -0.1534 -0.9882 0.0024
vn -0.4586 -0.8886 0.0017
vn -0.4586 -0.8887 0.0017
vn -1.0000 0.0000 -0.0066
vn 0.0862 -0.9963 -0.0005
vn 0.3193 -0.9477 -0.0005
vn 0.7573 -0.6531 -0.0004
vn 0.7572 -0.6532 -0.0005
vn 0.0000 -0.7359 -0.6770
vn -0.0000 -0.7360 -0.6770
vn -0.0026 0.8886 0.4586
vn -0.0027 0.9882 0.1534
vn -0.0020 0.9882 0.1533
vn -0.0010 0.9760 -0.2178
vn 0.0000 0.9991 0.0413
vn 0.0000 0.9922 -0.1250
vn 0.0000 -0.9927 -0.1204
vn -0.0000 -0.1975 -0.9803
vn 0.2339 -0.9723 -0.0005
vn 0.2338 -0.9723 -0.0005
vn 0.9965 -0.0834 -0.0002
vn 0.9965 -0.0833 -0.0002
vn -0.0024 -0.0707 0.9975
vn 0.0018 -0.9960 -0.0893
vn 0.0024 0.0707 -0.9975
vn -0.0018 0.9960 0.0893
vn -0.0003 0.9989 0.0471
vn 0.0065 0.0600 -0.9982
vn 0.0066 0.0600 -0.9982
vn 0.0003 -0.9989 -0.0471
vn -0.0002 0.9989 0.0471
vn -0.9985 -0.0543 0.0001
vn 0.0543 -0.9985 -0.0005
vn -0.0543 0.9985 0.0005
vn 0.9985 0.0543 -0.0002
vn 0.9985 0.0543 -0.0001
vn 0.9985 0.0545 -0.0002
vn 0.0000 -0.9981 0.0609
vn -0.0000 -0.0311 0.9995
vn -0.0001 0.9990 0.0441
vn -0.0000 0.1519 0.9884
vn 1.0000 0.0016 0.0026
vn -0.1552 0.9879 0.0005
vn -0.8575 0.5146 0.0004
vn 0.9884 -0.1519 0.0000
vn -0.1519 -0.9884 0.0000
vn -0.6770 0.7360 0.0000
vn -0.6770 0.7359 -0.0000
vn -0.9981 0.0609 0.0000
vn 0.9995 0.0311 0.0000
vn 0.0441 -0.9990 0.0000
vn 0.0441 -0.9990 -0.0001
vn -0.0441 0.9990 -0.0000
vn -0.1250 -0.9922 -0.0000
vn 0.0413 -0.9991 0.0000
vn 0.4421 -0.8969 0.0000
vn 0.4422 -0.8969 -0.0000
vn 0.0893 -0.9960 -0.0009
vn 0.0073 0.0016 -1.0000
vn -0.9975 -0.0707 -0.0074
vn -0.0073 -0.0016 1.0000
vn -0.2178 -0.9760 -0.0031
vn -0.0893 0.9960 0.0009
vn 0.0074 0.0017 -1.0000
vn 0.1533 -0.9882 -0.0005
vn 0.1534 -0.9882 -0.0012
vn 0.4586 -0.8886 0.0019
vn 0.0471 -0.9989 0.0000
vn -0.3586 -0.9335 0.0000
vn -0.0471 0.9989 0.0000
vn 0.2148 -0.9767 0.0000
vn 0.0471 -0.9989 0.0001
vn -0.9982 -0.0600 0.0000
vn 0.9966 -0.0827 -0.0000
vn 0.0827 0.9966 0.0000
vn 0.3344 0.9424 0.0000
vn 0.0186 0.9998 0.0007
vn 0.0185 0.9998 0.0000
vn -0.3193 -0.9477 0.0005
vn 0.0001 0.0004 1.0000
vn -0.0001 -0.0002 -1.0000
vn 0.0001 0.0005 1.0000
vn 0.0001 0.0001 1.0000
vn -0.0001 -0.0005 -1.0000
vn -0.7572 -0.6531 0.0004
vn -0.0349 -0.9994 0.0005
vn -0.7572 -0.6532 0.0004
vn -0.9985 0.0543 0.0001
vn 0.0543 0.9985 -0.0005
vn -0.9965 -0.0834 0.0001
vn 0.9985 -0.0543 -0.0001
vn -0.2338 -0.9723 0.0005
vn -0.2339 -0.9723 0.0005
vn 0.7825 -0.6227 0.0002
vn 0.9285 -0.3712 0.0001
vn 0.9286 -0.3712 0.0001
vn -0.0543 -0.9985 0.0005
vn 0.0002 0.0005 1.0000
vn 0.8574 0.5146 -0.0003
vn 0.0000 -0.0005 -1.0000
vn 0.8575 0.5145 -0.0003
vn 0.1552 0.9879 -0.0005
vn 0.6771 -0.7359 0.0000
vn 0.6770 -0.7360 -0.0000
vn 0.9981 -0.0609 0.0000
vn -0.9995 -0.0311 0.0000
vn -0.0441 0.9990 -0.0001
vn 0.1250 0.9922 0.0000
vn -0.0413 0.9991 0.0000
vn -0.4421 0.8969 0.0000
vn -0.0893 0.9960 -0.0017
vn 0.0011 -0.0016 -1.0000
vn -0.9975 -0.0707 -0.0010
vn -0.0012 0.0016 1.0000
vn -0.0011 0.0016 1.0000
vn 0.0012 -0.0011 -1.0000
vn -0.1533 0.9882 -0.0017
vn 0.9975 0.0707 0.0010
vn -0.1534 0.9882 -0.0025
vn -0.4586 0.8886 -0.0019
vn -0.4586 0.8887 -0.0019
vn -0.2148 0.9767 0.0000
vn -0.0471 0.9989 0.0001
vn 0.9982 0.0600 -0.0000
vn -1.0000 0.0000 -0.0001
vn 0.0000 0.9424 -0.3344
vn 0.0007 0.9998 -0.0186
vn 0.0000 0.9998 -0.0185
vn 0.0005 -0.9963 0.0862
vn 0.0005 -0.9477 0.3193
vn 1.0000 0.0007 -0.0001
vn 0.0004 -0.6041 0.7969
vn -1.0000 -0.0007 0.0001
vn 1.0000 0.0005 -0.0001
vn 1.0000 0.0006 -0.0001
vn 0.0003 -0.6041 0.7969
vn -1.0000 -0.0005 0.0001
vn 0.0004 -0.6531 0.7573
vn 0.0005 -0.9994 0.0349
vn -1.0000 -0.0004 0.0001
vn 0.0004 -0.6532 0.7572
vn 0.0001 0.0543 0.9985
vn -0.0005 0.9985 -0.0543
vn 0.0001 -0.0834 0.9965
vn -0.0001 -0.0543 -0.9985
vn 0.0002 -0.0834 0.9965
vn -0.0000 -0.0543 -0.9985
vn 1.0000 0.0005 -0.0000
vn 0.0005 -0.9723 0.2339
vn 0.0002 -0.6227 -0.7825
vn 0.0005 -0.9985 0.0543
vn 1.0000 0.0004 -0.0001
vn -0.0003 0.5145 -0.8575
vn -0.0003 0.5146 -0.8574
vn -0.0005 0.9879 -0.1552
vn -0.0001 0.0000 1.0000
vn 0.0000 0.9376 -0.3476
vn 0.0000 -0.0646 -0.9979
vn 0.0000 0.9989 -0.0460
vn 0.0000 -0.9989 0.0460
vn 0.0000 0.0646 0.9979
vn -0.0004 -0.6041 -0.7969
vn -0.0002 -0.6227 0.7825
vn 0.0000 -0.9996 -0.0290
vn 0.0000 -0.9781 0.2081
vn 0.0000 0.9992 -0.0405
vn 0.0000 -0.6918 0.7221
vn 0.0000 0.6098 -0.7925
vn 0.0000 -0.5285 -0.8489
vn 0.0000 -0.2619 -0.9651
vn 0.0000 -0.9968 -0.0803
vn 0.0000 0.8969 -0.4422
vn 0.0000 0.8969 -0.4421
vn -0.0000 -0.1519 -0.9884
vn 0.0893 0.9960 -0.0013
vn -0.0827 0.9966 0.0000
vn -0.9966 -0.0827 0.0000
vn 0.0000 0.9996 -0.0291
vn 0.0000 0.9996 -0.0290
vn 0.0000 0.9781 0.2081
vn 0.0000 -0.9992 -0.0405
vn 0.0000 0.6918 0.7221
vn 0.0000 -0.6098 -0.7926
vn 0.0000 -0.6098 -0.7925
vn 0.0000 0.5285 -0.8489
vn 0.0000 0.2619 -0.9651
vn 0.0000 0.9968 -0.0803
vn 0.0000 0.1975 0.9803
vn 0.0000 0.9927 0.1204
vn -0.9982 0.0600 0.0000
vn -0.0499 -0.9988 0.0000
vn 0.0000 -0.6918 -0.7221
vn 0.0000 -0.9996 0.0290
vn 0.0000 -0.9781 -0.2081
vn 0.3476 0.9376 0.0000
vn 0.0001 0.0000 1.0000
vn -1.0000 0.0001 0.0000
vn -1.0000 -0.0001 0.0000
vn -1.0000 0.0000 0.0003
vn 0.0000 0.8969 0.4421
vn 0.7970 -0.6040 -0.0004
vn 0.7969 -0.6041 -0.0004
vn 0.0000 -0.9968 0.0803
vn -0.9979 0.0646 0.0000
vn -0.0460 -0.9989 0.0000
vn 0.9979 -0.0646 0.0000
vn 0.0460 0.9989 0.0000
vn 0.9979 -0.0647 0.0000
vn -0.0065 -0.0600 0.9982
vn 0.0000 0.0827 0.9966
vn 0.0000 0.9966 -0.0827
vn 0.0000 -0.0827 -0.9966
vn 0.0000 -0.9966 0.0827
vn 0.9980 0.0633 0.0000
vn -0.0633 0.9980 0.0000
vn -0.9980 -0.0633 0.0000
vn 0.0633 -0.9980 0.0000
vn 0.0000 0.9992 0.0405
vn 0.0000 0.6098 0.7925
vn 0.0000 -0.2619 0.9651
vn 0.0000 -0.5285 0.8489
vn 0.1519 0.9884 0.0000
vn -0.9884 0.1519 0.0000
vn -0.9966 0.0827 0.0000
vn -0.0827 -0.9966 0.0000
vn 0.0290 0.9996 0.0000
vn -0.2081 0.9781 0.0000
vn -0.7221 0.6918 0.0000
vn -0.7221 0.6917 0.0000
vn 0.0803 0.9968 0.0000
vn -0.0609 -0.9981 0.0000
vn -0.9803 0.1975 0.0000
vn -0.1204 0.9927 0.0000
vn 0.8489 0.5285 0.0000
vn -0.9981 0.0610 0.0000
vn 0.9651 0.2619 0.0000
vn 0.0609 0.9981 0.0000
vn 0.7925 -0.6098 0.0000
vn 0.0405 -0.9992 0.0000
vn 0.9975 0.0707 0.0074
vn 0.0499 -0.9988 0.0000
vn -0.0633 -0.9980 0.0000
vn 0.9980 -0.0633 0.0000
vn 0.0633 0.9980 0.0000
vn -0.9980 0.0633 0.0000
vn -0.0460 0.9989 0.0000
vn -0.9979 -0.0646 0.0000
vn -0.3476 0.9376 0.0000
vn 0.0460 -0.9989 0.0000
vn 0.9979 0.0646 0.0000
vn -0.0862 -0.9963 0.0005
vn -0.7969 -0.6041 0.0004
vn -0.0290 -0.9996 0.0000
vn 0.2081 -0.9781 0.0000
vn 0.7221 -0.6917 0.0000
vn -0.0803 -0.9968 0.0000
vn 0.9803 -0.1975 0.0000
vn 0.1204 -0.9927 0.0000
vn -0.8489 -0.5285 0.0000
vn 0.9981 -0.0610 0.0000
vn -0.9651 -0.2619 0.0000
vn -0.7926 0.6098 0.0000
vn -0.7925 0.6098 0.0000
vn -0.0405 0.9992 0.0000
vn 0.2178 0.9760 -0.0013
vn 0.0893 -0.9960 0.0017
vn -0.0499 0.9988 0.0000
vn 0.3586 0.9335 0.0000
vn -0.0001 0.0000 -1.0000
vn 0.0001 0.0000 -1.0000
vn 0.0000 -0.9980 0.0633
vn 0.0000 -0.0633 -0.9980
vn 0.0000 0.9980 -0.0633
vn 0.0000 0.0633 0.9980
vn 0.0000 0.9989 0.0460
vn 0.0000 -0.0646 0.9979
vn 0.0000 0.9376 0.3476
vn 0.0000 -0.9989 -0.0460
vn 0.0000 0.0646 -0.9979
vn 0.0001 -0.3712 -0.9285
vn 0.0000 -0.1519 0.9884
vn 0.0000 0.9966 0.0827
vn 0.0000 0.0827 -0.9966
vn 0.0000 -0.9966 -0.0827
vn 0.0000 -0.0827 0.9966
vn 0.0000 0.9996 0.0290
vn 0.0000 0.9781 -0.2081
vn 0.0000 -0.9992 0.0405
vn 0.0000 0.6917 -0.7221
vn 0.0000 0.6918 -0.7221
vn 0.0000 -0.6098 0.7925
vn 0.0000 0.5285 0.8489
vn 0.0000 0.2619 0.9651
vn 0.0000 0.9968 0.0803
vn 0.0000 0.1975 -0.9803
vn 0.0000 0.9927 -0.1204
vn 0.0000 -0.8969 0.4422
vn 0.0031 -0.9760 -0.2178
vn 0.0000 -0.9988 0.0499
vn 0.0000 -0.9980 -0.0633
vn 0.0000 -0.0633 0.9980
vn 0.0000 0.9980 0.0633
vn 0.0000 0.0633 -0.9980
vn 1.0000 -0.0002 0.0000
vn 1.0000 -0.0001 0.0000
usemtl noname.003
s 1
f 238/238/7 239/239/7 240/240/7
f 241/241/7 242/242/7 243/243/7
f 244/244/7 245/245/7 246/246/7
f 247/247/7 248/248/7 249/249/7
f 250/250/8 251/251/8 252/252/8
f 253/253/8 254/254/8 255/255/8
f 256/256/7 257/257/7 258/258/7
f 259/259/7 260/260/7 261/261/7
f 262/262/9 263/263/9 264/264/9
f 265/265/9 266/266/9 267/267/9
f 268/268/10 269/269/10 270/270/10
f 271/271/10 272/272/10 273/273/10
f 274/274/8 275/275/8 276/276/8
f 277/277/8 278/278/8 279/279/8
f 280/280/11 281/281/11 282/282/11
f 283/283/11 284/284/11 285/285/11
f 286/286/8 287/287/8 288/288/8
f 289/289/8 290/290/8 291/291/8
f 292/292/12 293/293/12 294/294/12
f 295/295/12 296/296/12 297/297/12
f 298/298/7 299/299/7 300/300/7
f 301/301/7 302/302/7 303/303/7
f 304/304/12 305/305/12 306/306/12
f 307/307/12 308/308/12 309/309/12
f 310/310/10 311/311/10 312/312/10
f 313/313/10 314/314/10 315/315/10
f 316/316/13 317/317/13 318/318/13
f 319/319/14 320/320/14 321/321/14
f 322/322/15 323/323/15 324/324/15
f 325/325/16 326/326/16 327/327/16
f 328/328/17 329/329/17 330/330/17
f 331/331/13 332/332/13 333/333/13
f 334/334/16 335/335/16 336/336/16
f 337/337/18 338/338/18 339/339/18
f 340/340/17 341/341/17 342/342/17
f 343/343/18 344/344/18 345/345/18
f 346/346/19 347/347/19 348/348/19
f 349/349/19 350/350/19 351/351/19
f 352/352/20 353/353/20 354/354/20
f 355/355/21 356/356/21 357/357/21
f 358/358/22 359/359/22 360/360/22
f 361/361/23 362/362/23 363/363/23
f 364/364/22 365/365/22 366/366/22
f 367/367/23 368/368/23 369/369/23
f 370/370/24 371/371/24 372/372/24
f 373/373/25 374/374/25 375/375/25
f 376/376/26 377/377/26 378/378/26
f 379/379/26 380/380/26 381/381/26
f 382/382/27 383/383/27 384/384/27
f 385/385/28 386/386/28 387/387/28
f 388/388/29 389/389/29 390/390/29
f 391/391/30 392/392/30 393/393/30
f 394/394/27 395/395/27 396/396/27
f 397/397/31 398/398/31 399/399/31
f 400/400/32 401/401/32 402/402/32
f 403/403/33 404/404/33 405/405/33
f 406/406/27 407/407/27 408/408/27
f 409/409/34 410/410/34 411/411/34
f 412/412/27 413/413/27 414/414/27
f 415/415/27 416/416/27 417/417/27
f 418/418/28 419/419/28 420/420/28
f 421/421/34 422/422/34 423/423/34
f 424/424/35 425/425/35 426/426/35
f 427/427/33 428/428/33 429/429/33
f 430/430/31 431/431/31 432/432/31
f 433/433/36 434/434/36 435/435/36
f 436/436/37 437/437/37 438/438/37
f 439/439/38 440/440/38 441/441/38
f 442/442/38 443/443/38 444/444/38
f 445/445/38 446/446/38 447/447/38
f 448/448/38 449/449/38 450/450/38
f 451/451/38 452/452/38 453/453/38
f 454/454/38 455/455/38 456/456/38
f 457/457/39 458/458/39 459/459/39
f 460/460/39 461/461/39 462/462/39
f 463/463/40 464/464/40 465/465/40
f 466/466/40 467/467/40 468/468/40
f 469/469/41 470/470/41 471/471/41
f 472/472/34 473/473/34 474/474/34
f 475/475/35 476/476/35 477/477/35
f 478/478/42 479/479/42 480/480/42
f 481/481/43 482/482/43 483/483/43
f 484/484/34 485/485/34 486/486/34
f 487/487/27 488/488/27 489/489/27
f 490/490/44 491/491/44 492/492/44
f 493/493/33 494/494/33 495/495/33
f 496/496/45 497/497/45 498/498/45
f 499/499/33 500/500/33 501/501/33
f 502/502/33 503/503/33 504/504/33
f 505/505/44 506/506/44 507/507/44
f 508/508/27 509/509/27 510/510/27
f 511/511/46 512/512/46 513/513/46
f 514/514/27 515/515/27 516/516/27
f 517/517/33 518/518/33 519/519/33
f 520/520/33 521/521/33 522/522/33
f 523/523/47 524/524/47 525/525/47
f 526/526/27 527/527/27 528/528/27
f 529/529/48 530/530/48 531/531/48
f 532/532/33 533/533/33 534/534/33
f 535/535/33 536/536/33 537/537/33
f 538/538/27 539/539/27 540/540/27
f 541/541/27 542/542/27 543/543/27
f 544/544/33 545/545/33 546/546/33
f 547/547/47 548/548/47 549/549/47
f 550/550/27 551/551/27 552/552/27
f 553/553/49 554/554/49 555/555/49
f 556/556/33 557/557/33 558/558/33
f 559/559/27 560/560/27 561/561/27
f 562/562/31 563/563/31 564/564/31
f 565/565/27 566/566/27 567/567/27
f 568/568/49 569/569/49 570/570/49
f 571/571/33 572/572/33 573/573/33
f 574/574/31 575/575/31 576/576/31
f 577/577/50 578/578/50 579/579/50
f 580/580/50 581/581/50 582/582/50
f 583/583/51 584/584/51 585/585/51
f 586/586/52 587/587/52 588/588/52
f 589/589/51 590/590/51 591/591/51
f 592/592/52 593/593/52 594/594/52
f 595/595/53 596/596/53 597/597/53
f 598/598/54 599/599/54 600/600/54
f 601/601/55 602/602/55 603/603/55
f 604/604/56 605/605/56 606/606/56
f 607/607/55 608/608/55 609/609/55
f 610/610/56 611/611/56 612/612/56
f 613/613/12 614/614/12 615/615/12
f 616/616/12 617/617/12 618/618/12
f 619/619/57 620/620/57 621/621/57
f 622/622/12 623/623/12 624/624/12
f 625/625/12 626/626/12 627/627/12
f 628/628/12 629/629/12 630/630/12
f 631/631/57 632/632/57 633/633/57
f 634/634/12 635/635/12 636/636/12
f 637/637/12 638/638/12 639/639/12
f 640/640/12 641/641/12 642/642/12
f 643/643/58 644/644/58 645/645/58
f 646/646/59 647/647/59 648/648/59
f 649/649/60 650/650/60 651/651/60
f 652/652/58 653/653/58 654/654/58
f 655/655/61 656/656/61 657/657/61
f 658/658/62 659/659/62 660/660/62
f 661/661/62 662/662/62 663/663/62
f 664/664/61 665/665/61 666/666/61
f 667/667/63 668/668/63 669/669/63
f 670/670/63 671/671/63 672/672/63
f 673/673/64 674/674/64 675/675/64
f 676/676/64 677/677/64 678/678/64
f 679/679/65 680/680/65 681/681/65
f 682/682/66 683/683/66 684/684/66
f 685/685/65 686/686/65 687/687/65
f 688/688/67 689/689/67 690/690/67
f 691/691/67 692/692/67 693/693/67
f 694/694/68 695/695/68 696/696/68
f 697/697/69 698/698/69 699/699/69
f 700/700/65 701/701/65 702/702/65
f 703/703/70 704/704/70 705/705/70
f 706/706/68 707/707/68 708/708/68
f 709/709/71 710/710/71 711/711/71
f 712/712/68 713/713/68 714/714/68
f 715/715/70 716/716/70 717/717/70
f 718/718/68 719/719/68 720/720/68
f 721/721/65 722/722/65 723/723/65
f 724/724/66 725/725/66 726/726/66
f 727/727/66 728/728/66 729/729/66
f 730/730/65 731/731/65 732/732/65
f 733/733/68 734/734/68 735/735/68
f 736/736/72 737/737/72 738/738/72
f 739/739/68 740/740/68 741/741/68
f 742/742/65 743/743/65 744/744/65
f 745/745/73 746/746/73 747/747/73
f 748/748/68 749/749/68 750/750/68
f 751/751/74 752/752/74 753/753/74
f 754/754/74 755/755/74 756/756/74
f 757/757/75 758/758/75 759/759/75
f 760/760/75 761/761/75 762/762/75
f 763/763/76 764/764/76 765/765/76
f 766/766/75 767/767/75 768/768/75
f 769/769/77 770/770/77 771/771/77
f 772/772/78 773/773/78 774/774/78
f 775/775/79 776/776/79 777/777/79
f 778/778/76 779/779/76 780/780/76
f 781/781/78 782/782/78 783/783/78
f 784/784/80 785/785/80 786/786/80
f 787/787/79 788/788/79 789/789/79
f 790/790/80 791/791/80 792/792/80
f 793/793/7 794/794/7 795/795/7
f 796/796/7 797/797/7 798/798/7
f 799/799/52 800/800/52 801/801/52
f 802/802/81 803/803/81 804/804/81
f 805/805/82 806/806/82 807/807/82
f 808/808/83 809/809/83 810/810/83
f 811/811/52 812/812/52 813/813/52
f 814/814/81 815/815/81 816/816/81
f 817/817/84 818/818/84 819/819/84
f 820/820/84 821/821/84 822/822/84
f 823/823/85 824/824/85 825/825/85
f 826/826/86 827/827/86 828/828/86
f 829/829/87 830/830/87 831/831/87
f 832/832/88 833/833/88 834/834/88
f 835/835/87 836/836/87 837/837/87
f 838/838/88 839/839/88 840/840/88
f 841/841/89 842/842/89 843/843/89
f 844/844/90 845/845/90 846/846/90
f 847/847/91 848/848/91 849/849/91
f 850/850/91 851/851/91 852/852/91
f 853/853/92 854/854/92 855/855/92
f 856/856/93 857/857/93 858/858/93
f 859/859/93 860/860/93 861/861/93
f 862/862/92 863/863/92 864/864/92
f 865/865/94 866/866/94 867/867/94
f 868/868/95 869/869/95 870/870/95
f 871/871/93 872/872/93 873/873/93
f 874/874/92 875/875/92 876/876/92
f 877/877/96 878/878/96 879/879/96
f 880/880/92 881/881/92 882/882/92
f 883/883/92 884/884/92 885/885/92
f 886/886/96 887/887/96 888/888/96
f 889/889/93 890/890/93 891/891/93
f 892/892/94 893/893/94 894/894/94
f 895/895/97 896/896/97 897/897/97
f 898/898/98 899/899/98 900/900/98
f 901/901/96 902/902/96 903/903/96
f 904/904/99 905/905/99 906/906/99
f 907/907/93 908/908/93 909/909/93
f 910/910/96 911/911/96 912/912/96
f 913/913/92 914/914/92 915/915/92
f 916/916/100 917/917/100 918/918/100
f 919/919/93 920/920/93 921/921/93
f 922/922/101 923/923/101 924/924/101
f 925/925/93 926/926/93 927/927/93
f 928/928/93 929/929/93 930/930/93
f 931/931/100 932/932/100 933/933/100
f 934/934/92 935/935/92 936/936/92
f 937/937/99 938/938/99 939/939/99
f 940/940/92 941/941/92 942/942/92
f 943/943/93 944/944/93 945/945/93
f 946/946/93 947/947/93 948/948/93
f 949/949/102 950/950/102 951/951/102
f 952/952/92 953/953/92 954/954/92
f 955/955/101 956/956/101 957/957/101
f 958/958/93 959/959/93 960/960/93
f 961/961/93 962/962/93 963/963/93
f 964/964/92 965/965/92 966/966/92
f 967/967/92 968/968/92 969/969/92
f 970/970/93 971/971/93 972/972/93
f 973/973/102 974/974/102 975/975/102
f 976/976/92 977/977/92 978/978/92
f 979/979/103 980/980/103 981/981/103
f 982/982/93 983/983/93 984/984/93
f 985/985/104 986/986/104 987/987/104
f 988/988/94 989/989/94 990/990/94
f 991/991/92 992/992/92 993/993/92
f 994/994/103 995/995/103 996/996/103
f 997/997/93 998/998/93 999/999/93
f 1000/1000/94 1001/1001/94 1002/1002/94
f 1003/1003/105 1004/1004/105 1005/1005/105
f 1006/1006/105 1007/1007/105 1008/1008/105
f 1009/1009/106 1010/1010/106 1011/1011/106
f 1012/1012/107 1013/1013/107 1014/1014/107
f 1015/1015/56 1016/1016/56 1017/1017/56
f 1018/1018/55 1019/1019/55 1020/1020/55
f 1021/1021/56 1022/1022/56 1023/1023/56
f 1024/1024/55 1025/1025/55 1026/1026/55
f 1027/1027/12 1028/1028/12 1029/1029/12
f 1030/1030/12 1031/1031/12 1032/1032/12
f 1033/1033/108 1034/1034/108 1035/1035/108
f 1036/1036/12 1037/1037/12 1038/1038/12
f 1039/1039/12 1040/1040/12 1041/1041/12
f 1042/1042/12 1043/1043/12 1044/1044/12
f 1045/1045/108 1046/1046/108 1047/1047/108
f 1048/1048/12 1049/1049/12 1050/1050/12
f 1051/1051/109 1052/1052/109 1053/1053/109
f 1054/1054/12 1055/1055/12 1056/1056/12
f 1057/1057/12 1058/1058/12 1059/1059/12
f 1060/1060/109 1061/1061/109 1062/1062/109
f 1063/1063/110 1064/1064/110 1065/1065/110
f 1066/1066/110 1067/1067/110 1068/1068/110
f 1069/1069/111 1070/1070/111 1071/1071/111
f 1072/1072/112 1073/1073/112 1074/1074/112
f 1075/1075/61 1076/1076/61 1077/1077/61
f 1078/1078/111 1079/1079/111 1080/1080/111
f 1081/1081/60 1082/1082/60 1083/1083/60
f 1084/1084/113 1085/1085/113 1086/1086/113
f 1087/1087/113 1088/1088/113 1089/1089/113
f 1090/1090/60 1091/1091/60 1092/1092/60
f 1093/1093/114 1094/1094/114 1095/1095/114
f 1096/1096/114 1097/1097/114 1098/1098/114
f 1099/1099/115 1100/1100/115 1101/1101/115
f 1102/1102/115 1103/1103/115 1104/1104/115
f 1105/1105/116 1106/1106/116 1107/1107/116
f 1108/1108/117 1109/1109/117 1110/1110/117
f 1111/1111/116 1112/1112/116 1113/1113/116
f 1114/1114/118 1115/1115/118 1116/1116/118
f 1117/1117/118 1118/1118/118 1119/1119/118
f 1120/1120/119 1121/1121/119 1122/1122/119
f 1123/1123/117 1124/1124/117 1125/1125/117
f 1126/1126/116 1127/1127/116 1128/1128/116
f 1129/1129/120 1130/1130/120 1131/1131/120
f 1132/1132/119 1133/1133/119 1134/1134/119
f 1135/1135/121 1136/1136/121 1137/1137/121
f 1138/1138/119 1139/1139/119 1140/1140/119
f 1141/1141/122 1142/1142/122 1143/1143/122
f 1144/1144/120 1145/1145/120 1146/1146/120
f 1147/1147/119 1148/1148/119 1149/1149/119
f 1150/1150/116 1151/1151/116 1152/1152/116
f 1153/1153/122 1154/1154/122 1155/1155/122
f 1156/1156/117 1157/1157/117 1158/1158/117
f 1159/1159/117 1160/1160/117 1161/1161/117
f 1162/1162/116 1163/1163/116 1164/1164/116
f 1165/1165/119 1166/1166/119 1167/1167/119
f 1168/1168/123 1169/1169/123 1170/1170/123
f 1171/1171/119 1172/1172/119 1173/1173/119
f 1174/1174/115 1175/1175/115 1176/1176/115
f 1177/1177/124 1178/1178/124 1179/1179/124
f 1180/1180/125 1181/1181/125 1182/1182/125
f 1183/1183/126 1184/1184/126 1185/1185/126
f 1186/1186/115 1187/1187/115 1188/1188/115
f 1189/1189/127 1190/1190/127 1191/1191/127
f 1192/1192/127 1193/1193/127 1194/1194/127
f 1195/1195/80 1196/1196/80 1197/1197/80
f 1198/1198/80 1199/1199/80 1200/1200/80
f 1201/1201/128 1202/1202/128 1203/1203/128
f 1204/1204/80 1205/1205/80 1206/1206/80
f 1207/1207/129 1208/1208/129 1209/1209/129
f 1210/1210/130 1211/1211/130 1212/1212/130
f 1213/1213/131 1214/1214/131 1215/1215/131
f 1216/1216/82 1217/1217/82 1218/1218/82
f 1219/1219/83 1220/1220/83 1221/1221/83
f 1222/1222/132 1223/1223/132 1224/1224/132
f 1225/1225/133 1226/1226/133 1227/1227/133
f 1228/1228/128 1229/1229/128 1230/1230/128
f 1231/1231/130 1232/1232/130 1233/1233/130
f 1234/1234/75 1235/1235/75 1236/1236/75
f 1237/1237/131 1238/1238/131 1239/1239/131
f 1240/1240/133 1241/1241/133 1242/1242/133
f 1243/1243/75 1244/1244/75 1245/1245/75
f 1246/1246/134 1247/1247/134 1248/1248/134
f 1249/1249/135 1250/1250/135 1251/1251/135
f 1252/1252/132 1253/1253/132 1254/1254/132
f 1255/1255/136 1256/1256/136 1257/1257/136
f 1258/1258/137 1259/1259/137 1260/1260/137
f 1261/1261/136 1262/1262/136 1263/1263/136
f 1264/1264/138 1265/1265/138 1266/1266/138
f 1267/1267/138 1268/1268/138 1269/1269/138
f 1270/1270/139 1271/1271/139 1272/1272/139
f 1273/1273/137 1274/1274/137 1275/1275/137
f 1276/1276/136 1277/1277/136 1278/1278/136
f 1279/1279/139 1280/1280/139 1281/1281/139
f 1282/1282/140 1283/1283/140 1284/1284/140
f 1285/1285/139 1286/1286/139 1287/1287/139
f 1288/1288/141 1289/1289/141 1290/1290/141
f 1291/1291/139 1292/1292/139 1293/1293/139
f 1294/1294/136 1295/1295/136 1296/1296/136
f 1297/1297/141 1298/1298/141 1299/1299/141
f 1300/1300/136 1301/1301/136 1302/1302/136
f 1303/1303/139 1304/1304/139 1305/1305/139
f 1306/1306/142 1307/1307/142 1308/1308/142
f 1309/1309/139 1310/1310/139 1311/1311/139
f 1312/1312/132 1313/1313/132 1314/1314/132
f 1315/1315/136 1316/1316/136 1317/1317/136
f 1318/1318/143 1319/1319/143 1320/1320/143
f 1321/1321/139 1322/1322/139 1323/1323/139
f 1324/1324/132 1325/1325/132 1326/1326/132
f 1327/1327/144 1328/1328/144 1329/1329/144
f 1330/1330/145 1331/1331/145 1332/1332/145
f 1333/1333/14 1334/1334/14 1335/1335/14
f 1336/1336/14 1337/1337/14 1338/1338/14
f 1339/1339/146 1340/1340/146 1341/1341/146
f 1342/1342/146 1343/1343/146 1344/1344/146
f 1345/1345/147 1346/1346/147 1347/1347/147
f 1348/1348/147 1349/1349/147 1350/1350/147
f 1351/1351/148 1352/1352/148 1353/1353/148
f 1354/1354/148 1355/1355/148 1356/1356/148
f 1357/1357/7 1358/1358/7 1359/1359/7
f 1360/1360/7 1361/1361/7 1362/1362/7
f 1363/1363/7 1364/1364/7 1365/1365/7
f 1366/1366/7 1367/1367/7 1368/1368/7
f 1369/1369/7 1370/1370/7 1371/1371/7
f 1372/1372/7 1373/1373/7 1374/1374/7
f 1375/1375/149 1376/1376/149 1377/1377/149
f 1378/1378/150 1379/1379/150 1380/1380/150
f 1381/1381/11 1382/1382/11 1383/1383/11
f 1384/1384/11 1385/1385/11 1386/1386/11
f 1387/1387/11 1388/1388/11 1389/1389/11
f 1390/1390/151 1391/1391/151 1392/1392/151
f 1393/1393/151 1394/1394/151 1395/1395/151
f 1396/1396/151 1397/1397/151 1398/1398/151
f 1399/1399/152 1400/1400/152 1401/1401/152
f 1402/1402/151 1403/1403/151 1404/1404/151
f 1405/1405/151 1406/1406/151 1407/1407/151
f 1408/1408/151 1409/1409/151 1410/1410/151
f 1411/1411/153 1412/1412/153 1413/1413/153
f 1414/1414/153 1415/1415/153 1416/1416/153
f 1417/1417/154 1418/1418/154 1419/1419/154
f 1420/1420/154 1421/1421/154 1422/1422/154
f 1423/1423/154 1424/1424/154 1425/1425/154
f 1426/1426/154 1427/1427/154 1428/1428/154
f 1429/1429/154 1430/1430/154 1431/1431/154
f 1432/1432/154 1433/1433/154 1434/1434/154
f 1435/1435/154 1436/1436/154 1437/1437/154
f 1438/1438/154 1439/1439/154 1440/1440/154
f 1441/1441/154 1442/1442/154 1443/1443/154
f 1444/1444/154 1445/1445/154 1446/1446/154
f 1447/1447/154 1448/1448/154 1449/1449/154
f 1450/1450/154 1451/1451/154 1452/1452/154
f 1453/1453/154 1454/1454/154 1455/1455/154
f 1456/1456/154 1457/1457/154 1458/1458/154
f 1459/1459/154 1460/1460/154 1461/1461/154
f 1462/1462/38 1463/1463/38 1464/1464/38
f 1465/1465/38 1466/1466/38 1467/1467/38
f 1468/1468/38 1469/1469/38 1470/1470/38
f 1471/1471/38 1472/1472/38 1473/1473/38
f 1474/1474/38 1475/1475/38 1476/1476/38
f 1477/1477/38 1478/1478/38 1479/1479/38
f 1480/1480/38 1481/1481/38 1482/1482/38
f 1483/1483/38 1484/1484/38 1485/1485/38
f 1486/1486/38 1487/1487/38 1488/1488/38
f 1489/1489/134 1490/1490/134 1491/1491/134
f 1492/1492/135 1493/1493/135 1494/1494/135
f 1495/1495/9 1496/1496/9 1497/1497/9
f 1498/1498/9 1499/1499/9 1500/1500/9
f 1501/1501/11 1502/1502/11 1503/1503/11
f 1504/1504/11 1505/1505/11 1506/1506/11
f 1507/1507/155 1508/1508/155 1509/1509/155
f 1510/1510/156 1511/1511/156 1512/1512/156
f 1513/1513/157 1514/1514/157 1515/1515/157
f 1516/1516/158 1517/1517/158 1518/1518/158
f 1519/1519/157 1520/1520/157 1521/1521/157
f 1522/1522/158 1523/1523/158 1524/1524/158
f 1525/1525/159 1526/1526/159 1527/1527/159
f 1528/1528/159 1529/1529/159 1530/1530/159
f 1531/1531/160 1532/1532/160 1533/1533/160
f 1534/1534/161 1535/1535/161 1536/1536/161
f 1537/1537/162 1538/1538/162 1539/1539/162
f 1540/1540/160 1541/1541/160 1542/1542/160
f 1543/1543/163 1544/1544/163 1545/1545/163
f 1546/1546/164 1547/1547/164 1548/1548/164
f 1549/1549/164 1550/1550/164 1551/1551/164
f 1552/1552/163 1553/1553/163 1554/1554/163
f 1555/1555/165 1556/1556/165 1557/1557/165
f 1558/1558/162 1559/1559/162 1560/1560/162
f 1561/1561/165 1562/1562/165 1563/1563/165
f 1564/1564/166 1565/1565/166 1566/1566/166
f 1567/1567/162 1568/1568/162 1569/1569/162
f 1570/1570/166 1571/1571/166 1572/1572/166
f 1573/1573/167 1574/1574/167 1575/1575/167
f 1576/1576/167 1577/1577/167 1578/1578/167
f 1579/1579/168 1580/1580/168 1581/1581/168
f 1582/1582/169 1583/1583/169 1584/1584/169
f 1585/1585/168 1586/1586/168 1587/1587/168
f 1588/1588/170 1589/1589/170 1590/1590/170
f 1591/1591/170 1592/1592/170 1593/1593/170
f 1594/1594/171 1595/1595/171 1596/1596/171
f 1597/1597/172 1598/1598/172 1599/1599/172
f 1600/1600/168 1601/1601/168 1602/1602/168
f 1603/1603/173 1604/1604/173 1605/1605/173
f 1606/1606/171 1607/1607/171 1608/1608/171
f 1609/1609/168 1610/1610/168 1611/1611/168
f 1612/1612/171 1613/1613/171 1614/1614/171
f 1615/1615/174 1616/1616/174 1617/1617/174
f 1618/1618/173 1619/1619/173 1620/1620/173
f 1621/1621/171 1622/1622/171 1623/1623/171
f 1624/1624/168 1625/1625/168 1626/1626/168
f 1627/1627/174 1628/1628/174 1629/1629/174
f 1630/1630/169 1631/1631/169 1632/1632/169
f 1633/1633/169 1634/1634/169 1635/1635/169
f 1636/1636/168 1637/1637/168 1638/1638/168
f 1639/1639/171 1640/1640/171 1641/1641/171
f 1642/1642/175 1643/1643/175 1644/1644/175
f 1645/1645/171 1646/1646/171 1647/1647/171
f 1648/1648/168 1649/1649/168 1650/1650/168
f 1651/1651/176 1652/1652/176 1653/1653/176
f 1654/1654/171 1655/1655/171 1656/1656/171
f 1657/1657/177 1658/1658/177 1659/1659/177
f 1660/1660/178 1661/1661/178 1662/1662/178
f 1663/1663/11 1664/1664/11 1665/1665/11
f 1666/1666/11 1667/1667/11 1668/1668/11
f 1669/1669/14 1670/1670/14 1671/1671/14
f 1672/1672/11 1673/1673/11 1674/1674/11
f 1675/1675/11 1676/1676/11 1677/1677/11
f 1678/1678/15 1679/1679/15 1680/1680/15
f 1681/1681/16 1682/1682/16 1683/1683/16
f 1684/1684/11 1685/1685/11 1686/1686/11
f 1687/1687/11 1688/1688/11 1689/1689/11
f 1690/1690/17 1691/1691/17 1692/1692/17
f 1693/1693/9 1694/1694/9 1695/1695/9
f 1696/1696/9 1697/1697/9 1698/1698/9
f 1699/1699/16 1700/1700/16 1701/1701/16
f 1702/1702/18 1703/1703/18 1704/1704/18
f 1705/1705/17 1706/1706/17 1707/1707/17
f 1708/1708/9 1709/1709/9 1710/1710/9
f 1711/1711/9 1712/1712/9 1713/1713/9
f 1714/1714/18 1715/1715/18 1716/1716/18
f 1717/1717/9 1718/1718/9 1719/1719/9
f 1720/1720/9 1721/1721/9 1722/1722/9
f 1723/1723/179 1724/1724/179 1725/1725/179
f 1726/1726/179 1727/1727/179 1728/1728/179
f 1729/1729/180 1730/1730/180 1731/1731/180
f 1732/1732/180 1733/1733/180 1734/1734/180
f 1735/1735/181 1736/1736/181 1737/1737/181
f 1738/1738/181 1739/1739/181 1740/1740/181
f 1741/1741/182 1742/1742/182 1743/1743/182
f 1744/1744/183 1745/1745/183 1746/1746/183
f 1747/1747/184 1748/1748/184 1749/1749/184
f 1750/1750/185 1751/1751/185 1752/1752/185
f 1753/1753/20 1754/1754/20 1755/1755/20
f 1756/1756/21 1757/1757/21 1758/1758/21
f 1759/1759/19 1760/1760/19 1761/1761/19
f 1762/1762/19 1763/1763/19 1764/1764/19
f 1765/1765/146 1766/1766/146 1767/1767/146
f 1768/1768/146 1769/1769/146 1770/1770/146
f 1771/1771/146 1772/1772/146 1773/1773/146
f 1774/1774/146 1775/1775/146 1776/1776/146
f 1777/1777/7 1778/1778/7 1779/1779/7
f 1780/1780/7 1781/1781/7 1782/1782/7
f 1783/1783/10 1784/1784/10 1785/1785/10
f 1786/1786/10 1787/1787/10 1788/1788/10
f 1789/1789/12 1790/1790/12 1791/1791/12
f 1792/1792/12 1793/1793/12 1794/1794/12
f 1795/1795/7 1796/1796/7 1797/1797/7
f 1798/1798/7 1799/1799/7 1800/1800/7
f 1801/1801/8 1802/1802/8 1803/1803/8
f 1804/1804/8 1805/1805/8 1806/1806/8
f 1807/1807/11 1808/1808/11 1809/1809/11
f 1810/1810/11 1811/1811/11 1812/1812/11
f 1813/1813/10 1814/1814/10 1815/1815/10
f 1816/1816/10 1817/1817/10 1818/1818/10
f 1819/1819/9 1820/1820/9 1821/1821/9
f 1822/1822/9 1823/1823/9 1824/1824/9
f 1825/1825/11 1826/1826/11 1827/1827/11
f 1828/1828/11 1829/1829/11 1830/1830/11
f 1831/1831/8 1832/1832/8 1833/1833/8
f 1834/1834/8 1835/1835/8 1836/1836/8
f 1837/1837/8 1838/1838/8 1839/1839/8
f 1840/1840/8 1841/1841/8 1842/1842/8
f 1843/1843/8 1844/1844/8 1845/1845/8
f 1846/1846/8 1847/1847/8 1848/1848/8
f 1849/1849/10 1850/1850/10 1851/1851/10
f 1852/1852/10 1853/1853/10 1854/1854/10
f 1855/1855/7 1856/1856/7 1857/1857/7
f 1858/1858/7 1859/1859/7 1860/1860/7
f 1861/1861/10 1862/1862/10 1863/1863/10
f 1864/1864/10 1865/1865/10 1866/1866/10
f 1867/1867/12 1868/1868/12 1869/1869/12
f 1870/1870/12 1871/1871/12 1872/1872/12
f 1873/1873/8 1874/1874/8 1875/1875/8
f 1876/1876/8 1877/1877/8 1878/1878/8
f 1879/1879/8 1880/1880/8 1881/1881/8
f 1882/1882/8 1883/1883/8 1884/1884/8
f 1885/1885/9 1886/1886/9 1887/1887/9
f 1888/1888/9 1889/1889/9 1890/1890/9
f 1891/1891/11 1892/1892/11 1893/1893/11
f 1894/1894/11 1895/1895/11 1896/1896/11
f 1897/1897/9 1898/1898/9 1899/1899/9
f 1900/1900/9 1901/1901/9 1902/1902/9
f 1903/1903/10 1904/1904/10 1905/1905/10
f 1906/1906/10 1907/1907/10 1908/1908/10
f 1909/1909/10 1910/1910/10 1911/1911/10
f 1912/1912/10 1913/1913/10 1914/1914/10
f 1915/1915/10 1916/1916/10 1917/1917/10
f 1918/1918/10 1919/1919/10 1920/1920/10
f 1921/1921/8 1922/1922/8 1923/1923/8
f 1924/1924/8 1925/1925/8 1926/1926/8
f 1927/1927/8 1928/1928/8 1929/1929/8
f 1930/1930/8 1931/1931/8 1932/1932/8
f 1933/1933/8 1934/1934/8 1935/1935/8
f 1936/1936/8 1937/1937/8 1938/1938/8
f 1939/1939/11 1940/1940/11 1941/1941/11
f 1942/1942/11 1943/1943/11 1944/1944/11
f 1945/1945/10 1946/1946/10 1947/1947/10
f 1948/1948/10 1949/1949/10 1950/1950/10
f 1951/1951/9 1952/1952/9 1953/1953/9
f 1954/1954/9 1955/1955/9 1956/1956/9
f 1957/1957/10 1958/1958/10 1959/1959/10
f 1960/1960/10 1961/1961/10 1962/1962/10
f 1963/1963/11 1964/1964/11 1965/1965/11
f 1966/1966/11 1967/1967/11 1968/1968/11
f 1969/1969/9 1970/1970/9 1971/1971/9
f 1972/1972/9 1973/1973/9 1974/1974/9
f 1975/1975/8 1976/1976/8 1977/1977/8
f 1978/1978/8 1979/1979/8 1980/1980/8
f 1981/1981/8 1982/1982/8 1983/1983/8
f 1984/1984/8 1985/1985/8 1986/1986/8
f 1987/1987/11 1988/1988/11 1989/1989/11
f 1990/1990/11 1991/1991/11 1992/1992/11
f 1993/1993/9 1994/1994/9 1995/1995/9
f 1996/1996/9 1997/1997/9 1998/1998/9
f 1999/1999/11 2000/2000/11 2001/2001/11
f 2002/2002/11 2003/2003/11 2004/2004/11
f 2005/2005/10 2006/2006/10 2007/2007/10
f 2008/2008/10 2009/2009/10 2010/2010/10
f 2011/2011/10 2012/2012/10 2013/2013/10
f 2014/2014/10 2015/2015/10 2016/2016/10
f 2017/2017/179 2018/2018/179 2019/2019/179
f 2020/2020/179 2021/2021/179 2022/2022/179
f 2023/2023/179 2024/2024/179 2025/2025/179
f 2026/2026/179 2027/2027/179 2028/2028/179
f 2029/2029/186 2030/2030/186 2031/2031/186
f 2032/2032/186 2033/2033/186 2034/2034/186
f 2035/2035/187 2036/2036/187 2037/2037/187
f 2038/2038/188 2039/2039/188 2040/2040/188
f 2041/2041/189 2042/2042/189 2043/2043/189
f 2044/2044/189 2045/2045/189 2046/2046/189
f 2047/2047/7 2048/2048/7 2049/2049/7
f 2050/2050/7 2051/2051/7 2052/2052/7
f 2053/2053/7 2054/2054/7 2055/2055/7
f 2056/2056/190 2057/2057/190 2058/2058/190
f 2059/2059/190 2060/2060/190 2061/2061/190
f 2062/2062/191 2063/2063/191 2064/2064/191
f 2065/2065/191 2066/2066/191 2067/2067/191
f 2068/2068/192 2069/2069/192 2070/2070/192
f 2071/2071/192 2072/2072/192 2073/2073/192
f 2074/2074/193 2075/2075/193 2076/2076/193
f 2077/2077/193 2078/2078/193 2079/2079/193
f 2080/2080/194 2081/2081/194 2082/2082/194
f 2083/2083/195 2084/2084/195 2085/2085/195
f 2086/2086/196 2087/2087/196 2088/2088/196
f 2089/2089/197 2090/2090/197 2091/2091/197
f 2092/2092/48 2093/2093/48 2094/2094/48
f 2095/2095/48 2096/2096/48 2097/2097/48
f 2098/2098/198 2099/2099/198 2100/2100/198
f 2101/2101/198 2102/2102/198 2103/2103/198
f 2104/2104/199 2105/2105/199 2106/2106/199
f 2107/2107/199 2108/2108/199 2109/2109/199
f 2110/2110/200 2111/2111/200 2112/2112/200
f 2113/2113/200 2114/2114/200 2115/2115/200
f 2116/2116/201 2117/2117/201 2118/2118/201
f 2119/2119/201 2120/2120/201 2121/2121/201
f 2122/2122/201 2123/2123/201 2124/2124/201
f 2125/2125/201 2126/2126/201 2127/2127/201
f 2128/2128/200 2129/2129/200 2130/2130/200
f 2131/2131/200 2132/2132/200 2133/2133/200
f 2134/2134/202 2135/2135/202 2136/2136/202
f 2137/2137/202 2138/2138/202 2139/2139/202
f 2140/2140/203 2141/2141/203 2142/2142/203
f 2143/2143/204 2144/2144/204 2145/2145/204
f 2146/2146/205 2147/2147/205 2148/2148/205
f 2149/2149/205 2150/2150/205 2151/2151/205
f 2152/2152/202 2153/2153/202 2154/2154/202
f 2155/2155/206 2156/2156/206 2157/2157/206
f 2158/2158/207 2159/2159/207 2160/2160/207
f 2161/2161/153 2162/2162/153 2163/2163/153
f 2164/2164/208 2165/2165/208 2166/2166/208
f 2167/2167/208 2168/2168/208 2169/2169/208
f 2170/2170/209 2171/2171/209 2172/2172/209
f 2173/2173/209 2174/2174/209 2175/2175/209
f 2176/2176/210 2177/2177/210 2178/2178/210
f 2179/2179/211 2180/2180/211 2181/2181/211
f 2182/2182/212 2183/2183/212 2184/2184/212
f 2185/2185/210 2186/2186/210 2187/2187/210
f 2188/2188/157 2189/2189/157 2190/2190/157
f 2191/2191/157 2192/2192/157 2193/2193/157
f 2194/2194/213 2195/2195/213 2196/2196/213
f 2197/2197/213 2198/2198/213 2199/2199/213
f 2200/2200/158 2201/2201/158 2202/2202/158
f 2203/2203/158 2204/2204/158 2205/2205/158
f 2206/2206/214 2207/2207/214 2208/2208/214
f 2209/2209/214 2210/2210/214 2211/2211/214
f 2212/2212/162 2213/2213/162 2214/2214/162
f 2215/2215/162 2216/2216/162 2217/2217/162
f 2218/2218/163 2219/2219/163 2220/2220/163
f 2221/2221/215 2222/2222/215 2223/2223/215
f 2224/2224/11 2225/2225/11 2226/2226/11
f 2227/2227/11 2228/2228/11 2229/2229/11
f 2230/2230/9 2231/2231/9 2232/2232/9
f 2233/2233/9 2234/2234/9 2235/2235/9
f 2236/2236/216 2237/2237/216 2238/2238/216
f 2239/2239/216 2240/2240/216 2241/2241/216
f 2242/2242/135 2243/2243/135 2244/2244/135
f 2245/2245/135 2246/2246/135 2247/2247/135
f 2248/2248/12 2249/2249/12 2250/2250/12
f 2251/2251/12 2252/2252/12 2253/2253/12
f 2254/2254/9 2255/2255/9 2256/2256/9
f 2257/2257/9 2258/2258/9 2259/2259/9
f 2260/2260/9 2261/2261/9 2262/2262/9
f 2263/2263/9 2264/2264/9 2265/2265/9
f 2266/2266/9 2267/2267/9 2268/2268/9
f 2269/2269/9 2270/2270/9 2271/2271/9
f 2272/2272/9 2273/2273/9 2274/2274/9
f 2275/2275/217 2276/2276/217 2277/2277/217
f 2278/2278/217 2279/2279/217 2280/2280/217
f 2281/2281/217 2282/2282/217 2283/2283/217
f 2284/2284/217 2285/2285/217 2286/2286/217
f 2287/2287/217 2288/2288/217 2289/2289/217
f 2290/2290/217 2291/2291/217 2292/2292/217
f 2293/2293/217 2294/2294/217 2295/2295/217
f 2296/2296/218 2297/2297/218 2298/2298/218
f 2299/2299/218 2300/2300/218 2301/2301/218
f 2302/2302/219 2303/2303/219 2304/2304/219
f 2305/2305/220 2306/2306/220 2307/2307/220
f 2308/2308/221 2309/2309/221 2310/2310/221
f 2311/2311/220 2312/2312/220 2313/2313/220
f 2314/2314/221 2315/2315/221 2316/2316/221
f 2317/2317/222 2318/2318/222 2319/2319/222
f 2320/2320/223 2321/2321/223 2322/2322/223
f 2323/2323/224 2324/2324/224 2325/2325/224
f 2326/2326/224 2327/2327/224 2328/2328/224
f 2329/2329/225 2330/2330/225 2331/2331/225
f 2332/2332/9 2333/2333/9 2334/2334/9
f 2335/2335/226 2336/2336/226 2337/2337/226
f 2338/2338/225 2339/2339/225 2340/2340/225
f 2341/2341/227 2342/2342/227 2343/2343/227
f 2344/2344/9 2345/2345/9 2346/2346/9
f 2347/2347/11 2348/2348/11 2349/2349/11
f 2350/2350/228 2351/2351/228 2352/2352/228
f 2353/2353/229 2354/2354/229 2355/2355/229
f 2356/2356/9 2357/2357/9 2358/2358/9
f 2359/2359/229 2360/2360/229 2361/2361/229
f 2362/2362/11 2363/2363/11 2364/2364/11
f 2365/2365/228 2366/2366/228 2367/2367/228
f 2368/2368/230 2369/2369/230 2370/2370/230
f 2371/2371/11 2372/2372/11 2373/2373/11
f 2374/2374/230 2375/2375/230 2376/2376/230
f 2377/2377/231 2378/2378/231 2379/2379/231
f 2380/2380/226 2381/2381/226 2382/2382/226
f 2383/2383/226 2384/2384/226 2385/2385/226
f 2386/2386/232 2387/2387/232 2388/2388/232
f 2389/2389/233 2390/2390/233 2391/2391/233
f 2392/2392/233 2393/2393/233 2394/2394/233
f 2395/2395/234 2396/2396/234 2397/2397/234
f 2398/2398/235 2399/2399/235 2400/2400/235
f 2401/2401/236 2402/2402/236 2403/2403/236
f 2404/2404/234 2405/2405/234 2406/2406/234
f 2407/2407/235 2408/2408/235 2409/2409/235
f 2410/2410/236 2411/2411/236 2412/2412/236
f 2413/2413/236 2414/2414/236 2415/2415/236
f 2416/2416/234 2417/2417/234 2418/2418/234
f 2419/2419/237 2420/2420/237 2421/2421/237
f 2422/2422/238 2423/2423/238 2424/2424/238
f 2425/2425/236 2426/2426/236 2427/2427/236
f 2428/2428/237 2429/2429/237 2430/2430/237
f 2431/2431/239 2432/2432/239 2433/2433/239
f 2434/2434/238 2435/2435/238 2436/2436/238
f 2437/2437/236 2438/2438/236 2439/2439/236
f 2440/2440/240 2441/2441/240 2442/2442/240
f 2443/2443/234 2444/2444/234 2445/2445/234
f 2446/2446/235 2447/2447/235 2448/2448/235
f 2449/2449/236 2450/2450/236 2451/2451/236
f 2452/2452/241 2453/2453/241 2454/2454/241
f 2455/2455/234 2456/2456/234 2457/2457/234
f 2458/2458/235 2459/2459/235 2460/2460/235
f 2461/2461/236 2462/2462/236 2463/2463/236
f 2464/2464/242 2465/2465/242 2466/2466/242
f 2467/2467/234 2468/2468/234 2469/2469/234
f 2470/2470/233 2471/2471/233 2472/2472/233
f 2473/2473/233 2474/2474/233 2475/2475/233
f 2476/2476/242 2477/2477/242 2478/2478/242
f 2479/2479/243 2480/2480/243 2481/2481/243
f 2482/2482/244 2483/2483/244 2484/2484/244
f 2485/2485/245 2486/2486/245 2487/2487/245
f 2488/2488/246 2489/2489/246 2490/2490/246
f 2491/2491/243 2492/2492/243 2493/2493/243
f 2494/2494/244 2495/2495/244 2496/2496/244
f 2497/2497/246 2498/2498/246 2499/2499/246
f 2500/2500/245 2501/2501/245 2502/2502/245
f 2503/2503/247 2504/2504/247 2505/2505/247
f 2506/2506/243 2507/2507/243 2508/2508/243
f 2509/2509/248 2510/2510/248 2511/2511/248
f 2512/2512/248 2513/2513/248 2514/2514/248
f 2515/2515/249 2516/2516/249 2517/2517/249
f 2518/2518/250 2519/2519/250 2520/2520/250
f 2521/2521/249 2522/2522/249 2523/2523/249
f 2524/2524/250 2525/2525/250 2526/2526/250
f 2527/2527/251 2528/2528/251 2529/2529/251
f 2530/2530/251 2531/2531/251 2532/2532/251
f 2533/2533/252 2534/2534/252 2535/2535/252
f 2536/2536/253 2537/2537/253 2538/2538/253
f 2539/2539/254 2540/2540/254 2541/2541/254
f 2542/2542/255 2543/2543/255 2544/2544/255
f 2545/2545/256 2546/2546/256 2547/2547/256
f 2548/2548/254 2549/2549/254 2550/2550/254
f 2551/2551/257 2552/2552/257 2553/2553/257
f 2554/2554/258 2555/2555/258 2556/2556/258
f 2557/2557/259 2558/2558/259 2559/2559/259
f 2560/2560/260 2561/2561/260 2562/2562/260
f 2563/2563/257 2564/2564/257 2565/2565/257
f 2566/2566/257 2567/2567/257 2568/2568/257
f 2569/2569/261 2570/2570/261 2571/2571/261
f 2572/2572/259 2573/2573/259 2574/2574/259
f 2575/2575/259 2576/2576/259 2577/2577/259
f 2578/2578/259 2579/2579/259 2580/2580/259
f 2581/2581/262 2582/2582/262 2583/2583/262
f 2584/2584/263 2585/2585/263 2586/2586/263
f 2587/2587/257 2588/2588/257 2589/2589/257
f 2590/2590/261 2591/2591/261 2592/2592/261
f 2593/2593/263 2594/2594/263 2595/2595/263
f 2596/2596/259 2597/2597/259 2598/2598/259
f 2599/2599/264 2600/2600/264 2601/2601/264
f 2602/2602/264 2603/2603/264 2604/2604/264
f 2605/2605/257 2606/2606/257 2607/2607/257
f 2608/2608/265 2609/2609/265 2610/2610/265
f 2611/2611/259 2612/2612/259 2613/2613/259
f 2614/2614/266 2615/2615/266 2616/2616/266
f 2617/2617/257 2618/2618/257 2619/2619/257
f 2620/2620/257 2621/2621/257 2622/2622/257
f 2623/2623/265 2624/2624/265 2625/2625/265
f 2626/2626/259 2627/2627/259 2628/2628/259
f 2629/2629/259 2630/2630/259 2631/2631/259
f 2632/2632/266 2633/2633/266 2634/2634/266
f 2635/2635/257 2636/2636/257 2637/2637/257
f 2638/2638/257 2639/2639/257 2640/2640/257
f 2641/2641/267 2642/2642/267 2643/2643/267
f 2644/2644/259 2645/2645/259 2646/2646/259
f 2647/2647/259 2648/2648/259 2649/2649/259
f 2650/2650/268 2651/2651/268 2652/2652/268
f 2653/2653/269 2654/2654/269 2655/2655/269
f 2656/2656/269 2657/2657/269 2658/2658/269
f 2659/2659/257 2660/2660/257 2661/2661/257
f 2662/2662/263 2663/2663/263 2664/2664/263
f 2665/2665/259 2666/2666/259 2667/2667/259
f 2668/2668/263 2669/2669/263 2670/2670/263
f 2671/2671/270 2672/2672/270 2673/2673/270
f 2674/2674/257 2675/2675/257 2676/2676/257
f 2677/2677/271 2678/2678/271 2679/2679/271
f 2680/2680/259 2681/2681/259 2682/2682/259
f 2683/2683/272 2684/2684/272 2685/2685/272
f 2686/2686/273 2687/2687/273 2688/2688/273
f 2689/2689/272 2690/2690/272 2691/2691/272
f 2692/2692/274 2693/2693/274 2694/2694/274
f 2695/2695/275 2696/2696/275 2697/2697/275
f 2698/2698/276 2699/2699/276 2700/2700/276
f 2701/2701/257 2702/2702/257 2703/2703/257
f 2704/2704/266 2705/2705/266 2706/2706/266
f 2707/2707/259 2708/2708/259 2709/2709/259
f 2710/2710/277 2711/2711/277 2712/2712/277
f 2713/2713/266 2714/2714/266 2715/2715/266
f 2716/2716/277 2717/2717/277 2718/2718/277
f 2719/2719/278 2720/2720/278 2721/2721/278
f 2722/2722/279 2723/2723/279 2724/2724/279
f 2725/2725/280 2726/2726/280 2727/2727/280
f 2728/2728/280 2729/2729/280 2730/2730/280
f 2731/2731/281 2732/2732/281 2733/2733/281
f 2734/2734/9 2735/2735/9 2736/2736/9
f 2737/2737/228 2738/2738/228 2739/2739/228
f 2740/2740/281 2741/2741/281 2742/2742/281
f 2743/2743/282 2744/2744/282 2745/2745/282
f 2746/2746/9 2747/2747/9 2748/2748/9
f 2749/2749/11 2750/2750/11 2751/2751/11
f 2752/2752/226 2753/2753/226 2754/2754/226
f 2755/2755/283 2756/2756/283 2757/2757/283
f 2758/2758/9 2759/2759/9 2760/2760/9
f 2761/2761/283 2762/2762/283 2763/2763/283
f 2764/2764/11 2765/2765/11 2766/2766/11
f 2767/2767/226 2768/2768/226 2769/2769/226
f 2770/2770/284 2771/2771/284 2772/2772/284
f 2773/2773/11 2774/2774/11 2775/2775/11
f 2776/2776/284 2777/2777/284 2778/2778/284
f 2779/2779/285 2780/2780/285 2781/2781/285
f 2782/2782/228 2783/2783/228 2784/2784/228
f 2785/2785/228 2786/2786/228 2787/2787/228
f 2788/2788/285 2789/2789/285 2790/2790/285
f 2791/2791/286 2792/2792/286 2793/2793/286
f 2794/2794/286 2795/2795/286 2796/2796/286
f 2797/2797/287 2798/2798/287 2799/2799/287
f 2800/2800/288 2801/2801/288 2802/2802/288
f 2803/2803/289 2804/2804/289 2805/2805/289
f 2806/2806/287 2807/2807/287 2808/2808/287
f 2809/2809/288 2810/2810/288 2811/2811/288
f 2812/2812/290 2813/2813/290 2814/2814/290
f 2815/2815/290 2816/2816/290 2817/2817/290
f 2818/2818/287 2819/2819/287 2820/2820/287
f 2821/2821/290 2822/2822/290 2823/2823/290
f 2824/2824/291 2825/2825/291 2826/2826/291
f 2827/2827/289 2828/2828/289 2829/2829/289
f 2830/2830/292 2831/2831/292 2832/2832/292
f 2833/2833/287 2834/2834/287 2835/2835/287
f 2836/2836/293 2837/2837/293 2838/2838/293
f 2839/2839/290 2840/2840/290 2841/2841/290
f 2842/2842/294 2843/2843/294 2844/2844/294
f 2845/2845/287 2846/2846/287 2847/2847/287
f 2848/2848/293 2849/2849/293 2850/2850/293
f 2851/2851/290 2852/2852/290 2853/2853/290
f 2854/2854/295 2855/2855/295 2856/2856/295
f 2857/2857/287 2858/2858/287 2859/2859/287
f 2860/2860/286 2861/2861/286 2862/2862/286
f 2863/2863/286 2864/2864/286 2865/2865/286
f 2866/2866/296 2867/2867/296 2868/2868/296
f 2869/2869/243 2870/2870/243 2871/2871/243
f 2872/2872/297 2873/2873/297 2874/2874/297
f 2875/2875/297 2876/2876/297 2877/2877/297
f 2878/2878/243 2879/2879/243 2880/2880/243
f 2881/2881/298 2882/2882/298 2883/2883/298
f 2884/2884/245 2885/2885/245 2886/2886/245
f 2887/2887/299 2888/2888/299 2889/2889/299
f 2890/2890/299 2891/2891/299 2892/2892/299
f 2893/2893/10 2894/2894/10 2895/2895/10
f 2896/2896/10 2897/2897/10 2898/2898/10
f 2899/2899/12 2900/2900/12 2901/2901/12
f 2902/2902/12 2903/2903/12 2904/2904/12
f 2905/2905/12 2906/2906/12 2907/2907/12
f 2908/2908/12 2909/2909/12 2910/2910/12
f 2911/2911/10 2912/2912/10 2913/2913/10
f 2914/2914/10 2915/2915/10 2916/2916/10
f 2917/2917/8 2918/2918/8 2919/2919/8
f 2920/2920/8 2921/2921/8 2922/2922/8
f 2923/2923/7 2924/2924/7 2925/2925/7
f 2926/2926/7 2927/2927/7 2928/2928/7
f 2929/2929/10 2930/2930/10 2931/2931/10
f 2932/2932/10 2933/2933/10 2934/2934/10
f 2935/2935/12 2936/2936/12 2937/2937/12
f 2938/2938/12 2939/2939/12 2940/2940/12
f 2941/2941/7 2942/2942/7 2943/2943/7
f 2944/2944/7 2945/2945/7 2946/2946/7
f 2947/2947/10 2948/2948/10 2949/2949/10
f 2950/2950/10 2951/2951/10 2952/2952/10
f 2953/2953/12 2954/2954/12 2955/2955/12
f 2956/2956/12 2957/2957/12 2958/2958/12
f 2959/2959/8 2960/2960/8 2961/2961/8
f 2962/2962/8 2963/2963/8 2964/2964/8
f 2965/2965/12 2966/2966/12 2967/2967/12
f 2968/2968/12 2969/2969/12 2970/2970/12
f 2971/2971/10 2972/2972/10 2973/2973/10
f 2974/2974/10 2975/2975/10 2976/2976/10
f 2977/2977/8 2978/2978/8 2979/2979/8
f 2980/2980/8 2981/2981/8 2982/2982/8
f 2983/2983/10 2984/2984/10 2985/2985/10
f 2986/2986/10 2987/2987/10 2988/2988/10
f 2989/2989/8 2990/2990/8 2991/2991/8
f 2992/2992/8 2993/2993/8 2994/2994/8
f 2995/2995/12 2996/2996/12 2997/2997/12
f 2998/2998/12 2999/2999/12 3000/3000/12
f 3001/3001/8 3002/3002/8 3003/3003/8
f 3004/3004/8 3005/3005/8 3006/3006/8
f 3007/3007/7 3008/3008/7 3009/3009/7
f 3010/3010/300 3011/3011/300 3012/3012/300
f 3013/3013/10 3014/3014/10 3015/3015/10
f 3016/3016/10 3017/3017/10 3018/3018/10
f 3019/3019/301 3020/3020/301 3021/3021/301
f 3022/3022/301 3023/3023/301 3024/3024/301
f 3025/3025/302 3026/3026/302 3027/3027/302
f 3028/3028/303 3029/3029/303 3030/3030/303
f 3031/3031/304 3032/3032/304 3033/3033/304
f 3034/3034/304 3035/3035/304 3036/3036/304
f 3037/3037/305 3038/3038/305 3039/3039/305
f 3040/3040/306 3041/3041/306 3042/3042/306
f 3043/3043/307 3044/3044/307 3045/3045/307
f 3046/3046/308 3047/3047/308 3048/3048/308
f 3049/3049/305 3050/3050/305 3051/3051/305
f 3052/3052/309 3053/3053/309 3054/3054/309
f 3055/3055/310 3056/3056/310 3057/3057/310
f 3058/3058/311 3059/3059/311 3060/3060/311
f 3061/3061/312 3062/3062/312 3063/3063/312
f 3064/3064/313 3065/3065/313 3066/3066/313
f 3067/3067/309 3068/3068/309 3069/3069/309
f 3070/3070/309 3071/3071/309 3072/3072/309
f 3073/3073/314 3074/3074/314 3075/3075/314
f 3076/3076/308 3077/3077/308 3078/3078/308
f 3079/3079/312 3080/3080/312 3081/3081/312
f 3082/3082/315 3083/3083/315 3084/3084/315
f 3085/3085/316 3086/3086/316 3087/3087/316
f 3088/3088/317 3089/3089/317 3090/3090/317
f 3091/3091/309 3092/3092/309 3093/3093/309
f 3094/3094/314 3095/3095/314 3096/3096/314
f 3097/3097/317 3098/3098/317 3099/3099/317
f 3100/3100/312 3101/3101/312 3102/3102/312
f 3103/3103/318 3104/3104/318 3105/3105/318
f 3106/3106/318 3107/3107/318 3108/3108/318
f 3109/3109/309 3110/3110/309 3111/3111/309
f 3112/3112/319 3113/3113/319 3114/3114/319
f 3115/3115/312 3116/3116/312 3117/3117/312
f 3118/3118/320 3119/3119/320 3120/3120/320
f 3121/3121/309 3122/3122/309 3123/3123/309
f 3124/3124/309 3125/3125/309 3126/3126/309
f 3127/3127/321 3128/3128/321 3129/3129/321
f 3130/3130/312 3131/3131/312 3132/3132/312
f 3133/3133/312 3134/3134/312 3135/3135/312
f 3136/3136/322 3137/3137/322 3138/3138/322
f 3139/3139/323 3140/3140/323 3141/3141/323
f 3142/3142/309 3143/3143/309 3144/3144/309
f 3145/3145/324 3146/3146/324 3147/3147/324
f 3148/3148/312 3149/3149/312 3150/3150/312
f 3151/3151/312 3152/3152/312 3153/3153/312
f 3154/3154/324 3155/3155/324 3156/3156/324
f 3157/3157/325 3158/3158/325 3159/3159/325
f 3160/3160/325 3161/3161/325 3162/3162/325
f 3163/3163/309 3164/3164/309 3165/3165/309
f 3166/3166/317 3167/3167/317 3168/3168/317
f 3169/3169/312 3170/3170/312 3171/3171/312
f 3172/3172/317 3173/3173/317 3174/3174/317
f 3175/3175/309 3176/3176/309 3177/3177/309
f 3178/3178/315 3179/3179/315 3180/3180/315
f 3181/3181/326 3182/3182/326 3183/3183/326
f 3184/3184/327 3185/3185/327 3186/3186/327
f 3187/3187/326 3188/3188/326 3189/3189/326
f 3190/3190/328 3191/3191/328 3192/3192/328
f 3193/3193/312 3194/3194/312 3195/3195/312
f 3196/3196/329 3197/3197/329 3198/3198/329
f 3199/3199/309 3200/3200/309 3201/3201/309
f 3202/3202/312 3203/3203/312 3204/3204/312
f 3205/3205/330 3206/3206/330 3207/3207/330
f 3208/3208/330 3209/3209/330 3210/3210/330
f 3211/3211/8 3212/3212/8 3213/3213/8
f 3214/3214/8 3215/3215/8 3216/3216/8
f 3217/3217/9 3218/3218/9 3219/3219/9
f 3220/3220/331 3221/3221/331 3222/3222/331
f 3223/3223/10 3224/3224/10 3225/3225/10
f 3226/3226/10 3227/3227/10 3228/3228/10
f 3229/3229/11 3230/3230/11 3231/3231/11
f 3232/3232/11 3233/3233/11 3234/3234/11
f 3235/3235/8 3236/3236/8 3237/3237/8
f 3238/3238/8 3239/3239/8 3240/3240/8
f 3241/3241/9 3242/3242/9 3243/3243/9
f 3244/3244/9 3245/3245/9 3246/3246/9
f 3247/3247/9 3248/3248/9 3249/3249/9
f 3250/3250/332 3251/3251/332 3252/3252/332
f 3251/3251/332 3253/3253/332 3252/3252/332
f 3254/3254/333 3255/3255/333 3256/3256/333
f 3255/3255/333 3257/3257/333 3256/3256/333
f 3258/3258/333 3259/3259/333 3260/3260/333
f 3259/3259/333 3261/3261/333 3260/3260/333
f 3262/3262/334 3263/3263/334 3264/3264/334
f 3263/3263/334 3265/3265/334 3264/3264/334
f 3266/3266/335 3267/3267/335 3268/3268/335
f 3267/3267/335 3269/3269/335 3268/3268/335
f 3270/3270/336 3271/3271/336 3272/3272/336
f 3271/3271/336 3273/3273/336 3272/3272/336
f 3274/3274/337 3275/3275/337 3276/3276/337
f 3275/3275/337 3277/3277/337 3276/3276/337
f 3278/3278/338 3279/3279/338 3280/3280/338
f 3279/3279/338 3281/3281/338 3280/3280/338
f 3282/3282/339 3283/3283/339 3284/3284/339
f 3283/3283/339 3285/3285/339 3284/3284/339
f 3286/3286/340 3287/3287/340 3288/3288/340
f 3287/3287/340 3289/3289/340 3288/3288/340
f 3290/3290/341 3291/3291/341 3292/3292/341
f 3291/3291/341 3293/3293/341 3292/3292/341
f 3294/3294/342 3295/3295/342 3296/3296/342
f 3295/3295/342 3297/3297/342 3296/3296/342
f 3298/3298/343 3299/3299/343 3300/3300/343
f 3299/3299/343 3301/3301/343 3300/3300/343
f 3302/3302/12 3303/3303/12 3304/3304/12
f 3303/3303/12 3305/3305/12 3304/3304/12
f 3306/3306/55 3307/3307/55 3308/3308/55
f 3307/3307/55 3309/3309/55 3308/3308/55
f 3310/3310/344 3311/3311/344 3312/3312/344
f 3311/3311/344 3313/3313/344 3312/3312/344
f 3314/3314/345 3315/3315/345 3316/3316/345
f 3315/3315/345 3317/3317/345 3316/3316/345
f 3318/3318/57 3319/3319/57 3320/3320/57
f 3319/3319/57 3321/3321/57 3320/3320/57
f 3322/3322/346 3323/3323/346 3324/3324/346
f 3323/3323/346 3325/3325/346 3324/3324/346
f 3326/3326/56 3327/3327/56 3328/3328/56
f 3327/3327/56 3329/3329/56 3328/3328/56
f 3330/3330/58 3331/3331/58 3332/3332/58
f 3331/3331/58 3333/3333/58 3332/3332/58
f 3334/3334/61 3335/3335/61 3336/3336/61
f 3335/3335/61 3337/3337/61 3336/3336/61
f 3338/3338/347 3339/3339/347 3340/3340/347
f 3339/3339/347 3341/3341/348 3340/3340/347
f 3342/3342/79 3343/3343/79 3344/3344/79
f 3343/3343/79 3345/3345/79 3344/3344/79
f 3346/3346/11 3347/3347/11 3348/3348/11
f 3347/3347/11 3349/3349/11 3348/3348/11
f 3350/3350/12 3351/3351/12 3352/3352/12
f 3351/3351/12 3353/3353/12 3352/3352/12
f 3354/3354/349 3355/3355/349 3356/3356/349
f 3355/3355/349 3357/3357/349 3356/3356/349
f 3358/3358/216 3359/3359/216 3360/3360/216
f 3359/3359/216 3361/3361/216 3360/3360/216
f 3362/3362/350 3363/3363/350 3364/3364/350
f 3363/3363/350 3365/3365/350 3364/3364/350
f 3366/3366/137 3367/3367/137 3368/3368/137
f 3367/3367/137 3369/3369/137 3368/3368/137
f 3370/3370/7 3371/3371/7 3372/3372/7
f 3371/3371/7 3373/3373/7 3372/3372/7
f 3374/3374/351 3375/3375/351 3376/3376/351
f 3375/3375/351 3377/3377/351 3376/3376/351
f 3378/3378/82 3379/3379/82 3380/3380/82
f 3379/3379/82 3381/3381/82 3380/3380/82
f 3382/3382/83 3383/3383/83 3384/3384/83
f 3383/3383/83 3385/3385/83 3384/3384/83
f 3386/3386/352 3387/3387/352 3388/3388/352
f 3387/3387/352 3389/3389/352 3388/3388/352
f 3390/3390/353 3391/3391/353 3392/3392/354
f 3391/3391/353 3393/3393/354 3392/3392/354
f 3394/3394/355 3395/3395/355 3396/3396/355
f 3395/3395/355 3397/3397/355 3396/3396/355
f 3398/3398/356 3399/3399/356 3400/3400/356
f 3399/3399/356 3401/3401/356 3400/3400/356
f 3402/3402/357 3403/3403/357 3404/3404/357
f 3403/3403/357 3405/3405/357 3404/3404/357
f 3406/3406/358 3407/3407/359 3408/3408/359
f 3407/3407/359 3409/3409/359 3408/3408/359
f 3410/3410/158 3411/3411/158 3412/3412/158
f 3411/3411/158 3413/3413/158 3412/3412/158
f 3414/3414/360 3415/3415/360 3416/3416/360
f 3415/3415/360 3417/3417/360 3416/3416/360
f 3418/3418/361 3419/3419/361 3420/3420/361
f 3419/3419/361 3421/3421/361 3420/3420/361
f 3422/3422/213 3423/3423/213 3424/3424/213
f 3423/3423/213 3425/3425/213 3424/3424/213
f 3426/3426/362 3427/3427/362 3428/3428/362
f 3427/3427/362 3429/3429/362 3428/3428/362
f 3430/3430/363 3431/3431/363 3432/3432/363
f 3431/3431/363 3433/3433/363 3432/3432/363
f 3434/3434/157 3435/3435/157 3436/3436/157
f 3435/3435/157 3437/3437/157 3436/3436/157
f 3438/3438/364 3439/3439/364 3440/3440/364
f 3439/3439/364 3441/3441/364 3440/3440/364
f 3442/3442/214 3443/3443/214 3444/3444/214
f 3443/3443/214 3445/3445/214 3444/3444/214
f 3446/3446/167 3447/3447/167 3448/3448/167
f 3447/3447/167 3449/3449/167 3448/3448/167
f 3450/3450/14 3451/3451/14 3452/3452/14
f 3451/3451/14 3453/3453/14 3452/3452/14
f 3454/3454/365 3455/3455/365 3456/3456/365
f 3455/3455/365 3457/3457/365 3456/3456/365
f 3458/3458/13 3459/3459/13 3460/3460/13
f 3459/3459/13 3461/3461/13 3460/3460/13
f 3462/3462/366 3463/3463/366 3464/3464/366
f 3463/3463/366 3465/3465/366 3464/3464/366
f 3466/3466/367 3467/3467/367 3468/3468/367
f 3467/3467/367 3469/3469/367 3468/3468/367
f 3470/3470/368 3471/3471/368 3472/3472/368
f 3471/3471/368 3473/3473/368 3472/3472/368
f 3474/3474/369 3475/3475/369 3476/3476/369
f 3475/3475/369 3477/3477/369 3476/3476/369
f 3478/3478/370 3479/3479/370 3480/3480/370
f 3479/3479/370 3481/3481/370 3480/3480/370
f 3482/3482/10 3483/3483/10 3484/3484/10
f 3483/3483/10 3485/3485/10 3484/3484/10
f 3486/3486/9 3487/3487/9 3488/3488/9
f 3487/3487/9 3489/3489/9 3488/3488/9
f 3490/3490/7 3491/3491/7 3492/3492/7
f 3491/3491/7 3493/3493/7 3492/3492/7
f 3494/3494/9 3495/3495/9 3496/3496/9
f 3495/3495/9 3497/3497/9 3496/3496/9
f 3498/3498/9 3499/3499/9 3500/3500/9
f 3499/3499/9 3501/3501/9 3500/3500/9
f 3502/3502/331 3503/3503/331 3504/3504/9
f 3503/3503/331 3505/3505/9 3504/3504/9
f 3506/3506/10 3507/3507/10 3508/3508/10
f 3507/3507/10 3509/3509/10 3508/3508/10
f 3510/3510/7 3511/3511/7 3512/3512/7
f 3511/3511/7 3513/3513/7 3512/3512/7
f 3514/3514/8 3515/3515/8 3516/3516/8
f 3515/3515/8 3517/3517/8 3516/3516/8
f 3518/3518/9 3519/3519/9 3520/3520/9
f 3519/3519/9 3521/3521/9 3520/3520/9
f 3522/3522/9 3523/3523/9 3524/3524/9
f 3523/3523/9 3525/3525/9 3524/3524/9
f 3526/3526/12 3527/3527/12 3528/3528/12
f 3527/3527/12 3529/3529/12 3528/3528/12
f 3530/3530/12 3531/3531/12 3532/3532/12
f 3531/3531/12 3533/3533/12 3532/3532/12
f 3534/3534/9 3535/3535/9 3536/3536/371
f 3535/3535/9 3537/3537/371 3536/3536/371
f 3538/3538/9 3539/3539/9 3540/3540/9
f 3539/3539/9 3541/3541/9 3540/3540/9
f 3542/3542/12 3543/3543/12 3544/3544/12
f 3543/3543/12 3545/3545/12 3544/3544/12
f 3546/3546/9 3547/3547/9 3548/3548/9
f 3547/3547/9 3549/3549/9 3548/3548/9
f 3550/3550/8 3551/3551/8 3552/3552/8
f 3551/3551/8 3553/3553/8 3552/3552/8
f 3554/3554/10 3555/3555/10 3556/3556/10
f 3555/3555/10 3557/3557/10 3556/3556/10
f 3558/3558/7 3559/3559/7 3560/3560/7
f 3559/3559/7 3561/3561/7 3560/3560/7
f 3562/3562/11 3563/3563/11 3564/3564/11
f 3563/3563/11 3565/3565/11 3564/3564/11
f 3566/3566/372 3567/3567/373 3568/3568/372
f 3567/3567/373 3569/3569/373 3568/3568/372
f 3570/3570/7 3571/3571/7 3572/3572/7
f 3571/3571/7 3573/3573/7 3572/3572/7
f 3574/3574/7 3575/3575/7 3576/3576/7
f 3575/3575/7 3577/3577/7 3576/3576/7
f 3578/3578/10 3579/3579/10 3580/3580/10
f 3579/3579/10 3581/3581/10 3580/3580/10
f 3582/3582/11 3583/3583/11 3584/3584/11
f 3583/3583/11 3585/3585/11 3584/3584/11
f 3586/3586/8 3587/3587/8 3588/3588/8
f 3587/3587/8 3589/3589/8 3588/3588/8
f 3590/3590/7 3591/3591/7 3592/3592/7
f 3591/3591/7 3593/3593/7 3592/3592/7
f 3594/3594/7 3595/3595/7 3596/3596/7
f 3595/3595/7 3597/3597/7 3596/3596/7
f 3598/3598/9 3599/3599/9 3600/3600/9
f 3599/3599/9 3601/3601/9 3600/3600/9
f 3602/3602/9 3603/3603/9 3604/3604/9
f 3603/3603/9 3605/3605/9 3604/3604/9
f 3606/3606/7 3607/3607/374 3608/3608/7
f 3607/3607/374 3609/3609/7 3608/3608/7
f 3610/3610/7 3611/3611/7 3612/3612/7
f 3611/3611/7 3613/3613/7 3612/3612/7
f 3614/3614/9 3615/3615/9 3616/3616/9
f 3615/3615/9 3617/3617/9 3616/3616/9
f 3618/3618/7 3619/3619/7 3620/3620/7
f 3619/3619/7 3621/3621/7 3620/3620/7
f 3622/3622/8 3623/3623/8 3624/3624/8
f 3623/3623/8 3625/3625/8 3624/3624/8
f 3626/3626/9 3627/3627/9 3628/3628/9
f 3627/3627/9 3629/3629/9 3628/3628/9
f 3630/3630/12 3631/3631/12 3632/3632/12
f 3631/3631/12 3633/3633/12 3632/3632/12
f 3634/3634/12 3635/3635/12 3636/3636/12
f 3635/3635/12 3637/3637/12 3636/3636/12
f 3638/3638/9 3639/3639/9 3640/3640/9
f 3639/3639/9 3641/3641/9 3640/3640/9
f 3642/3642/7 3643/3643/7 3644/3644/7
f 3643/3643/7 3645/3645/7 3644/3644/7
f 3646/3646/9 3647/3647/9 3648/3648/9
f 3647/3647/9 3649/3649/9 3648/3648/9
f 3650/3650/12 3651/3651/12 3652/3652/12
f 3651/3651/12 3653/3653/12 3652/3652/12
f 3654/3654/9 3655/3655/9 3656/3656/9
f 3655/3655/9 3657/3657/9 3656/3656/9
f 3658/3658/8 3659/3659/8 3660/3660/8
f 3659/3659/8 3661/3661/8 3660/3660/8
f 3662/3662/12 3663/3663/12 3664/3664/12
f 3663/3663/12 3665/3665/12 3664/3664/12
f 3666/3666/10 3667/3667/10 3668/3668/10
f 3667/3667/10 3669/3669/10 3668/3668/10
f 3670/3670/9 3671/3671/9 3672/3672/9
f 3671/3671/9 3673/3673/9 3672/3672/9
f 3674/3674/9 3675/3675/9 3676/3676/9
f 3675/3675/9 3677/3677/9 3676/3676/9
f 3678/3678/7 3679/3679/7 3680/3680/7
f 3679/3679/7 3681/3681/7 3680/3680/7
f 3682/3682/7 3683/3683/7 3684/3684/7
f 3683/3683/7 3685/3685/7 3684/3684/7
f 3686/3686/9 3687/3687/9 3688/3688/9
f 3687/3687/9 3689/3689/9 3688/3688/9
f 3690/3690/9 3691/3691/9 3692/3692/9
f 3691/3691/9 3693/3693/9 3692/3692/9
f 3694/3694/7 3695/3695/7 3696/3696/7
f 3695/3695/7 3697/3697/7 3696/3696/7
f 3698/3698/9 3699/3699/9 3700/3700/9
f 3699/3699/9 3701/3701/9 3700/3700/9
f 3702/3702/10 3703/3703/10 3704/3704/10
f 3703/3703/10 3705/3705/10 3704/3704/10
f 3706/3706/10 3707/3707/10 3708/3708/10
f 3707/3707/10 3709/3709/10 3708/3708/10
f 3710/3710/9 3711/3711/9 3712/3712/9
f 3711/3711/9 3713/3713/9 3712/3712/9
f 3714/3714/7 3715/3715/7 3716/3716/7
f 3715/3715/7 3717/3717/7 3716/3716/7
f 3718/3718/9 3719/3719/9 3720/3720/9
f 3719/3719/9 3721/3721/9 3720/3720/9
f 3722/3722/9 3723/3723/9 3724/3724/9
f 3723/3723/9 3725/3725/9 3724/3724/9
f 3726/3726/7 3727/3727/7 3728/3728/7
f 3727/3727/7 3729/3729/7 3728/3728/7
f 3730/3730/9 3731/3731/9 3732/3732/9
f 3731/3731/9 3733/3733/9 3732/3732/9
f 3734/3734/10 3735/3735/10 3736/3736/10
f 3735/3735/10 3737/3737/10 3736/3736/10
f 3738/3738/7 3739/3739/7 3740/3740/7
f 3739/3739/7 3741/3741/7 3740/3740/7
f 3742/3742/8 3743/3743/8 3744/3744/8
f 3743/3743/8 3745/3745/8 3744/3744/8
f 3746/3746/9 3747/3747/9 3748/3748/9
f 3747/3747/9 3749/3749/9 3748/3748/9
f 3750/3750/9 3751/3751/9 3752/3752/9
f 3751/3751/9 3753/3753/9 3752/3752/9
f 3754/3754/12 3755/3755/12 3756/3756/12
f 3755/3755/12 3757/3757/12 3756/3756/12
f 3758/3758/12 3759/3759/12 3760/3760/12
f 3759/3759/12 3761/3761/12 3760/3760/12
f 3762/3762/9 3763/3763/9 3764/3764/9
f 3763/3763/9 3765/3765/9 3764/3764/9
f 3766/3766/9 3767/3767/9 3768/3768/9
f 3767/3767/9 3769/3769/9 3768/3768/9
f 3770/3770/12 3771/3771/12 3772/3772/12
f 3771/3771/12 3773/3773/12 3772/3772/12
f 3774/3774/9 3775/3775/9 3776/3776/9
f 3775/3775/9 3777/3777/9 3776/3776/9
f 3778/3778/8 3779/3779/8 3780/3780/8
f 3779/3779/8 3781/3781/8 3780/3780/8
f 3782/3782/7 3783/3783/7 3784/3784/7
f 3783/3783/7 3785/3785/7 3784/3784/7
f 3786/3786/9 3787/3787/9 3788/3788/9
f 3787/3787/9 3789/3789/9 3788/3788/9
f 3790/3790/7 3791/3791/7 3792/3792/7
f 3791/3791/7 3793/3793/7 3792/3792/7
f 3794/3794/8 3795/3795/8 3796/3796/8
f 3795/3795/8 3797/3797/8 3796/3796/8
f 3798/3798/7 3799/3799/7 3800/3800/7
f 3799/3799/7 3801/3801/7 3800/3800/7
f 3802/3802/7 3803/3803/7 3804/3804/7
f 3803/3803/7 3805/3805/7 3804/3804/7
f 3806/3806/8 3807/3807/8 3808/3808/8
f 3807/3807/8 3809/3809/8 3808/3808/8
f 3810/3810/9 3811/3811/9 3812/3812/9
f 3811/3811/9 3813/3813/9 3812/3812/9
f 3814/3814/10 3815/3815/10 3816/3816/10
f 3815/3815/10 3817/3817/10 3816/3816/10
f 3818/3818/7 3819/3819/7 3820/3820/7
f 3819/3819/7 3821/3821/7 3820/3820/7
f 3822/3822/7 3823/3823/7 3824/3824/7
f 3823/3823/7 3825/3825/7 3824/3824/7
f 3826/3826/11 3827/3827/11 3828/3828/11
f 3827/3827/11 3829/3829/11 3828/3828/11
f 3830/3830/11 3831/3831/11 3832/3832/11
f 3831/3831/11 3833/3833/11 3832/3832/11
f 3834/3834/7 3835/3835/7 3836/3836/7
f 3835/3835/7 3837/3837/7 3836/3836/7
f 3838/3838/7 3839/3839/7 3840/3840/7
f 3839/3839/7 3841/3841/7 3840/3840/7
f 3842/3842/11 3843/3843/11 3844/3844/11
f 3843/3843/11 3845/3845/11 3844/3844/11
f 3846/3846/7 3847/3847/7 3848/3848/7
f 3847/3847/7 3849/3849/7 3848/3848/7
f 3850/3850/10 3851/3851/10 3852/3852/10
f 3851/3851/10 3853/3853/10 3852/3852/10
f 3854/3854/10 3855/3855/10 3856/3856/10
f 3855/3855/10 3857/3857/10 3856/3856/10
f 3858/3858/7 3859/3859/7 3860/3860/7
f 3859/3859/7 3861/3861/7 3860/3860/7
f 3862/3862/11 3863/3863/11 3864/3864/11
f 3863/3863/11 3865/3865/11 3864/3864/11
f 3866/3866/11 3867/3867/11 3868/3868/11
f 3867/3867/11 3869/3869/11 3868/3868/11
f 3870/3870/7 3871/3871/7 3872/3872/7
f 3871/3871/7 3873/3873/7 3872/3872/7
f 3874/3874/9 3875/3875/9 3876/3876/9
f 3875/3875/9 3877/3877/9 3876/3876/9
f 3878/3878/7 3879/3879/7 3880/3880/7
f 3879/3879/7 3881/3881/7 3880/3880/7
f 3882/3882/11 3883/3883/11 3884/3884/11
f 3883/3883/11 3885/3885/11 3884/3884/11
f 3886/3886/7 3887/3887/7 3888/3888/7
f 3887/3887/7 3889/3889/7 3888/3888/7
f 3890/3890/10 3891/3891/10 3892/3892/10
f 3891/3891/10 3893/3893/10 3892/3892/10
f 3894/3894/11 3895/3895/11 3896/3896/11
f 3895/3895/11 3897/3897/11 3896/3896/11
f 3898/3898/8 3899/3899/8 3900/3900/8
f 3899/3899/8 3901/3901/8 3900/3900/8
f 3902/3902/7 3903/3903/7 3904/3904/7
f 3903/3903/7 3905/3905/7 3904/3904/7
f 3906/3906/7 3907/3907/7 3908/3908/7
f 3907/3907/7 3909/3909/7 3908/3908/7
f 3910/3910/9 3911/3911/9 3912/3912/9
f 3911/3911/9 3913/3913/9 3912/3912/9
f 3914/3914/9 3915/3915/9 3916/3916/9
f 3915/3915/9 3917/3917/9 3916/3916/9
f 3918/3918/7 3919/3919/7 3920/3920/7
f 3919/3919/7 3921/3921/7 3920/3920/7
f 3922/3922/7 3923/3923/7 3924/3924/7
f 3923/3923/7 3925/3925/7 3924/3924/7
f 3926/3926/9 3927/3927/9 3928/3928/9
f 3927/3927/9 3929/3929/9 3928/3928/9
f 3930/3930/7 3931/3931/7 3932/3932/7
f 3931/3931/7 3933/3933/7 3932/3932/7
f 3934/3934/8 3935/3935/8 3936/3936/8
f 3935/3935/8 3937/3937/8 3936/3936/8
f 3938/3938/8 3939/3939/8 3940/3940/8
f 3939/3939/8 3941/3941/8 3940/3940/8
f 3942/3942/10 3943/3943/10 3944/3944/10
f 3943/3943/10 3945/3945/10 3944/3944/10
f 3946/3946/12 3947/3947/12 3948/3948/12
f 3947/3947/12 3949/3949/12 3948/3948/12
f 3950/3950/9 3951/3951/9 3952/3952/9
f 3951/3951/9 3953/3953/9 3952/3952/9
f 3954/3954/9 3955/3955/9 3956/3956/9
f 3955/3955/9 3957/3957/9 3956/3956/9
f 3958/3958/12 3959/3959/12 3960/3960/12
f 3959/3959/12 3961/3961/12 3960/3960/12
f 3962/3962/11 3963/3963/11 3964/3964/11
f 3963/3963/11 3965/3965/11 3964/3964/11
f 3966/3966/12 3967/3967/12 3968/3968/12
f 3967/3967/12 3969/3969/12 3968/3968/12
f 3970/3970/331 3971/3971/331 3972/3972/371
f 3971/3971/331 3973/3973/371 3972/3972/371
f 3974/3974/12 3975/3975/12 3976/3976/12
f 3975/3975/12 3977/3977/12 3976/3976/12
f 3978/3978/10 3979/3979/10 3980/3980/10
f 3979/3979/10 3981/3981/10 3980/3980/10
f 3982/3982/9 3983/3983/9 3984/3984/9
f 3983/3983/9 3985/3985/9 3984/3984/9
f 3986/3986/8 3987/3987/8 3988/3988/8
f 3987/3987/8 3989/3989/8 3988/3988/8
f 3990/3990/12 3991/3991/12 3992/3992/12
f 3991/3991/12 3993/3993/12 3992/3992/12
f 3994/3994/12 3995/3995/12 3996/3996/12
f 3995/3995/12 3997/3997/12 3996/3996/12
f 3998/3998/11 3999/3999/11 4000/4000/11
f 3999/3999/11 4001/4001/11 4000/4000/11
f 4002/4002/11 4003/4003/11 4004/4004/11
f 4003/4003/11 4005/4005/11 4004/4004/11
f 4006/4006/12 4007/4007/12 4008/4008/12
f 4007/4007/12 4009/4009/12 4008/4008/12
f 4010/4010/12 4011/4011/12 4012/4012/12
f 4011/4011/12 4013/4013/12 4012/4012/12
f 4014/4014/11 4015/4015/11 4016/4016/11
f 4015/4015/11 4017/4017/11 4016/4016/11
f 4018/4018/12 4019/4019/12 4020/4020/12
f 4019/4019/12 4021/4021/12 4020/4020/12
f 4022/4022/8 4023/4023/8 4024/4024/8
f 4023/4023/8 4025/4025/8 4024/4024/8
f 4026/4026/12 4027/4027/12 4028/4028/12
f 4027/4027/12 4029/4029/12 4028/4028/12
f 4030/4030/11 4031/4031/11 4032/4032/11
f 4031/4031/11 4033/4033/11 4032/4032/11
f 4034/4034/11 4035/4035/11 4036/4036/11
f 4035/4035/11 4037/4037/11 4036/4036/11
f 4038/4038/12 4039/4039/12 4040/4040/12
f 4039/4039/12 4041/4041/12 4040/4040/12
f 4042/4042/9 4043/4043/9 4044/4044/9
f 4043/4043/9 4045/4045/9 4044/4044/9
f 4046/4046/12 4047/4047/12 4048/4048/12
f 4047/4047/12 4049/4049/12 4048/4048/12
f 4050/4050/12 4051/4051/12 4052/4052/12
f 4051/4051/12 4053/4053/12 4052/4052/12
f 4054/4054/8 4055/4055/8 4056/4056/8
f 4055/4055/8 4057/4057/8 4056/4056/8
f 4058/4058/11 4059/4059/11 4060/4060/11
f 4059/4059/11 4061/4061/11 4060/4060/11
f 4062/4062/10 4063/4063/10 4064/4064/10
f 4063/4063/10 4065/4065/10 4064/4064/10
f 4066/4066/12 4067/4067/12 4068/4068/12
f 4067/4067/12 4069/4069/12 4068/4068/12
f 4070/4070/12 4071/4071/12 4072/4072/12
f 4071/4071/12 4073/4073/12 4072/4072/12
f 4074/4074/9 4075/4075/9 4076/4076/9
f 4075/4075/9 4077/4077/9 4076/4076/9
f 4078/4078/9 4079/4079/9 4080/4080/9
f 4079/4079/9 4081/4081/9 4080/4080/9
f 4082/4082/12 4083/4083/12 4084/4084/12
f 4083/4083/12 4085/4085/12 4084/4084/12
f 4086/4086/12 4087/4087/12 4088/4088/12
f 4087/4087/12 4089/4089/12 4088/4088/12
f 4090/4090/9 4091/4091/9 4092/4092/9
f 4091/4091/9 4093/4093/9 4092/4092/9
f 4094/4094/12 4095/4095/12 4096/4096/12
f 4095/4095/12 4097/4097/12 4096/4096/12
f 4098/4098/10 4099/4099/10 4100/4100/10
f 4099/4099/10 4101/4101/10 4100/4100/10
f 4102/4102/10 4103/4103/10 4104/4104/10
f 4103/4103/10 4105/4105/10 4104/4104/10
f 4106/4106/12 4107/4107/12 4108/4108/12
f 4107/4107/12 4109/4109/12 4108/4108/12
f 4110/4110/9 4111/4111/9 4112/4112/9
f 4111/4111/9 4113/4113/9 4112/4112/9
f 4114/4114/12 4115/4115/12 4116/4116/12
f 4115/4115/12 4117/4117/12 4116/4116/12
f 4118/4118/12 4119/4119/12 4120/4120/12
f 4119/4119/12 4121/4121/12 4120/4120/12
f 4122/4122/12 4123/4123/12 4124/4124/12
f 4123/4123/12 4125/4125/12 4124/4124/12
f 4126/4126/10 4127/4127/10 4128/4128/10
f 4127/4127/10 4129/4129/10 4128/4128/10
f 4130/4130/9 4131/4131/9 4132/4132/9
f 4131/4131/9 4133/4133/9 4132/4132/9
f 4134/4134/8 4135/4135/8 4136/4136/8
f 4135/4135/8 4137/4137/8 4136/4136/8
f 4138/4138/12 4139/4139/12 4140/4140/12
f 4139/4139/12 4141/4141/12 4140/4140/12
f 4142/4142/12 4143/4143/12 4144/4144/12
f 4143/4143/12 4145/4145/12 4144/4144/12
f 4146/4146/11 4147/4147/11 4148/4148/11
f 4147/4147/11 4149/4149/11 4148/4148/11
f 4150/4150/11 4151/4151/11 4152/4152/11
f 4151/4151/11 4153/4153/11 4152/4152/11
f 4154/4154/12 4155/4155/12 4156/4156/12
f 4155/4155/12 4157/4157/12 4156/4156/12
f 4158/4158/12 4159/4159/12 4160/4160/12
f 4159/4159/12 4161/4161/12 4160/4160/12
f 4162/4162/11 4163/4163/11 4164/4164/11
f 4163/4163/11 4165/4165/11 4164/4164/11
f 4166/4166/12 4167/4167/12 4168/4168/12
f 4167/4167/12 4169/4169/12 4168/4168/12
f 4170/4170/8 4171/4171/8 4172/4172/8
f 4171/4171/8 4173/4173/8 4172/4172/8
f 4174/4174/12 4175/4175/12 4176/4176/12
f 4175/4175/12 4177/4177/12 4176/4176/12
f 4178/4178/11 4179/4179/11 4180/4180/11
f 4179/4179/11 4181/4181/11 4180/4180/11
f 4182/4182/12 4183/4183/12 4184/4184/12
f 4183/4183/12 4185/4185/12 4184/4184/12
f 4186/4186/8 4187/4187/8 4188/4188/8
f 4187/4187/8 4189/4189/8 4188/4188/8
f 4190/4190/12 4191/4191/12 4192/4192/12
f 4191/4191/12 4193/4193/12 4192/4192/12
f 4194/4194/12 4195/4195/12 4196/4196/12
f 4195/4195/12 4197/4197/12 4196/4196/12
f 4198/4198/8 4199/4199/8 4200/4200/8
f 4199/4199/8 4201/4201/8 4200/4200/8
f 4202/4202/11 4203/4203/11 4204/4204/11
f 4203/4203/11 4205/4205/11 4204/4204/11
f 4206/4206/10 4207/4207/10 4208/4208/10
f 4207/4207/10 4209/4209/10 4208/4208/10
f 4210/4210/12 4211/4211/12 4212/4212/12
f 4211/4211/12 4213/4213/12 4212/4212/12
f 4214/4214/12 4215/4215/12 4216/4216/12
f 4215/4215/12 4217/4217/12 4216/4216/12
f 4218/4218/9 4219/4219/9 4220/4220/9
f 4219/4219/9 4221/4221/9 4220/4220/9
f 4222/4222/9 4223/4223/9 4224/4224/9
f 4223/4223/9 4225/4225/9 4224/4224/9
f 4226/4226/12 4227/4227/12 4228/4228/12
f 4227/4227/12 4229/4229/12 4228/4228/12
f 4230/4230/12 4231/4231/12 4232/4232/12
f 4231/4231/12 4233/4233/12 4232/4232/12
f 4234/4234/9 4235/4235/9 4236/4236/9
f 4235/4235/9 4237/4237/9 4236/4236/9
f 4238/4238/12 4239/4239/12 4240/4240/12
f 4239/4239/12 4241/4241/12 4240/4240/12
f 4242/4242/10 4243/4243/10 4244/4244/10
f 4243/4243/10 4245/4245/10 4244/4244/10
f 4246/4246/10 4247/4247/10 4248/4248/10
f 4247/4247/10 4249/4249/10 4248/4248/10
f 4250/4250/12 4251/4251/12 4252/4252/12
f 4251/4251/12 4253/4253/12 4252/4252/12
f 4254/4254/9 4255/4255/9 4256/4256/9
f 4255/4255/9 4257/4257/9 4256/4256/9
f 4258/4258/9 4259/4259/9 4260/4260/9
f 4259/4259/9 4261/4261/9 4260/4260/9
f 4262/4262/12 4263/4263/12 4264/4264/12
f 4263/4263/12 4265/4265/12 4264/4264/12
f 4266/4266/11 4267/4267/11 4268/4268/11
f 4267/4267/11 4269/4269/11 4268/4268/11
f 4270/4270/12 4271/4271/12 4272/4272/12
f 4271/4271/12 4273/4273/12 4272/4272/12
f 4274/4274/9 4275/4275/9 4276/4276/9
f 4275/4275/9 4277/4277/9 4276/4276/9
f 4278/4278/12 4279/4279/12 4280/4280/12
f 4279/4279/12 4281/4281/12 4280/4280/12
f 4282/4282/10 4283/4283/10 4284/4284/10
f 4283/4283/10 4285/4285/10 4284/4284/10
f 4286/4286/9 4287/4287/9 4288/4288/9
f 4287/4287/9 4289/4289/9 4288/4288/9
f 4290/4290/8 4291/4291/8 4292/4292/8
f 4291/4291/8 4293/4293/8 4292/4292/8
f 4294/4294/12 4295/4295/12 4296/4296/12
f 4295/4295/12 4297/4297/12 4296/4296/12
f 4298/4298/12 4299/4299/12 4300/4300/12
f 4299/4299/12 4301/4301/12 4300/4300/12
f 4302/4302/11 4303/4303/11 4304/4304/11
f 4303/4303/11 4305/4305/11 4304/4304/11
f 4306/4306/11 4307/4307/11 4308/4308/11
f 4307/4307/11 4309/4309/11 4308/4308/11
f 4310/4310/12 4311/4311/12 4312/4312/12
f 4311/4311/12 4313/4313/12 4312/4312/12
f 4314/4314/12 4315/4315/12 4316/4316/12
f 4315/4315/12 4317/4317/12 4316/4316/12
f 4318/4318/11 4319/4319/11 4320/4320/11
f 4319/4319/11 4321/4321/11 4320/4320/11
f 4322/4322/12 4323/4323/12 4324/4324/12
f 4323/4323/12 4325/4325/12 4324/4324/12
f 4326/4326/8 4327/4327/8 4328/4328/8
f 4327/4327/8 4329/4329/8 4328/4328/8
f 4330/4330/8 4331/4331/8 4332/4332/8
f 4331/4331/8 4333/4333/8 4332/4332/8
f 4334/4334/375 4335/4335/375 4336/4336/375
f 4335/4335/375 4337/4337/375 4336/4336/375
f 4338/4338/376 4339/4339/377 4340/4340/377
f 4339/4339/377 4341/4341/377 4340/4340/377
f 4342/4342/378 4343/4343/378 4344/4344/378
f 4343/4343/378 4345/4345/378 4344/4344/378
f 4346/4346/379 4347/4347/379 4348/4348/379
f 4347/4347/379 4349/4349/379 4348/4348/379
f 4350/4350/380 4351/4351/380 4352/4352/380
f 4351/4351/380 4353/4353/380 4352/4352/380
f 4354/4354/381 4355/4355/381 4356/4356/381
f 4355/4355/381 4357/4357/381 4356/4356/381
f 4358/4358/382 4359/4359/382 4360/4360/382
f 4359/4359/382 4361/4361/382 4360/4360/382
f 4362/4362/382 4363/4363/382 4364/4364/382
f 4363/4363/382 4365/4365/382 4364/4364/382
f 4366/4366/381 4367/4367/383 4368/4368/383
f 4367/4367/383 4369/4369/383 4368/4368/383
f 4370/4370/384 4371/4371/384 4372/4372/384
f 4371/4371/384 4373/4373/384 4372/4372/384
f 4374/4374/12 4375/4375/12 4376/4376/12
f 4375/4375/12 4377/4377/12 4376/4376/12
f 4378/4378/385 4379/4379/385 4380/4380/385
f 4379/4379/385 4381/4381/385 4380/4380/385
f 4382/4382/386 4383/4383/386 4384/4384/386
f 4383/4383/386 4385/4385/386 4384/4384/386
f 4386/4386/387 4387/4387/387 4388/4388/387
f 4387/4387/387 4389/4389/387 4388/4388/387
f 4390/4390/388 4391/4391/388 4392/4392/388
f 4391/4391/388 4393/4393/388 4392/4392/388
f 4394/4394/7 4395/4395/7 4396/4396/7
f 4395/4395/7 4397/4397/7 4396/4396/7
f 4398/4398/159 4399/4399/159 4400/4400/159
f 4399/4399/159 4401/4401/159 4400/4400/159
f 4402/4402/158 4403/4403/158 4404/4404/158
f 4403/4403/158 4405/4405/158 4404/4404/158
f 4406/4406/160 4407/4407/160 4408/4408/160
f 4407/4407/160 4409/4409/160 4408/4408/160
f 4410/4410/163 4411/4411/163 4412/4412/163
f 4411/4411/163 4413/4413/163 4412/4412/163
f 4414/4414/389 4415/4415/389 4416/4416/389
f 4415/4415/389 4417/4417/389 4416/4416/389
f 4418/4418/390 4419/4419/390 4420/4420/390
f 4419/4419/390 4421/4421/390 4420/4420/390
f 4422/4422/391 4423/4423/391 4424/4424/391
f 4423/4423/391 4425/4425/391 4424/4424/391
f 4426/4426/392 4427/4427/392 4428/4428/392
f 4427/4427/392 4429/4429/392 4428/4428/392
f 4430/4430/7 4431/4431/7 4432/4432/7
f 4431/4431/7 4433/4433/7 4432/4432/7
f 4434/4434/349 4435/4435/349 4436/4436/349
f 4435/4435/349 4437/4437/349 4436/4436/349
f 4438/4438/134 4439/4439/134 4440/4440/134
f 4439/4439/134 4441/4441/134 4440/4440/134
f 4442/4442/393 4443/4443/393 4444/4444/393
f 4443/4443/393 4445/4445/393 4444/4444/393
f 4446/4446/394 4447/4447/394 4448/4448/394
f 4447/4447/394 4449/4449/394 4448/4448/394
f 4450/4450/395 4451/4451/395 4452/4452/395
f 4451/4451/395 4453/4453/395 4452/4452/395
f 4454/4454/396 4455/4455/396 4456/4456/396
f 4455/4455/396 4457/4457/396 4456/4456/396
f 4458/4458/157 4459/4459/157 4460/4460/157
f 4459/4459/157 4461/4461/157 4460/4460/157
f 4462/4462/9 4463/4463/9 4464/4464/9
f 4463/4463/9 4465/4465/9 4464/4464/9
f 4466/4466/397 4467/4467/397 4468/4468/397
f 4467/4467/397 4469/4469/397 4468/4468/397
f 4470/4470/398 4471/4471/398 4472/4472/398
f 4471/4471/398 4473/4473/398 4472/4472/398
f 4474/4474/11 4475/4475/11 4476/4476/11
f 4475/4475/11 4477/4477/11 4476/4476/11
f 4478/4478/11 4479/4479/11 4480/4480/11
f 4479/4479/11 4481/4481/11 4480/4480/11
f 4482/4482/250 4483/4483/250 4484/4484/250
f 4483/4483/250 4485/4485/250 4484/4484/250
f 4486/4486/399 4487/4487/399 4488/4488/399
f 4487/4487/399 4489/4489/399 4488/4488/399
f 4490/4490/400 4491/4491/400 4492/4492/400
f 4491/4491/400 4493/4493/400 4492/4492/400
f 4494/4494/249 4495/4495/249 4496/4496/249
f 4495/4495/249 4497/4497/249 4496/4496/249
f 4498/4498/9 4499/4499/9 4500/4500/9
f 4499/4499/9 4501/4501/9 4500/4500/9
f 4502/4502/401 4503/4503/401 4504/4504/401
f 4503/4503/401 4505/4505/401 4504/4504/401
f 4506/4506/402 4507/4507/402 4508/4508/402
f 4507/4507/402 4509/4509/402 4508/4508/402
f 4510/4510/403 4511/4511/403 4512/4512/403
f 4511/4511/403 4513/4513/404 4512/4512/403
f 4514/4514/405 4515/4515/405 4516/4516/405
f 4515/4515/405 4517/4517/405 4516/4516/405
f 4518/4518/406 4519/4519/406 4520/4520/406
f 4519/4519/406 4521/4521/406 4520/4520/406
f 4522/4522/407 4523/4523/407 4524/4524/407
f 4523/4523/407 4525/4525/407 4524/4524/407
f 4526/4526/280 4527/4527/280 4528/4528/280
f 4527/4527/280 4529/4529/280 4528/4528/280
f 4530/4530/408 4531/4531/408 4532/4532/408
f 4531/4531/408 4533/4533/408 4532/4532/408
f 4534/4534/409 4535/4535/409 4536/4536/409
f 4535/4535/409 4537/4537/409 4536/4536/409
f 4538/4538/410 4539/4539/224 4540/4540/410
f 4539/4539/224 4541/4541/224 4540/4540/410
f 4542/4542/411 4543/4543/411 4544/4544/411
f 4543/4543/411 4545/4545/411 4544/4544/411
f 4546/4546/412 4547/4547/412 4548/4548/412
f 4547/4547/412 4549/4549/412 4548/4548/412
f 4550/4550/413 4551/4551/413 4552/4552/413
f 4551/4551/413 4553/4553/413 4552/4552/413
f 4554/4554/280 4555/4555/280 4556/4556/280
f 4555/4555/280 4557/4557/280 4556/4556/280
f 4558/4558/414 4559/4559/414 4560/4560/414
f 4559/4559/414 4561/4561/414 4560/4560/414
f 4562/4562/281 4563/4563/281 4564/4564/281
f 4563/4563/281 4565/4565/281 4564/4564/281
f 4566/4566/415 4567/4567/415 4568/4568/415
f 4567/4567/415 4569/4569/415 4568/4568/415
f 4570/4570/299 4571/4571/299 4572/4572/299
f 4571/4571/299 4573/4573/299 4572/4572/299
f 4574/4574/416 4575/4575/416 4576/4576/416
f 4575/4575/416 4577/4577/416 4576/4576/416
f 4578/4578/9 4579/4579/9 4580/4580/9
f 4579/4579/9 4581/4581/9 4580/4580/9
f 4582/4582/221 4583/4583/221 4584/4584/221
f 4583/4583/221 4585/4585/221 4584/4584/221
f 4586/4586/398 4587/4587/398 4588/4588/398
f 4587/4587/398 4589/4589/398 4588/4588/398
f 4590/4590/397 4591/4591/397 4592/4592/397
f 4591/4591/397 4593/4593/397 4592/4592/397
f 4594/4594/220 4595/4595/220 4596/4596/220
f 4595/4595/220 4597/4597/220 4596/4596/220
f 4598/4598/11 4599/4599/11 4600/4600/11
f 4599/4599/11 4601/4601/11 4600/4600/11
f 4602/4602/11 4603/4603/11 4604/4604/11
f 4603/4603/11 4605/4605/11 4604/4604/11
f 4606/4606/417 4607/4607/417 4608/4608/417
f 4607/4607/417 4609/4609/417 4608/4608/417
f 4610/4610/418 4611/4611/418 4612/4612/418
f 4611/4611/418 4613/4613/418 4612/4612/418
f 4614/4614/419 4615/4615/419 4616/4616/419
f 4615/4615/419 4617/4617/419 4616/4616/419
f 4618/4618/420 4619/4619/420 4620/4620/420
f 4619/4619/420 4621/4621/420 4620/4620/420
f 4622/4622/9 4623/4623/9 4624/4624/9
f 4623/4623/9 4625/4625/9 4624/4624/9
f 4626/4626/11 4627/4627/11 4628/4628/11
f 4627/4627/11 4629/4629/11 4628/4628/11
f 4630/4630/400 4631/4631/400 4632/4632/400
f 4631/4631/400 4633/4633/400 4632/4632/400
f 4634/4634/399 4635/4635/399 4636/4636/399
f 4635/4635/399 4637/4637/399 4636/4636/399
f 4638/4638/9 4639/4639/9 4640/4640/9
f 4639/4639/9 4641/4641/9 4640/4640/9
f 4642/4642/421 4643/4643/421 4644/4644/421
f 4643/4643/421 4645/4645/421 4644/4644/421
f 4646/4646/422 4647/4647/422 4648/4648/422
f 4647/4647/422 4649/4649/422 4648/4648/422
f 4650/4650/423 4651/4651/423 4652/4652/423
f 4651/4651/423 4653/4653/423 4652/4652/423
f 4654/4654/424 4655/4655/424 4656/4656/424
f 4655/4655/424 4657/4657/424 4656/4656/424
f 4658/4658/422 4659/4659/422 4660/4660/422
f 4659/4659/422 4661/4661/422 4660/4660/422
f 4662/4662/425 4663/4663/425 4664/4664/425
f 4663/4663/425 4665/4665/425 4664/4664/425
f 4666/4666/421 4667/4667/421 4668/4668/421
f 4667/4667/421 4669/4669/421 4668/4668/421
f 4670/4670/426 4671/4671/426 4672/4672/426
f 4671/4671/426 4673/4673/426 4672/4672/426
f 4674/4674/427 4675/4675/427 4676/4676/427
f 4675/4675/427 4677/4677/427 4676/4676/427
f 4678/4678/428 4679/4679/428 4680/4680/428
f 4679/4679/428 4681/4681/428 4680/4680/428
f 4682/4682/429 4683/4683/429 4684/4684/429
f 4683/4683/429 4685/4685/429 4684/4684/429
f 4686/4686/430 4687/4687/430 4688/4688/430
f 4687/4687/430 4689/4689/430 4688/4688/430
f 4690/4690/431 4691/4691/431 4692/4692/431
f 4691/4691/431 4693/4693/431 4692/4692/431
f 4694/4694/412 4695/4695/412 4696/4696/412
f 4695/4695/412 4697/4697/412 4696/4696/412
f 4698/4698/432 4699/4699/432 4700/4700/432
f 4699/4699/432 4701/4701/432 4700/4700/432
f 4702/4702/224 4703/4703/224 4704/4704/224
f 4703/4703/224 4705/4705/410 4704/4704/224
f 4706/4706/433 4707/4707/433 4708/4708/433
f 4707/4707/433 4709/4709/433 4708/4708/433
f 4710/4710/434 4711/4711/434 4712/4712/434
f 4711/4711/434 4713/4713/434 4712/4712/434
f 4714/4714/435 4715/4715/435 4716/4716/435
f 4715/4715/435 4717/4717/435 4716/4716/435
f 4718/4718/436 4719/4719/436 4720/4720/436
f 4719/4719/436 4721/4721/436 4720/4720/436
f 4722/4722/406 4723/4723/406 4724/4724/406
f 4723/4723/406 4725/4725/406 4724/4724/406
f 4726/4726/437 4727/4727/437 4728/4728/437
f 4727/4727/437 4729/4729/438 4728/4728/437
f 4730/4730/224 4731/4731/224 4732/4732/224
f 4731/4731/224 4733/4733/224 4732/4732/224
f 4734/4734/439 4735/4735/439 4736/4736/439
f 4735/4735/439 4737/4737/439 4736/4736/439
f 4738/4738/225 4739/4739/225 4740/4740/225
f 4739/4739/225 4741/4741/225 4740/4740/225
f 4742/4742/293 4743/4743/293 4744/4744/293
f 4743/4743/293 4745/4745/293 4744/4744/293
f 4746/4746/440 4747/4747/440 4748/4748/440
f 4747/4747/440 4749/4749/440 4748/4748/440
f 4750/4750/441 4751/4751/441 4752/4752/441
f 4751/4751/441 4753/4753/441 4752/4752/441
f 4754/4754/248 4755/4755/248 4756/4756/248
f 4755/4755/248 4757/4757/248 4756/4756/248
f 4758/4758/442 4759/4759/442 4760/4760/442
f 4759/4759/442 4761/4761/442 4760/4760/442
f 4762/4762/245 4763/4763/245 4764/4764/245
f 4763/4763/245 4765/4765/245 4764/4764/245
f 4766/4766/443 4767/4767/443 4768/4768/443
f 4767/4767/443 4769/4769/443 4768/4768/443
f 4770/4770/11 4771/4771/11 4772/4772/11
f 4771/4771/11 4773/4773/11 4772/4772/11
f 4774/4774/7 4775/4775/7 4776/4776/7
f 4775/4775/7 4777/4777/7 4776/4776/7
f 4778/4778/11 4779/4779/11 4780/4780/11
f 4779/4779/11 4781/4781/11 4780/4780/11
f 4782/4782/11 4783/4783/11 4784/4784/11
f 4783/4783/11 4785/4785/11 4784/4784/11
f 4786/4786/8 4787/4787/8 4788/4788/8
f 4787/4787/8 4789/4789/8 4788/4788/8
f 4790/4790/8 4791/4791/8 4792/4792/8
f 4791/4791/8 4793/4793/8 4792/4792/8
f 4794/4794/11 4795/4795/11 4796/4796/11
f 4795/4795/11 4797/4797/11 4796/4796/11
f 4798/4798/7 4799/4799/7 4800/4800/7
f 4799/4799/7 4801/4801/7 4800/4800/7
f 4802/4802/12 4803/4803/12 4804/4804/12
f 4803/4803/12 4805/4805/12 4804/4804/12
f 4806/4806/11 4807/4807/11 4808/4808/11
f 4807/4807/11 4809/4809/11 4808/4808/11
f 4810/4810/10 4811/4811/10 4812/4812/10
f 4811/4811/10 4813/4813/10 4812/4812/10
f 4814/4814/11 4815/4815/11 4816/4816/444
f 4815/4815/11 4817/4817/444 4816/4816/444
f 4818/4818/444 4819/4819/444 4820/4820/11
f 4819/4819/444 4821/4821/11 4820/4820/11
f 4822/4822/8 4823/4823/8 4824/4824/8
f 4823/4823/8 4825/4825/8 4824/4824/8
f 4826/4826/11 4827/4827/11 4828/4828/11
f 4827/4827/11 4829/4829/11 4828/4828/11
f 4830/4830/7 4831/4831/7 4832/4832/7
f 4831/4831/7 4833/4833/7 4832/4832/7
f 4834/4834/12 4835/4835/12 4836/4836/12
f 4835/4835/12 4837/4837/12 4836/4836/12
f 4838/4838/11 4839/4839/11 4840/4840/11
f 4839/4839/11 4841/4841/11 4840/4840/11
f 4842/4842/7 4843/4843/7 4844/4844/7
f 4843/4843/7 4845/4845/7 4844/4844/7
f 4846/4846/11 4847/4847/11 4848/4848/11
f 4847/4847/11 4849/4849/11 4848/4848/11
f 4850/4850/12 4851/4851/12 4852/4852/12
f 4851/4851/12 4853/4853/12 4852/4852/12
f 4854/4854/11 4855/4855/11 4856/4856/11
f 4855/4855/11 4857/4857/11 4856/4856/11
f 4858/4858/11 4859/4859/11 4860/4860/11
f 4859/4859/11 4861/4861/11 4860/4860/11
f 4862/4862/10 4863/4863/10 4864/4864/10
f 4863/4863/10 4865/4865/10 4864/4864/10
f 4866/4866/10 4867/4867/10 4868/4868/10
f 4867/4867/10 4869/4869/10 4868/4868/10
f 4870/4870/11 4871/4871/11 4872/4872/11
f 4871/4871/11 4873/4873/11 4872/4872/11
f 4874/4874/12 4875/4875/12 4876/4876/12
f 4875/4875/12 4877/4877/12 4876/4876/12
f 4878/4878/7 4879/4879/7 4880/4880/7
f 4879/4879/7 4881/4881/7 4880/4880/7
f 4882/4882/11 4883/4883/11 4884/4884/11
f 4883/4883/11 4885/4885/11 4884/4884/11
f 4886/4886/8 4887/4887/8 4888/4888/8
f 4887/4887/8 4889/4889/8 4888/4888/8
f 4890/4890/444 4891/4891/444 4892/4892/11
f 4891/4891/444 4893/4893/11 4892/4892/11
f 4894/4894/445 4895/4895/445 4896/4896/444
f 4895/4895/445 4897/4897/444 4896/4896/444
f 4898/4898/11 4899/4899/11 4900/4900/11
f 4899/4899/11 4901/4901/11 4900/4900/11
f 4902/4902/8 4903/4903/8 4904/4904/8
f 4903/4903/8 4905/4905/8 4904/4904/8
f 4906/4906/7 4907/4907/7 4908/4908/7
f 4907/4907/7 4909/4909/7 4908/4908/7
f 4910/4910/11 4911/4911/11 4912/4912/11
f 4911/4911/11 4913/4913/11 4912/4912/11
f 4914/4914/12 4915/4915/12 4916/4916/12
f 4915/4915/12 4917/4917/12 4916/4916/12
f 4918/4918/11 4919/4919/11 4920/4920/11
f 4919/4919/11 4921/4921/11 4920/4920/11
f 4922/4922/7 4923/4923/7 4924/4924/7
f 4923/4923/7 4925/4925/7 4924/4924/7
f 4926/4926/11 4927/4927/11 4928/4928/11
f 4927/4927/11 4929/4929/11 4928/4928/11
f 4930/4930/11 4931/4931/11 4932/4932/11
f 4931/4931/11 4933/4933/11 4932/4932/11
f 4934/4934/8 4935/4935/8 4936/4936/8
f 4935/4935/8 4937/4937/8 4936/4936/8
f 4938/4938/8 4939/4939/8 4940/4940/8
f 4939/4939/8 4941/4941/8 4940/4940/8
f 4942/4942/11 4943/4943/11 4944/4944/11
f 4943/4943/11 4945/4945/11 4944/4944/11
f 4946/4946/7 4947/4947/7 4948/4948/7
f 4947/4947/7 4949/4949/7 4948/4948/7
f 4950/4950/12 4951/4951/12 4952/4952/12
f 4951/4951/12 4953/4953/12 4952/4952/12
f 4954/4954/11 4955/4955/11 4956/4956/11
f 4955/4955/11 4957/4957/11 4956/4956/11
f 4958/4958/10 4959/4959/10 4960/4960/10
f 4959/4959/10 4961/4961/10 4960/4960/10
f 4962/4962/11 4963/4963/11 4964/4964/444
f 4963/4963/11 4965/4965/444 4964/4964/444
f 4966/4966/444 4967/4967/444 4968/4968/11
f 4967/4967/444 4969/4969/11 4968/4968/11
f 4970/4970/11 4971/4971/11 4972/4972/11
f 4971/4971/11 4973/4973/11 4972/4972/11
f 4974/4974/7 4975/4975/7 4976/4976/7
f 4975/4975/7 4977/4977/7 4976/4976/7
f 4978/4978/12 4979/4979/12 4980/4980/12
f 4979/4979/12 4981/4981/12 4980/4980/12
f 4982/4982/11 4983/4983/11 4984/4984/11
f 4983/4983/11 4985/4985/11 4984/4984/11
f 4986/4986/7 4987/4987/7 4988/4988/7
f 4987/4987/7 4989/4989/7 4988/4988/7
f 4990/4990/11 4991/4991/11 4992/4992/11
f 4991/4991/11 4993/4993/11 4992/4992/11
f 4994/4994/7 4995/4995/7 4996/4996/7
f 4995/4995/7 4997/4997/7 4996/4996/7
f 4998/4998/12 4999/4999/12 5000/5000/12
f 4999/4999/12 5001/5001/12 5000/5000/12
f 5002/5002/11 5003/5003/11 5004/5004/11
f 5003/5003/11 5005/5005/11 5004/5004/11
f 5006/5006/11 5007/5007/11 5008/5008/11
f 5007/5007/11 5009/5009/11 5008/5008/11
f 5010/5010/10 5011/5011/10 5012/5012/10
f 5011/5011/10 5013/5013/10 5012/5012/10
f 5014/5014/10 5015/5015/10 5016/5016/10
f 5015/5015/10 5017/5017/10 5016/5016/10
f 5018/5018/11 5019/5019/11 5020/5020/11
f 5019/5019/11 5021/5021/11 5020/5020/11
f 5022/5022/12 5023/5023/12 5024/5024/12
f 5023/5023/12 5025/5025/12 5024/5024/12
f 5026/5026/7 5027/5027/7 5028/5028/7
f 5027/5027/7 5029/5029/7 5028/5028/7
f 5030/5030/11 5031/5031/11 5032/5032/11
f 5031/5031/11 5033/5033/11 5032/5032/11
f 5034/5034/8 5035/5035/8 5036/5036/8
f 5035/5035/8 5037/5037/8 5036/5036/8
f 5038/5038/11 5039/5039/11 5040/5040/11
f 5039/5039/11 5041/5041/11 5040/5040/11
f 5042/5042/444 5043/5043/444 5044/5044/445
f 5043/5043/444 5045/5045/445 5044/5044/445
f 5046/5046/11 5047/5047/11 5048/5048/11
f 5047/5047/11 5049/5049/11 5048/5048/11
f 5050/5050/12 5051/5051/12 5052/5052/12
f 5051/5051/12 5053/5053/12 5052/5052/12
f 5054/5054/7 5055/5055/7 5056/5056/7
f 5055/5055/7 5057/5057/7 5056/5056/7
f 5058/5058/7 5059/5059/7 5060/5060/7
f 5059/5059/7 5061/5061/7 5060/5060/7
f 5062/5062/11 5063/5063/11 5064/5064/11
f 5063/5063/11 5065/5065/11 5064/5064/11
f 5066/5066/12 5067/5067/12 5068/5068/12
f 5067/5067/12 5069/5069/12 5068/5068/12
f 5070/5070/10 5071/5071/10 5072/5072/10
f 5071/5071/10 5073/5073/10 5072/5072/10
f 5074/5074/11 5075/5075/11 5076/5076/11
f 5075/5075/11 5077/5077/11 5076/5076/11
f 5078/5078/7 5079/5079/7 5080/5080/7
f 5079/5079/7 5081/5081/7 5080/5080/7
f 5082/5082/11 5083/5083/11 5084/5084/11
f 5083/5083/11 5085/5085/11 5084/5084/11
f 5086/5086/11 5087/5087/11 5088/5088/11
f 5087/5087/11 5089/5089/11 5088/5088/11
f 5090/5090/8 5091/5091/8 5092/5092/8
f 5091/5091/8 5093/5093/8 5092/5092/8
f 5094/5094/8 5095/5095/8 5096/5096/8
f 5095/5095/8 5097/5097/8 5096/5096/8
f 5098/5098/11 5099/5099/11 5100/5100/11
f 5099/5099/11 5101/5101/11 5100/5100/11
f 5102/5102/7 5103/5103/7 5104/5104/7
f 5103/5103/7 5105/5105/7 5104/5104/7
f 5106/5106/12 5107/5107/12 5108/5108/12
f 5107/5107/12 5109/5109/12 5108/5108/12
f 5110/5110/11 5111/5111/11 5112/5112/11
f 5111/5111/11 5113/5113/11 5112/5112/11
f 5114/5114/10 5115/5115/10 5116/5116/10
f 5115/5115/10 5117/5117/10 5116/5116/10
f 5118/5118/11 5119/5119/11 5120/5120/444
f 5119/5119/11 5121/5121/444 5120/5120/444
f 5122/5122/445 5123/5123/445 5124/5124/11
f 5123/5123/445 5125/5125/11 5124/5124/11
f 5126/5126/11 5127/5127/11 5128/5128/11
f 5127/5127/11 5129/5129/11 5128/5128/11
f 5130/5130/12 5131/5131/12 5132/5132/12
f 5131/5131/12 5133/5133/12 5132/5132/12
f 5134/5134/12 5135/5135/12 5136/5136/12
f 5135/5135/12 5137/5137/12 5136/5136/12
f 5138/5138/11 5139/5139/11 5140/5140/11
f 5139/5139/11 5141/5141/11 5140/5140/11
f 5142/5142/7 5143/5143/7 5144/5144/7
f 5143/5143/7 5145/5145/7 5144/5144/7
f 5146/5146/7 5147/5147/7 5148/5148/7
f 5147/5147/7 5149/5149/7 5148/5148/7
f 5150/5150/446 5151/5151/446 5152/5152/446
f 5151/5151/446 5153/5153/446 5152/5152/446
f 5154/5154/447 5155/5155/447 5156/5156/447
f 5155/5155/447 5157/5157/447 5156/5156/447
f 5158/5158/448 5159/5159/448 5160/5160/448
f 5159/5159/448 5161/5161/448 5160/5160/448
f 5162/5162/449 5163/5163/449 5164/5164/449
f 5163/5163/449 5165/5165/449 5164/5164/449
f 5166/5166/12 5167/5167/12 5168/5168/12
f 5167/5167/12 5169/5169/12 5168/5168/12
f 5170/5170/450 5171/5171/450 5172/5172/450
f 5171/5171/450 5173/5173/450 5172/5172/450
f 5174/5174/451 5175/5175/451 5176/5176/451
f 5175/5175/451 5177/5177/451 5176/5176/451
f 5178/5178/452 5179/5179/452 5180/5180/452
f 5179/5179/452 5181/5181/452 5180/5180/452
f 5182/5182/453 5183/5183/453 5184/5184/453
f 5183/5183/453 5185/5185/453 5184/5184/453
f 5186/5186/451 5187/5187/451 5188/5188/451
f 5187/5187/451 5189/5189/451 5188/5188/451
f 5190/5190/454 5191/5191/454 5192/5192/454
f 5191/5191/454 5193/5193/454 5192/5192/454
f 5194/5194/450 5195/5195/450 5196/5196/450
f 5195/5195/450 5197/5197/450 5196/5196/450
f 5198/5198/455 5199/5199/455 5200/5200/455
f 5199/5199/455 5201/5201/455 5200/5200/455
f 5202/5202/320 5203/5203/320 5204/5204/320
f 5203/5203/320 5205/5205/320 5204/5204/320
f 5206/5206/10 5207/5207/10 5208/5208/10
f 5207/5207/10 5209/5209/10 5208/5208/10
f 5210/5210/7 5211/5211/7 5212/5212/7
f 5211/5211/7 5213/5213/7 5212/5212/7
f 5214/5214/11 5215/5215/11 5216/5216/11
f 5215/5215/11 5217/5217/11 5216/5216/11
f 5218/5218/9 5219/5219/9 5220/5220/9
f 5219/5219/9 5221/5221/9 5220/5220/9
f 5222/5222/7 5223/5223/7 5224/5224/7
f 5223/5223/7 5225/5225/7 5224/5224/7
f 5226/5226/7 5227/5227/7 5228/5228/7
f 5227/5227/7 5229/5229/7 5228/5228/7
f 5230/5230/8 5231/5231/8 5232/5232/8
f 5231/5231/8 5233/5233/8 5232/5232/8
f 5234/5234/8 5235/5235/8 5236/5236/8
f 5235/5235/8 5237/5237/8 5236/5236/8
f 5238/5238/7 5239/5239/7 5240/5240/7
f 5239/5239/7 5241/5241/7 5240/5240/7
f 5242/5242/9 5243/5243/9 5244/5244/9
f 5243/5243/9 5245/5245/9 5244/5244/9
f 5246/5246/11 5247/5247/11 5248/5248/11
f 5247/5247/11 5249/5249/11 5248/5248/11
f 5250/5250/7 5251/5251/373 5252/5252/7
f 5251/5251/373 5253/5253/373 5252/5252/7
f 5254/5254/10 5255/5255/10 5256/5256/10
f 5255/5255/10 5257/5257/10 5256/5256/10
f 5258/5258/7 5259/5259/7 5260/5260/7
f 5259/5259/7 5261/5261/7 5260/5260/7
f 5262/5262/7 5263/5263/7 5264/5264/7
f 5263/5263/7 5265/5265/7 5264/5264/7
f 5266/5266/372 5267/5267/7 5268/5268/372
f 5267/5267/7 5269/5269/7 5268/5268/372
f 5270/5270/445 5271/5271/445 5272/5272/444
f 5271/5271/445 5273/5273/444 5272/5272/444
f 5274/5274/11 5275/5275/11 5276/5276/11
f 5275/5275/11 5277/5277/11 5276/5276/11
f 5278/5278/7 5279/5279/7 5280/5280/7
f 5279/5279/7 5281/5281/7 5280/5280/7
f 5282/5282/9 5283/5283/9 5284/5284/9
f 5283/5283/9 5285/5285/9 5284/5284/9
f 5286/5286/9 5287/5287/9 5288/5288/9
f 5287/5287/9 5289/5289/9 5288/5288/9
f 5290/5290/7 5291/5291/7 5292/5292/7
f 5291/5291/7 5293/5293/7 5292/5292/7
f 5294/5294/11 5295/5295/11 5296/5296/11
f 5295/5295/11 5297/5297/11 5296/5296/11
f 5298/5298/7 5299/5299/7 5300/5300/7
f 5299/5299/7 5301/5301/7 5300/5300/7
f 5302/5302/10 5303/5303/10 5304/5304/10
f 5303/5303/10 5305/5305/10 5304/5304/10
f 5306/5306/9 5307/5307/9 5308/5308/9
f 5307/5307/9 5309/5309/9 5308/5308/9
f 5310/5310/9 5311/5311/9 5312/5312/9
f 5311/5311/9 5313/5313/9 5312/5312/9
f 5314/5314/7 5315/5315/7 5316/5316/7
f 5315/5315/7 5317/5317/7 5316/5316/7
f 5318/5318/11 5319/5319/11 5320/5320/11
f 5319/5319/11 5321/5321/11 5320/5320/11
f 5322/5322/10 5323/5323/10 5324/5324/10
f 5323/5323/10 5325/5325/10 5324/5324/10
f 5326/5326/12 5327/5327/12 5328/5328/12
f 5327/5327/12 5329/5329/12 5328/5328/12
f 5330/5330/8 5331/5331/8 5332/5332/8
f 5331/5331/8 5333/5333/8 5332/5332/8
f 5334/5334/11 5335/5335/11 5336/5336/11
f 5335/5335/11 5337/5337/11 5336/5336/11
f 5338/5338/12 5339/5339/12 5340/5340/12
f 5339/5339/12 5341/5341/12 5340/5340/12
f 5342/5342/8 5343/5343/8 5344/5344/8
f 5343/5343/8 5345/5345/8 5344/5344/8
f 5346/5346/11 5347/5347/11 5348/5348/11
f 5347/5347/11 5349/5349/11 5348/5348/11
f 5350/5350/10 5351/5351/10 5352/5352/10
f 5351/5351/10 5353/5353/10 5352/5352/10
f 5354/5354/8 5355/5355/8 5356/5356/8
f 5355/5355/8 5357/5357/8 5356/5356/8
f 5358/5358/9 5359/5359/9 5360/5360/9
f 5359/5359/9 5361/5361/9 5360/5360/9
f 5362/5362/9 5363/5363/9 5364/5364/9
f 5363/5363/9 5365/5365/9 5364/5364/9
f 5366/5366/10 5367/5367/10 5368/5368/10
f 5367/5367/10 5369/5369/10 5368/5368/10
f 5370/5370/12 5371/5371/12 5372/5372/12
f 5371/5371/12 5373/5373/12 5372/5372/12
f 5374/5374/10 5375/5375/10 5376/5376/10
f 5375/5375/10 5377/5377/10 5376/5376/10
f 5378/5378/10 5379/5379/10 5380/5380/10
f 5379/5379/10 5381/5381/10 5380/5380/10
f 5382/5382/7 5383/5383/7 5384/5384/7
f 5383/5383/7 5385/5385/7 5384/5384/7
f 5386/5386/7 5387/5387/7 5388/5388/7
f 5387/5387/7 5389/5389/7 5388/5388/7
f 5390/5390/8 5391/5391/8 5392/5392/8
f 5391/5391/8 5393/5393/8 5392/5392/8
f 5394/5394/7 5395/5395/7 5396/5396/7
f 5395/5395/7 5397/5397/7 5396/5396/7
f 5398/5398/10 5399/5399/10 5400/5400/10
f 5399/5399/10 5401/5401/10 5400/5400/10
f 5402/5402/8 5403/5403/8 5404/5404/8
f 5403/5403/8 5405/5405/8 5404/5404/8
f 5406/5406/11 5407/5407/11 5408/5408/11
f 5407/5407/11 5409/5409/11 5408/5408/11
f 5410/5410/9 5411/5411/9 5412/5412/9
f 5411/5411/9 5413/5413/9 5412/5412/9
f 5414/5414/10 5415/5415/10 5416/5416/10
f 5415/5415/10 5417/5417/10 5416/5416/10
f 5418/5418/8 5419/5419/8 5420/5420/8
f 5419/5419/8 5421/5421/8 5420/5420/8
f 5422/5422/11 5423/5423/11 5424/5424/11
f 5423/5423/11 5425/5425/11 5424/5424/11
f 5426/5426/9 5427/5427/9 5428/5428/9
f 5427/5427/9 5429/5429/9 5428/5428/9
f 5430/5430/10 5431/5431/10 5432/5432/10
f 5431/5431/10 5433/5433/10 5432/5432/10
f 5434/5434/8 5435/5435/8 5436/5436/8
f 5435/5435/8 5437/5437/8 5436/5436/8
f 5438/5438/11 5439/5439/11 5440/5440/11
f 5439/5439/11 5441/5441/11 5440/5440/11
f 5442/5442/9 5443/5443/9 5444/5444/9
f 5443/5443/9 5445/5445/9 5444/5444/9
f 5446/5446/10 5447/5447/10 5448/5448/10
f 5447/5447/10 5449/5449/10 5448/5448/10
f 5450/5450/8 5451/5451/8 5452/5452/8
f 5451/5451/8 5453/5453/8 5452/5452/8
f 5454/5454/11 5455/5455/11 5456/5456/11
f 5455/5455/11 5457/5457/11 5456/5456/11
f 5458/5458/9 5459/5459/9 5460/5460/9
f 5459/5459/9 5461/5461/9 5460/5460/9
f 5462/5462/10 5463/5463/10 5464/5464/10
f 5463/5463/10 5465/5465/10 5464/5464/10
f 5466/5466/8 5467/5467/8 5468/5468/8
f 5467/5467/8 5469/5469/8 5468/5468/8
f 5470/5470/12 5471/5471/12 5472/5472/12
f 5471/5471/12 5473/5473/12 5472/5472/12
f 5474/5474/7 5475/5475/7 5476/5476/7
f 5475/5475/7 5477/5477/7 5476/5476/7
f 5478/5478/10 5479/5479/10 5480/5480/10
f 5479/5479/10 5481/5481/10 5480/5480/10
f 5482/5482/8 5483/5483/8 5484/5484/8
f 5483/5483/8 5485/5485/8 5484/5484/8
f 5486/5486/12 5487/5487/12 5488/5488/12
f 5487/5487/12 5489/5489/12 5488/5488/12
f 5490/5490/7 5491/5491/7 5492/5492/7
f 5491/5491/7 5493/5493/7 5492/5492/7
f 5494/5494/10 5495/5495/10 5496/5496/10
f 5495/5495/10 5497/5497/10 5496/5496/10
f 5498/5498/8 5499/5499/8 5500/5500/8
f 5499/5499/8 5501/5501/8 5500/5500/8
f 5502/5502/9 5503/5503/9 5504/5504/9
f 5503/5503/9 5505/5505/9 5504/5504/9
f 5506/5506/11 5507/5507/11 5508/5508/11
f 5507/5507/11 5509/5509/11 5508/5508/11
f 5510/5510/10 5511/5511/10 5512/5512/10
f 5511/5511/10 5513/5513/10 5512/5512/10
f 5514/5514/8 5515/5515/8 5516/5516/8
f 5515/5515/8 5517/5517/8 5516/5516/8
f 5518/5518/9 5519/5519/9 5520/5520/9
f 5519/5519/9 5521/5521/9 5520/5520/9
f 5522/5522/11 5523/5523/11 5524/5524/11
f 5523/5523/11 5525/5525/11 5524/5524/11
f 5526/5526/10 5527/5527/10 5528/5528/10
f 5527/5527/10 5529/5529/10 5528/5528/10
f 5530/5530/8 5531/5531/8 5532/5532/8
f 5531/5531/8 5533/5533/8 5532/5532/8
f 5534/5534/7 5535/5535/7 5536/5536/7
f 5535/5535/7 5537/5537/7 5536/5536/7
f 5538/5538/12 5539/5539/12 5540/5540/12
f 5539/5539/12 5541/5541/12 5540/5540/12
f 5542/5542/10 5543/5543/10 5544/5544/10
f 5543/5543/10 5545/5545/10 5544/5544/10
f 5546/5546/8 5547/5547/8 5548/5548/8
f 5547/5547/8 5549/5549/8 5548/5548/8
f 5550/5550/7 5551/5551/7 5552/5552/7
f 5551/5551/7 5553/5553/7 5552/5552/7
f 5554/5554/12 5555/5555/12 5556/5556/12
f 5555/5555/12 5557/5557/12 5556/5556/12
f 5558/5558/10 5559/5559/10 5560/5560/10
f 5559/5559/10 5561/5561/10 5560/5560/10
f 5562/5562/8 5563/5563/8 5564/5564/8
f 5563/5563/8 5565/5565/8 5564/5564/8
f 5566/5566/11 5567/5567/11 5568/5568/11
f 5567/5567/11 5569/5569/11 5568/5568/11
f 5570/5570/9 5571/5571/9 5572/5572/9
f 5571/5571/9 5573/5573/9 5572/5572/9
f 5574/5574/10 5575/5575/10 5576/5576/10
f 5575/5575/10 5577/5577/10 5576/5576/10
f 5578/5578/8 5579/5579/8 5580/5580/8
f 5579/5579/8 5581/5581/8 5580/5580/8
f 5582/5582/11 5583/5583/11 5584/5584/11
f 5583/5583/11 5585/5585/11 5584/5584/11
f 5586/5586/9 5587/5587/9 5588/5588/9
f 5587/5587/9 5589/5589/9 5588/5588/9
f 5590/5590/10 5591/5591/10 5592/5592/10
f 5591/5591/10 5593/5593/10 5592/5592/10
f 5594/5594/8 5595/5595/8 5596/5596/8
f 5595/5595/8 5597/5597/8 5596/5596/8
f 5598/5598/12 5599/5599/12 5600/5600/12
f 5599/5599/12 5601/5601/12 5600/5600/12
f 5602/5602/7 5603/5603/7 5604/5604/7
f 5603/5603/7 5605/5605/7 5604/5604/7
f 5606/5606/10 5607/5607/10 5608/5608/10
f 5607/5607/10 5609/5609/10 5608/5608/10
f 5610/5610/8 5611/5611/8 5612/5612/8
f 5611/5611/8 5613/5613/8 5612/5612/8
f 5614/5614/12 5615/5615/12 5616/5616/12
f 5615/5615/12 5617/5617/12 5616/5616/12
f 5618/5618/7 5619/5619/7 5620/5620/7
f 5619/5619/7 5621/5621/7 5620/5620/7
f 5622/5622/10 5623/5623/10 5624/5624/10
f 5623/5623/10 5625/5625/10 5624/5624/10
f 5626/5626/8 5627/5627/8 5628/5628/8
f 5627/5627/8 5629/5629/8 5628/5628/8
f 5630/5630/12 5631/5631/12 5632/5632/12
f 5631/5631/12 5633/5633/12 5632/5632/12
f 5634/5634/7 5635/5635/7 5636/5636/7
f 5635/5635/7 5637/5637/7 5636/5636/7
f 5638/5638/10 5639/5639/10 5640/5640/10
f 5639/5639/10 5641/5641/10 5640/5640/10
f 5642/5642/8 5643/5643/8 5644/5644/8
f 5643/5643/8 5645/5645/8 5644/5644/8
f 5646/5646/12 5647/5647/12 5648/5648/12
f 5647/5647/12 5649/5649/12 5648/5648/12
f 5650/5650/7 5651/5651/7 5652/5652/7
f 5651/5651/7 5653/5653/7 5652/5652/7
f 5654/5654/10 5655/5655/10 5656/5656/10
f 5655/5655/10 5657/5657/10 5656/5656/10
f 5658/5658/8 5659/5659/8 5660/5660/8
f 5659/5659/8 5661/5661/8 5660/5660/8
f 5662/5662/12 5663/5663/12 5664/5664/12
f 5663/5663/12 5665/5665/12 5664/5664/12
f 5666/5666/7 5667/5667/7 5668/5668/7
f 5667/5667/7 5669/5669/7 5668/5668/7
f 5670/5670/10 5671/5671/10 5672/5672/10
f 5671/5671/10 5673/5673/10 5672/5672/10
f 5674/5674/9 5675/5675/9 5676/5676/9
f 5675/5675/9 5677/5677/9 5676/5676/9
f 5678/5678/9 5679/5679/9 5680/5680/9
f 5679/5679/9 5681/5681/9 5680/5680/9
f 5682/5682/12 5683/5683/12 5684/5684/12
f 5683/5683/12 5685/5685/12 5684/5684/12
f 5686/5686/9 5687/5687/9 5688/5688/9
f 5687/5687/9 5689/5689/9 5688/5688/9
f 5690/5690/12 5691/5691/12 5692/5692/12
f 5691/5691/12 5693/5693/12 5692/5692/12
f 5694/5694/9 5695/5695/9 5696/5696/9
f 5695/5695/9 5697/5697/9 5696/5696/9
f 5698/5698/10 5699/5699/10 5700/5700/10
f 5699/5699/10 5701/5701/10 5700/5700/10
f 5702/5702/12 5703/5703/12 5704/5704/12
f 5703/5703/12 5705/5705/12 5704/5704/12
f 5706/5706/9 5707/5707/9 5708/5708/9
f 5707/5707/9 5709/5709/9 5708/5708/9
f 5710/5710/11 5711/5711/11 5712/5712/11
f 5711/5711/11 5713/5713/11 5712/5712/11
f 5714/5714/12 5715/5715/12 5716/5716/12
f 5715/5715/12 5717/5717/12 5716/5716/12
f 5718/5718/9 5719/5719/9 5720/5720/9
f 5719/5719/9 5721/5721/9 5720/5720/9
f 5722/5722/12 5723/5723/12 5724/5724/12
f 5723/5723/12 5725/5725/12 5724/5724/12
f 5726/5726/11 5727/5727/11 5728/5728/11
f 5727/5727/11 5729/5729/11 5728/5728/11
f 5730/5730/12 5731/5731/12 5732/5732/12
f 5731/5731/12 5733/5733/12 5732/5732/12
f 5734/5734/9 5735/5735/9 5736/5736/9
f 5735/5735/9 5737/5737/9 5736/5736/9
f 5738/5738/7 5739/5739/7 5740/5740/7
f 5739/5739/7 5741/5741/7 5740/5740/7
f 5742/5742/7 5743/5743/7 5744/5744/7
f 5743/5743/7 5745/5745/7 5744/5744/7
f 5746/5746/7 5747/5747/7 5748/5748/7
f 5747/5747/7 5749/5749/7 5748/5748/7
f 5750/5750/12 5751/5751/12 5752/5752/12
f 5751/5751/12 5753/5753/12 5752/5752/12
f 5750/5750/12 5751/5751/12 5752/5752/12
f 5751/5751/12 5753/5753/12 5752/5752/12
f 5754/5754/8 5755/5755/8 5756/5756/8
f 5755/5755/8 5757/5757/8 5756/5756/8
f 5754/5754/8 5755/5755/8 5756/5756/8
f 5755/5755/8 5757/5757/8 5756/5756/8
f 5758/5758/12 5759/5759/12 5760/5760/12
f 5759/5759/12 5761/5761/12 5760/5760/12
f 5758/5758/12 5759/5759/12 5760/5760/12
f 5759/5759/12 5761/5761/12 5760/5760/12
f 5762/5762/10 5763/5763/10 5764/5764/10
f 5763/5763/10 5765/5765/10 5764/5764/10
f 5762/5762/10 5763/5763/10 5764/5764/10
f 5763/5763/10 5765/5765/10 5764/5764/10
f 5766/5766/9 5767/5767/9 5768/5768/9
f 5767/5767/9 5769/5769/9 5768/5768/9
f 5766/5766/9 5767/5767/9 5768/5768/9
f 5767/5767/9 5769/5769/9 5768/5768/9
f 5770/5770/8 5771/5771/8 5772/5772/8
f 5771/5771/8 5773/5773/8 5772/5772/8
f 5770/5770/8 5771/5771/8 5772/5772/8
f 5771/5771/8 5773/5773/8 5772/5772/8
f 5774/5774/10 5775/5775/10 5776/5776/10
f 5775/5775/10 5777/5777/10 5776/5776/10
f 5774/5774/10 5775/5775/10 5776/5776/10
f 5775/5775/10 5777/5777/10 5776/5776/10
f 5778/5778/9 5779/5779/9 5780/5780/9
f 5779/5779/9 5781/5781/9 5780/5780/9
f 5778/5778/9 5779/5779/9 5780/5780/9
f 5779/5779/9 5781/5781/9 5780/5780/9
f 5782/5782/7 5783/5783/7 5784/5784/7
f 5783/5783/7 5785/5785/7 5784/5784/7
f 5786/5786/8 5787/5787/8 5788/5788/8
f 5787/5787/8 5789/5789/8 5788/5788/8
f 5790/5790/9 5791/5791/9 5792/5792/9
f 5791/5791/9 5793/5793/9 5792/5792/9
f 5794/5794/10 5795/5795/10 5796/5796/10
f 5795/5795/10 5797/5797/10 5796/5796/10
f 5798/5798/9 5799/5799/9 5800/5800/9
f 5799/5799/9 5801/5801/9 5800/5800/9
f 5802/5802/8 5803/5803/8 5804/5804/8
f 5803/5803/8 5805/5805/8 5804/5804/8
f 5806/5806/7 5807/5807/7 5808/5808/7
f 5807/5807/7 5809/5809/7 5808/5808/7
f 5810/5810/10 5811/5811/10 5812/5812/10
f 5811/5811/10 5813/5813/10 5812/5812/10
f 5814/5814/10 5815/5815/10 5816/5816/10
f 5815/5815/10 5817/5817/10 5816/5816/10
f 5818/5818/11 5819/5819/11 5820/5820/11
f 5819/5819/11 5821/5821/11 5820/5820/11
f 5822/5822/8 5823/5823/8 5824/5824/8
f 5823/5823/8 5825/5825/8 5824/5824/8
f 5826/5826/11 5827/5827/11 5828/5828/11
f 5827/5827/11 5829/5829/11 5828/5828/11
f 5830/5830/7 5831/5831/7 5832/5832/7
f 5831/5831/7 5833/5833/7 5832/5832/7
f 5834/5834/10 5835/5835/10 5836/5836/10
f 5835/5835/10 5837/5837/10 5836/5836/10
f 5838/5838/8 5839/5839/8 5840/5840/8
f 5839/5839/8 5841/5841/8 5840/5840/8
f 5842/5842/7 5843/5843/7 5844/5844/7
f 5843/5843/7 5845/5845/7 5844/5844/7
f 5846/5846/9 5847/5847/9 5848/5848/9
f 5847/5847/9 5849/5849/9 5848/5848/9
f 5850/5850/9 5851/5851/9 5852/5852/9
f 5851/5851/9 5853/5853/9 5852/5852/9
f 5854/5854/7 5855/5855/7 5856/5856/7
f 5855/5855/7 5857/5857/7 5856/5856/7
f 5858/5858/7 5859/5859/7 5860/5860/7
f 5859/5859/7 5861/5861/7 5860/5860/7
f 5862/5862/9 5863/5863/9 5864/5864/9
f 5863/5863/9 5865/5865/9 5864/5864/9
f 5866/5866/9 5867/5867/9 5868/5868/9
f 5867/5867/9 5869/5869/9 5868/5868/9
f 5870/5870/12 5871/5871/12 5872/5872/12
f 5871/5871/12 5873/5873/12 5872/5872/12
f 5874/5874/12 5875/5875/12 5876/5876/12
f 5875/5875/12 5877/5877/12 5876/5876/12
f 5878/5878/9 5879/5879/9 5880/5880/9
f 5879/5879/9 5881/5881/9 5880/5880/9
f 5882/5882/9 5883/5883/9 5884/5884/9
f 5883/5883/9 5885/5885/9 5884/5884/9
f 5886/5886/12 5887/5887/12 5888/5888/12
f 5887/5887/12 5889/5889/12 5888/5888/12
f 5890/5890/9 5891/5891/9 5892/5892/9
f 5891/5891/9 5893/5893/9 5892/5892/9
f 5894/5894/8 5895/5895/8 5896/5896/8
f 5895/5895/8 5897/5897/8 5896/5896/8
f 5898/5898/9 5899/5899/9 5900/5900/9
f 5899/5899/9 5901/5901/9 5900/5900/9
f 5902/5902/9 5903/5903/9 5904/5904/371
f 5903/5903/9 5905/5905/371 5904/5904/371
f 5906/5906/8 5907/5907/8 5908/5908/8
f 5907/5907/8 5909/5909/8 5908/5908/8
f 5910/5910/12 5911/5911/12 5912/5912/12
f 5911/5911/12 5913/5913/12 5912/5912/12
f 5914/5914/10 5915/5915/10 5916/5916/10
f 5915/5915/10 5917/5917/10 5916/5916/10
f 5918/5918/9 5919/5919/9 5920/5920/9
f 5919/5919/9 5921/5921/9 5920/5920/9
f 5922/5922/9 5923/5923/9 5924/5924/9
f 5923/5923/9 5925/5925/9 5924/5924/9
f 5926/5926/7 5927/5927/7 5928/5928/7
f 5927/5927/7 5929/5929/7 5928/5928/7
f 5930/5930/7 5931/5931/7 5932/5932/7
f 5931/5931/7 5933/5933/7 5932/5932/7
f 5934/5934/371 5935/5935/9 5936/5936/331
f 5935/5935/9 5937/5937/331 5936/5936/331
f 5938/5938/9 5939/5939/9 5940/5940/9
f 5939/5939/9 5941/5941/9 5940/5940/9
f 5942/5942/7 5943/5943/7 5944/5944/7
f 5943/5943/7 5945/5945/7 5944/5944/7
f 5946/5946/9 5947/5947/9 5948/5948/9
f 5947/5947/9 5949/5949/9 5948/5948/9
f 5950/5950/10 5951/5951/10 5952/5952/10
f 5951/5951/10 5953/5953/10 5952/5952/10
f 5954/5954/366 5955/5955/366 5956/5956/366
f 5955/5955/366 5957/5957/366 5956/5956/366
f 5958/5958/365 5959/5959/365 5960/5960/365
f 5959/5959/365 5961/5961/365 5960/5960/365
f 5962/5962/9 5963/5963/9 5964/5964/9
f 5963/5963/9 5965/5965/9 5964/5964/9
f 5966/5966/392 5967/5967/392 5968/5968/392
f 5967/5967/392 5969/5969/392 5968/5968/392
f 5970/5970/391 5971/5971/391 5972/5972/391
f 5971/5971/391 5973/5973/391 5972/5972/391
f 5974/5974/390 5975/5975/390 5976/5976/390
f 5975/5975/390 5977/5977/390 5976/5976/390
f 5978/5978/389 5979/5979/389 5980/5980/389
f 5979/5979/389 5981/5981/389 5980/5980/389
f 5982/5982/11 5983/5983/11 5984/5984/11
f 5983/5983/11 5985/5985/11 5984/5984/11
f 5986/5986/382 5987/5987/382 5988/5988/382
f 5987/5987/382 5989/5989/382 5988/5988/382
f 5990/5990/370 5991/5991/370 5992/5992/370
f 5991/5991/370 5993/5993/370 5992/5992/370
f 5994/5994/381 5995/5995/381 5996/5996/381
f 5995/5995/381 5997/5997/381 5996/5996/381
f 5998/5998/381 5999/5999/381 6000/6000/381
f 5999/5999/381 6001/6001/381 6000/6000/381
f 6002/6002/382 6003/6003/382 6004/6004/382
f 6003/6003/382 6005/6005/382 6004/6004/382
f 6006/6006/380 6007/6007/380 6008/6008/380
f 6007/6007/380 6009/6009/380 6008/6008/380
f 6010/6010/379 6011/6011/379 6012/6012/379
f 6011/6011/379 6013/6013/379 6012/6012/379
f 6014/6014/7 6015/6015/7 6016/6016/7
f 6015/6015/7 6017/6017/7 6016/6016/7
f 6018/6018/456 6019/6019/456 6020/6020/456
f 6019/6019/456 6021/6021/456 6020/6020/456
f 6022/6022/81 6023/6023/81 6024/6024/81
f 6023/6023/81 6025/6025/81 6024/6024/81
f 6026/6026/12 6027/6027/12 6028/6028/12
f 6027/6027/12 6029/6029/12 6028/6028/12
f 6030/6030/12 6031/6031/12 6032/6032/12
f 6031/6031/12 6033/6033/12 6032/6032/12
f 6034/6034/457 6035/6035/457 6036/6036/457
f 6035/6035/457 6037/6037/457 6036/6036/457
f 6038/6038/458 6039/6039/458 6040/6040/458
f 6039/6039/458 6041/6041/458 6040/6040/458
f 6042/6042/459 6043/6043/459 6044/6044/459
f 6043/6043/459 6045/6045/459 6044/6044/459
f 6046/6046/460 6047/6047/460 6048/6048/460
f 6047/6047/460 6049/6049/460 6048/6048/460
f 6050/6050/7 6051/6051/7 6052/6052/7
f 6051/6051/7 6053/6053/7 6052/6052/7
f 6054/6054/461 6055/6055/461 6056/6056/461
f 6055/6055/461 6057/6057/461 6056/6056/461
f 6058/6058/462 6059/6059/462 6060/6060/462
f 6059/6059/462 6061/6061/462 6060/6060/462
f 6062/6062/463 6063/6063/463 6064/6064/463
f 6063/6063/463 6065/6065/463 6064/6064/463
f 6066/6066/464 6067/6067/465 6068/6068/465
f 6067/6067/465 6069/6069/465 6068/6068/465
f 6070/6070/466 6071/6071/466 6072/6072/466
f 6071/6071/466 6073/6073/466 6072/6072/466
f 6074/6074/12 6075/6075/12 6076/6076/12
f 6075/6075/12 6077/6077/12 6076/6076/12
f 6078/6078/56 6079/6079/56 6080/6080/56
f 6079/6079/56 6081/6081/56 6080/6080/56
f 6082/6082/467 6083/6083/467 6084/6084/467
f 6083/6083/467 6085/6085/467 6084/6084/467
f 6086/6086/468 6087/6087/468 6088/6088/468
f 6087/6087/468 6089/6089/468 6088/6088/468
f 6090/6090/108 6091/6091/108 6092/6092/108
f 6091/6091/108 6093/6093/108 6092/6092/108
f 6094/6094/469 6095/6095/469 6096/6096/469
f 6095/6095/469 6097/6097/469 6096/6096/469
f 6098/6098/470 6099/6099/470 6100/6100/470
f 6099/6099/470 6101/6101/470 6100/6100/470
f 6102/6102/55 6103/6103/55 6104/6104/55
f 6103/6103/55 6105/6105/55 6104/6104/55
f 6106/6106/471 6107/6107/471 6108/6108/471
f 6107/6107/471 6109/6109/471 6108/6108/471
f 6110/6110/111 6111/6111/111 6112/6112/111
f 6111/6111/111 6113/6113/111 6112/6112/111
f 6114/6114/60 6115/6115/60 6116/6116/60
f 6115/6115/60 6117/6117/60 6116/6116/60
f 6118/6118/472 6119/6119/472 6120/6120/472
f 6119/6119/472 6121/6121/472 6120/6120/472
f 6122/6122/473 6123/6123/473 6124/6124/473
f 6123/6123/473 6125/6125/473 6124/6124/473
f 6126/6126/64 6127/6127/64 6128/6128/64
f 6127/6127/64 6129/6129/64 6128/6128/64
f 6130/6130/131 6131/6131/131 6132/6132/131
f 6131/6131/131 6133/6133/131 6132/6132/131
f 6134/6134/474 6135/6135/474 6136/6136/474
f 6135/6135/474 6137/6137/474 6136/6136/474
f 6138/6138/9 6139/6139/9 6140/6140/9
f 6139/6139/9 6141/6141/9 6140/6140/9
f 6142/6142/351 6143/6143/351 6144/6144/351
f 6143/6143/351 6145/6145/351 6144/6144/351
f 6146/6146/352 6147/6147/352 6148/6148/352
f 6147/6147/352 6149/6149/352 6148/6148/352
f 6150/6150/51 6151/6151/51 6152/6152/51
f 6151/6151/51 6153/6153/51 6152/6152/51
f 6154/6154/456 6155/6155/456 6156/6156/456
f 6155/6155/456 6157/6157/456 6156/6156/456
f 6158/6158/12 6159/6159/12 6160/6160/12
f 6159/6159/12 6161/6161/12 6160/6160/12
f 6162/6162/12 6163/6163/12 6164/6164/12
f 6163/6163/12 6165/6165/12 6164/6164/12
f 6166/6166/475 6167/6167/475 6168/6168/475
f 6167/6167/475 6169/6169/475 6168/6168/475
f 6170/6170/476 6171/6171/476 6172/6172/476
f 6171/6171/476 6173/6173/476 6172/6172/476
f 6174/6174/477 6175/6175/477 6176/6176/477
f 6175/6175/477 6177/6177/477 6176/6176/477
f 6178/6178/478 6179/6179/478 6180/6180/478
f 6179/6179/478 6181/6181/478 6180/6180/478
f 6182/6182/7 6183/6183/7 6184/6184/7
f 6183/6183/7 6185/6185/7 6184/6184/7
f 6186/6186/12 6187/6187/12 6188/6188/12
f 6187/6187/12 6189/6189/12 6188/6188/12
f 6190/6190/459 6191/6191/459 6192/6192/459
f 6191/6191/459 6193/6193/459 6192/6192/459
f 6194/6194/460 6195/6195/460 6196/6196/460
f 6195/6195/460 6197/6197/460 6196/6196/460
f 6198/6198/457 6199/6199/457 6200/6200/457
f 6199/6199/457 6201/6201/457 6200/6200/457
f 6202/6202/458 6203/6203/458 6204/6204/458
f 6203/6203/458 6205/6205/458 6204/6204/458
f 6206/6206/7 6207/6207/7 6208/6208/7
f 6207/6207/7 6209/6209/7 6208/6208/7
f 6210/6210/334 6211/6211/334 6212/6212/334
f 6211/6211/334 6213/6213/334 6212/6212/334
f 6214/6214/9 6215/6215/9 6216/6216/9
f 6215/6215/9 6217/6217/9 6216/6216/9
f 6218/6218/9 6219/6219/9 6220/6220/9
f 6220/6220/9 6219/6219/9 6221/6221/9
f 6219/6219/9 6214/6214/9 6221/6221/9
f 6214/6214/9 6216/6216/9 6221/6221/9
f 6221/6221/9 6216/6216/9 6222/6222/9
f 6223/6223/12 6224/6224/12 6225/6225/12
f 6224/6224/12 6226/6226/12 6225/6225/12
f 6227/6227/12 6228/6228/12 6229/6229/12
f 6229/6229/12 6228/6228/12 6230/6230/12
f 6228/6228/12 6223/6223/12 6230/6230/12
f 6223/6223/12 6225/6225/12 6230/6230/12
f 6230/6230/12 6225/6225/12 6231/6231/12
f 6232/6232/11 6233/6233/11 6234/6234/11
f 6233/6233/11 6235/6235/11 6234/6234/11
f 6236/6236/11 6237/6237/11 6238/6238/11
f 6238/6238/11 6237/6237/11 6239/6239/11
f 6237/6237/11 6232/6232/11 6239/6239/11
f 6232/6232/11 6234/6234/11 6239/6239/11
f 6239/6239/11 6234/6234/11 6240/6240/11
f 6241/6241/7 6242/6242/373 6243/6243/7
f 6242/6242/373 6244/6244/7 6243/6243/7
f 6245/6245/7 6246/6246/7 6247/6247/7
f 6247/6247/7 6246/6246/7 6248/6248/7
f 6246/6246/7 6241/6241/7 6248/6248/7
f 6241/6241/7 6243/6243/7 6248/6248/7
f 6248/6248/7 6243/6243/7 6249/6249/7
f 6250/6250/12 6251/6251/12 6252/6252/12
f 6251/6251/12 6253/6253/12 6252/6252/12
f 6254/6254/12 6252/6252/12 6255/6255/12
f 6252/6252/12 6253/6253/12 6255/6255/12
f 6255/6255/12 6253/6253/12 6256/6256/12
f 6257/6257/12 6258/6258/12 6259/6259/12
f 6258/6258/12 6260/6260/12 6259/6259/12
f 6261/6261/12 6259/6259/12 6262/6262/12
f 6259/6259/12 6260/6260/12 6262/6262/12
f 6262/6262/12 6260/6260/12 6263/6263/12
f 6264/6264/7 6265/6265/7 6266/6266/7
f 6265/6265/7 6267/6267/7 6266/6266/7
f 6268/6268/7 6269/6269/7 6270/6270/7
f 6269/6269/7 6271/6271/7 6270/6270/7
f 6270/6270/7 6271/6271/7 6272/6272/7
f 6271/6271/7 6273/6273/7 6272/6272/7
f 6272/6272/7 6273/6273/7 6266/6266/7
f 6266/6266/7 6273/6273/7 6264/6264/7
f 6273/6273/7 6274/6274/7 6264/6264/7
f 6275/6275/9 6276/6276/9 6277/6277/9
f 6276/6276/9 6278/6278/9 6277/6277/9
f 6277/6277/9 6278/6278/9 6279/6279/9
f 6280/6280/7 6281/6281/7 6282/6282/7
f 6281/6281/7 6283/6283/7 6282/6282/7
f 6282/6282/7 6283/6283/7 6284/6284/7
f 6285/6285/9 6286/6286/9 6287/6287/9
f 6286/6286/9 6288/6288/9 6287/6287/9
f 6287/6287/9 6288/6288/9 6289/6289/9
f 6290/6290/11 6291/6291/11 6292/6292/11
f 6291/6291/11 6293/6293/11 6292/6292/11
f 6292/6292/11 6293/6293/11 6294/6294/11
f 6295/6295/9 6296/6296/9 6297/6297/9
f 6296/6296/9 6298/6298/9 6297/6297/9
f 6297/6297/9 6298/6298/9 6299/6299/9
f 6300/6300/11 6301/6301/11 6302/6302/11
f 6301/6301/11 6303/6303/11 6302/6302/11
f 6302/6302/11 6303/6303/11 6304/6304/11
f 6305/6305/9 6306/6306/9 6307/6307/9
f 6306/6306/9 6308/6308/9 6307/6307/9
f 6307/6307/9 6308/6308/9 6309/6309/9
f 6310/6310/9 6308/6308/9 6311/6311/9
f 6308/6308/9 6306/6306/9 6311/6311/9
f 6306/6306/9 6312/6312/9 6311/6311/9
f 6312/6312/9 6313/6313/9 6311/6311/9
f 6311/6311/9 6313/6313/9 6314/6314/9
f 6315/6315/9 6316/6316/9 6312/6312/9
f 6312/6312/9 6316/6316/9 6313/6313/9
f 6313/6313/9 6316/6316/9 6317/6317/9
f 6316/6316/9 6318/6318/9 6317/6317/9
f 6317/6317/9 6318/6318/9 6319/6319/9
f 6318/6318/9 6320/6320/9 6319/6319/9
f 6319/6319/9 6320/6320/9 6321/6321/9
f 6322/6322/9 6323/6323/9 6324/6324/9
f 6323/6323/9 6325/6325/9 6324/6324/9
f 6324/6324/9 6325/6325/9 6326/6326/9
f 6327/6327/9 6325/6325/9 6328/6328/9
f 6325/6325/9 6323/6323/9 6328/6328/9
f 6323/6323/9 6329/6329/9 6328/6328/9
f 6329/6329/9 6330/6330/9 6328/6328/9
f 6328/6328/9 6330/6330/9 6331/6331/9
f 6332/6332/9 6333/6333/9 6329/6329/9
f 6329/6329/9 6333/6333/9 6330/6330/9
f 6330/6330/9 6333/6333/9 6334/6334/9
f 6333/6333/9 6335/6335/9 6334/6334/9
f 6334/6334/9 6335/6335/9 6336/6336/9
f 6335/6335/9 6337/6337/331 6336/6336/9
f 6336/6336/9 6337/6337/331 6338/6338/9
f 6339/6339/7 6340/6340/7 6341/6341/7
f 6340/6340/7 6342/6342/7 6341/6341/7
f 6341/6341/7 6342/6342/7 6343/6343/372
f 6344/6344/7 6342/6342/7 6345/6345/7
f 6342/6342/7 6340/6340/7 6345/6345/7
f 6340/6340/7 6346/6346/7 6345/6345/7
f 6346/6346/7 6347/6347/7 6345/6345/7
f 6345/6345/7 6347/6347/7 6348/6348/7
f 6349/6349/7 6350/6350/7 6351/6351/7
f 6351/6351/7 6350/6350/7 6352/6352/7
f 6350/6350/7 6353/6353/7 6352/6352/7
f 6352/6352/7 6353/6353/7 6354/6354/7
f 6353/6353/7 6347/6347/7 6354/6354/7
f 6347/6347/7 6346/6346/7 6354/6354/7
f 6354/6354/7 6346/6346/7 6355/6355/7
f 6356/6356/7 6357/6357/7 6358/6358/7
f 6357/6357/7 6359/6359/7 6358/6358/7
f 6358/6358/7 6359/6359/7 6360/6360/7
f 6361/6361/7 6362/6362/7 6363/6363/7
f 6362/6362/7 6364/6364/7 6363/6363/7
f 6364/6364/7 6359/6359/7 6363/6363/7
f 6359/6359/7 6357/6357/7 6363/6363/7
f 6363/6363/7 6357/6357/7 6365/6365/7
f 6366/6366/7 6367/6367/7 6368/6368/7
f 6367/6367/7 6369/6369/7 6368/6368/7
f 6368/6368/7 6369/6369/7 6370/6370/7
f 6369/6369/7 6371/6371/7 6370/6370/7
f 6370/6370/7 6371/6371/7 6362/6362/7
f 6362/6362/7 6371/6371/7 6364/6364/7
f 6371/6371/7 6372/6372/7 6364/6364/7
f 6373/6373/7 6374/6374/7 6375/6375/7
f 6374/6374/7 6376/6376/7 6375/6375/7
f 6375/6375/7 6376/6376/7 6377/6377/372
f 6378/6378/7 6376/6376/7 6379/6379/7
f 6376/6376/7 6374/6374/7 6379/6379/7
f 6374/6374/7 6380/6380/7 6379/6379/7
f 6380/6380/7 6381/6381/7 6379/6379/7
f 6379/6379/7 6381/6381/7 6382/6382/7
f 6383/6383/7 6384/6384/7 6385/6385/7
f 6385/6385/7 6384/6384/7 6386/6386/7
f 6384/6384/7 6387/6387/7 6386/6386/7
f 6386/6386/7 6387/6387/7 6388/6388/7
f 6387/6387/7 6381/6381/7 6388/6388/7
f 6381/6381/7 6380/6380/7 6388/6388/7
f 6388/6388/7 6380/6380/7 6389/6389/7
f 6390/6390/12 6391/6391/12 6392/6392/12
f 6391/6391/12 6393/6393/12 6392/6392/12
f 6392/6392/12 6393/6393/12 6394/6394/12
f 6395/6395/479 6393/6393/12 6396/6396/12
f 6393/6393/12 6391/6391/12 6396/6396/12
f 6391/6391/12 6397/6397/12 6396/6396/12
f 6397/6397/12 6398/6398/12 6396/6396/12
f 6396/6396/12 6398/6398/12 6399/6399/12
f 6400/6400/12 6401/6401/12 6402/6402/12
f 6402/6402/12 6401/6401/12 6403/6403/12
f 6401/6401/12 6404/6404/12 6403/6403/12
f 6403/6403/12 6404/6404/12 6405/6405/12
f 6404/6404/12 6398/6398/12 6405/6405/12
f 6398/6398/12 6397/6397/12 6405/6405/12
f 6405/6405/12 6397/6397/12 6406/6406/12
f 6407/6407/11 6408/6408/11 6409/6409/11
f 6408/6408/11 6410/6410/11 6409/6409/11
f 6409/6409/11 6410/6410/11 6411/6411/11
f 6412/6412/11 6413/6413/11 6414/6414/11
f 6413/6413/11 6415/6415/11 6414/6414/11
f 6415/6415/11 6410/6410/11 6414/6414/11
f 6410/6410/11 6408/6408/11 6414/6414/11
f 6414/6414/11 6408/6408/11 6416/6416/11
f 6417/6417/11 6415/6415/11 6418/6418/11
f 6415/6415/11 6413/6413/11 6418/6418/11
f 6413/6413/11 6419/6419/11 6418/6418/11
f 6418/6418/11 6419/6419/11 6420/6420/11
f 6419/6419/11 6421/6421/11 6420/6420/11
f 6420/6420/11 6421/6421/11 6422/6422/445
f 6421/6421/11 6423/6423/11 6422/6422/445
f 6424/6424/12 6425/6425/12 6426/6426/12
f 6425/6425/12 6427/6427/12 6426/6426/12
f 6426/6426/12 6427/6427/12 6428/6428/12
f 6429/6429/12 6427/6427/12 6430/6430/12
f 6427/6427/12 6425/6425/12 6430/6430/12
f 6425/6425/12 6431/6431/12 6430/6430/12
f 6431/6431/12 6432/6432/12 6430/6430/12
f 6430/6430/12 6432/6432/12 6433/6433/12
f 6434/6434/12 6435/6435/12 6431/6431/12
f 6431/6431/12 6435/6435/12 6432/6432/12
f 6432/6432/12 6435/6435/12 6436/6436/12
f 6435/6435/12 6437/6437/12 6436/6436/12
f 6436/6436/12 6437/6437/12 6438/6438/12
f 6437/6437/12 6439/6439/12 6438/6438/12
f 6438/6438/12 6439/6439/12 6440/6440/12
f 6441/6441/11 6442/6442/11 6443/6443/11
f 6442/6442/11 6444/6444/11 6443/6443/11
f 6443/6443/11 6444/6444/11 6445/6445/11
f 6446/6446/11 6447/6447/11 6448/6448/11
f 6447/6447/11 6449/6449/11 6448/6448/11
f 6449/6449/11 6444/6444/11 6448/6448/11
f 6444/6444/11 6442/6442/11 6448/6448/11
f 6448/6448/11 6442/6442/11 6450/6450/11
f 6451/6451/11 6449/6449/11 6452/6452/11
f 6449/6449/11 6447/6447/11 6452/6452/11
f 6447/6447/11 6453/6453/11 6452/6452/11
f 6452/6452/11 6453/6453/11 6454/6454/11
f 6453/6453/11 6455/6455/11 6454/6454/11
f 6454/6454/11 6455/6455/11 6456/6456/445
f 6455/6455/11 6457/6457/11 6456/6456/445
f 6458/6458/11 6459/6459/11 6460/6460/11
f 6459/6459/11 6461/6461/11 6460/6460/11
f 6460/6460/11 6461/6461/11 6462/6462/11
f 6461/6461/11 6463/6463/11 6462/6462/11
f 6464/6464/7 6465/6465/7 6466/6466/7
f 6465/6465/7 6467/6467/7 6466/6466/7
f 6467/6467/7 6468/6468/7 6466/6466/7
f 6466/6466/7 6468/6468/7 6469/6469/7
f 6468/6468/7 6470/6470/7 6469/6469/7
f 6469/6469/7 6470/6470/7 6471/6471/7
f 6472/6472/12 6473/6473/12 6474/6474/12
f 6473/6473/12 6475/6475/12 6474/6474/12
f 6475/6475/12 6476/6476/12 6474/6474/12
f 6474/6474/12 6476/6476/12 6477/6477/12
f 6476/6476/12 6478/6478/12 6477/6477/12
f 6477/6477/12 6478/6478/12 6479/6479/12
f 6480/6480/11 6481/6481/11 6482/6482/11
f 6481/6481/11 6483/6483/11 6482/6482/11
f 6483/6483/11 6484/6484/11 6482/6482/11
f 6482/6482/11 6484/6484/11 6485/6485/11
f 6484/6484/11 6486/6486/11 6485/6485/11
f 6485/6485/11 6486/6486/11 6487/6487/11
f 6488/6488/11 6489/6489/11 6490/6490/11
f 6489/6489/11 6491/6491/11 6490/6490/11
f 6490/6490/11 6491/6491/11 6492/6492/11
f 6491/6491/11 6493/6493/11 6492/6492/11
f 6492/6492/11 6493/6493/11 6494/6494/11
f 6493/6493/11 6495/6495/11 6494/6494/11
f 6496/6496/7 6497/6497/7 6498/6498/7
f 6497/6497/7 6499/6499/7 6498/6498/7
f 6499/6499/7 6500/6500/7 6498/6498/7
f 6498/6498/7 6500/6500/7 6501/6501/7
f 6500/6500/7 6502/6502/7 6501/6501/7
f 6501/6501/7 6502/6502/7 6503/6503/7
f 6504/6504/7 6505/6505/7 6506/6506/7
f 6505/6505/7 6507/6507/7 6506/6506/7
f 6507/6507/7 6508/6508/7 6506/6506/7
f 6506/6506/7 6508/6508/7 6509/6509/7
f 6508/6508/7 6510/6510/7 6509/6509/7
f 6509/6509/7 6510/6510/7 6511/6511/7
f 6512/6512/11 6513/6513/11 6514/6514/11
f 6513/6513/11 6515/6515/11 6514/6514/11
f 6515/6515/11 6516/6516/11 6514/6514/11
f 6514/6514/11 6516/6516/11 6517/6517/11
f 6516/6516/11 6518/6518/11 6517/6517/11
f 6517/6517/11 6518/6518/11 6519/6519/11
f 6520/6520/12 6521/6521/12 6522/6522/12
f 6521/6521/12 6523/6523/12 6522/6522/12
f 6523/6523/12 6524/6524/12 6522/6522/12
f 6522/6522/12 6524/6524/12 6525/6525/12
f 6524/6524/12 6526/6526/12 6525/6525/12
f 6525/6525/12 6526/6526/12 6527/6527/12
f 6528/6528/12 6529/6529/12 6530/6530/12
f 6529/6529/12 6531/6531/12 6530/6530/12
f 6531/6531/12 6532/6532/12 6530/6530/12
f 6530/6530/12 6532/6532/12 6533/6533/12
f 6532/6532/12 6534/6534/12 6533/6533/12
f 6533/6533/12 6534/6534/12 6535/6535/12
f 6536/6536/7 6537/6537/7 6538/6538/7
f 6537/6537/7 6539/6539/7 6538/6538/7
f 6539/6539/7 6540/6540/7 6538/6538/7
f 6538/6538/7 6540/6540/7 6541/6541/7
f 6540/6540/7 6542/6542/7 6541/6541/7
f 6541/6541/7 6542/6542/7 6543/6543/7
f 6544/6544/7 6545/6545/7 6546/6546/7
f 6545/6545/7 6547/6547/7 6546/6546/7
f 6547/6547/7 6548/6548/7 6546/6546/7
f 6546/6546/7 6548/6548/7 6549/6549/7
f 6548/6548/7 6550/6550/7 6549/6549/7
f 6549/6549/7 6550/6550/7 6551/6551/7
f 6552/6552/9 6553/6553/9 6554/6554/9
f 6553/6553/9 6555/6555/9 6554/6554/9
f 6555/6555/9 6556/6556/9 6554/6554/9
f 6554/6554/9 6556/6556/9 6557/6557/9
f 6556/6556/9 6558/6558/9 6557/6557/9
f 6557/6557/9 6558/6558/9 6559/6559/9
f 6560/6560/11 6561/6561/11 6562/6562/11
f 6561/6561/11 6563/6563/11 6562/6562/11
f 6563/6563/11 6564/6564/11 6562/6562/11
f 6562/6562/11 6564/6564/11 6565/6565/11
f 6564/6564/11 6566/6566/11 6565/6565/11
f 6565/6565/11 6566/6566/11 6567/6567/11
f 6568/6568/11 6569/6569/11 6570/6570/11
f 6570/6570/11 6569/6569/11 6571/6571/11
f 6569/6569/11 6572/6572/11 6571/6571/11
f 6571/6571/11 6572/6572/11 6573/6573/11
f 6572/6572/11 6574/6574/11 6573/6573/11
f 6573/6573/11 6574/6574/11 6575/6575/11
f 6576/6576/11 6577/6577/11 6578/6578/11
f 6577/6577/11 6579/6579/11 6578/6578/11
f 6579/6579/11 6580/6580/11 6578/6578/11
f 6578/6578/11 6580/6580/11 6581/6581/11
f 6580/6580/11 6582/6582/11 6581/6581/11
f 6581/6581/11 6582/6582/11 6583/6583/11
f 6584/6584/9 6585/6585/9 6586/6586/9
f 6585/6585/9 6587/6587/9 6586/6586/9
f 6586/6586/9 6587/6587/9 6588/6588/9
f 6587/6587/9 6589/6589/9 6588/6588/9
f 6588/6588/9 6589/6589/9 6590/6590/9
f 6589/6589/9 6591/6591/9 6590/6590/9
f 6592/6592/12 6593/6593/12 6594/6594/12
f 6593/6593/12 6595/6595/12 6594/6594/12
f 6595/6595/12 6596/6596/12 6594/6594/12
f 6594/6594/12 6596/6596/12 6597/6597/12
f 6596/6596/12 6598/6598/12 6597/6597/12
f 6597/6597/12 6598/6598/12 6599/6599/12
f 6600/6600/11 6601/6601/11 6602/6602/11
f 6601/6601/11 6603/6603/11 6602/6602/11
f 6603/6603/11 6604/6604/11 6602/6602/11
f 6602/6602/11 6604/6604/11 6605/6605/11
f 6604/6604/11 6606/6606/11 6605/6605/11
f 6605/6605/11 6606/6606/11 6607/6607/11
f 6608/6608/11 6609/6609/11 6610/6610/11
f 6609/6609/11 6611/6611/11 6610/6610/11
f 6611/6611/11 6612/6612/11 6610/6610/11
f 6610/6610/11 6612/6612/11 6613/6613/11
f 6612/6612/11 6614/6614/11 6613/6613/11
f 6613/6613/11 6614/6614/11 6615/6615/11
f 6616/6616/9 6617/6617/9 6618/6618/9
f 6617/6617/9 6619/6619/9 6618/6618/9
f 6619/6619/9 6620/6620/9 6618/6618/9
f 6618/6618/9 6620/6620/9 6621/6621/9
f 6620/6620/9 6622/6622/9 6621/6621/9
f 6621/6621/9 6622/6622/9 6623/6623/9
f 6624/6624/12 6625/6625/12 6626/6626/12
f 6625/6625/12 6627/6627/12 6626/6626/12
f 6627/6627/12 6628/6628/12 6626/6626/12
f 6626/6626/12 6628/6628/12 6629/6629/12
f 6628/6628/12 6630/6630/12 6629/6629/12
f 6629/6629/12 6630/6630/12 6631/6631/12
f 6632/6632/7 6633/6633/7 6634/6634/7
f 6633/6633/7 6635/6635/7 6634/6634/7
f 6635/6635/7 6636/6636/7 6634/6634/7
f 6634/6634/7 6636/6636/7 6637/6637/7
f 6636/6636/7 6638/6638/7 6637/6637/7
f 6637/6637/7 6638/6638/7 6639/6639/7
f 6640/6640/7 6641/6641/7 6642/6642/7
f 6641/6641/7 6643/6643/7 6642/6642/7
f 6642/6642/7 6643/6643/7 6644/6644/7
f 6643/6643/7 6645/6645/7 6644/6644/7
f 6644/6644/7 6645/6645/7 6646/6646/7
f 6645/6645/7 6647/6647/7 6646/6646/7
f 6648/6648/7 6649/6649/7 6650/6650/7
f 6649/6649/7 6651/6651/7 6650/6650/7
f 6650/6650/7 6651/6651/7 6652/6652/7
f 6651/6651/7 6653/6653/7 6652/6652/7
f 6652/6652/7 6653/6653/7 6654/6654/7
f 6653/6653/7 6655/6655/7 6654/6654/7
f 6656/6656/12 6657/6657/12 6658/6658/12
f 6657/6657/12 6659/6659/12 6658/6658/12
f 6658/6658/12 6659/6659/12 6660/6660/12
f 6659/6659/12 6661/6661/12 6660/6660/12
f 6660/6660/12 6661/6661/12 6662/6662/12
f 6661/6661/12 6663/6663/12 6662/6662/12
f 6664/6664/12 6665/6665/12 6666/6666/12
f 6666/6666/12 6665/6665/12 6667/6667/12
f 6665/6665/12 6668/6668/12 6667/6667/12
f 6667/6667/12 6668/6668/12 6669/6669/12
f 6668/6668/12 6670/6670/12 6669/6669/12
f 6669/6669/12 6670/6670/12 6671/6671/12
f 6672/6672/7 6673/6673/7 6674/6674/7
f 6674/6674/7 6673/6673/7 6675/6675/7
f 6673/6673/7 6676/6676/7 6675/6675/7
f 6675/6675/7 6676/6676/7 6677/6677/7
f 6676/6676/7 6678/6678/7 6677/6677/7
f 6677/6677/7 6678/6678/7 6679/6679/7
f 6680/6680/12 6681/6681/12 6682/6682/12
f 6682/6682/12 6681/6681/12 6683/6683/12
f 6681/6681/12 6684/6684/12 6683/6683/12
f 6683/6683/12 6684/6684/12 6685/6685/12
f 6684/6684/12 6686/6686/12 6685/6685/12
f 6685/6685/12 6686/6686/12 6687/6687/12
f 6688/6688/12 6689/6689/12 6690/6690/12
f 6689/6689/12 6691/6691/12 6690/6690/12
f 6690/6690/12 6691/6691/12 6692/6692/12
f 6691/6691/12 6693/6693/12 6692/6692/12
f 6692/6692/12 6693/6693/12 6694/6694/12
f 6693/6693/12 6695/6695/12 6694/6694/12
f 6696/6696/12 6697/6697/12 6698/6698/12
f 6698/6698/12 6697/6697/12 6699/6699/12
f 6697/6697/12 6700/6700/12 6699/6699/12
f 6699/6699/12 6700/6700/12 6701/6701/12
f 6700/6700/12 6702/6702/12 6701/6701/12
f 6701/6701/12 6702/6702/12 6703/6703/480
f 6704/6704/12 6705/6705/12 6706/6706/12
f 6706/6706/12 6705/6705/12 6707/6707/12
f 6705/6705/12 6708/6708/12 6707/6707/12
f 6707/6707/12 6708/6708/12 6709/6709/12
f 6708/6708/12 6710/6710/12 6709/6709/12
f 6709/6709/12 6710/6710/12 6711/6711/12
f 6712/6712/11 6713/6713/11 6714/6714/11
f 6713/6713/11 6715/6715/11 6714/6714/11
f 6715/6715/11 6716/6716/11 6714/6714/11
f 6714/6714/11 6716/6716/11 6717/6717/11
f 6716/6716/11 6718/6718/11 6717/6717/11
f 6717/6717/11 6718/6718/11 6719/6719/11
f 6720/6720/9 6721/6721/9 6722/6722/9
f 6721/6721/9 6723/6723/9 6722/6722/9
f 6722/6722/9 6723/6723/9 6724/6724/9
f 6723/6723/9 6725/6725/9 6724/6724/9
f 6724/6724/9 6725/6725/9 6726/6726/9
f 6725/6725/9 6727/6727/9 6726/6726/9
f 6728/6728/7 6729/6729/7 6730/6730/7
f 6730/6730/7 6729/6729/7 6731/6731/7
f 6729/6729/7 6732/6732/7 6731/6731/7
f 6731/6731/7 6732/6732/7 6733/6733/7
f 6732/6732/7 6734/6734/7 6733/6733/7
f 6733/6733/7 6734/6734/7 6735/6735/7
f 6736/6736/7 6737/6737/7 6738/6738/7
f 6737/6737/7 6739/6739/7 6738/6738/7
f 6738/6738/7 6739/6739/7 6740/6740/7
f 6739/6739/7 6741/6741/7 6740/6740/7
f 6740/6740/7 6741/6741/7 6742/6742/7
f 6741/6741/7 6743/6743/7 6742/6742/7
f 6744/6744/12 6745/6745/12 6746/6746/12
f 6745/6745/12 6747/6747/12 6746/6746/12
f 6747/6747/12 6748/6748/12 6746/6746/12
f 6746/6746/12 6748/6748/12 6749/6749/12
f 6748/6748/12 6750/6750/12 6749/6749/12
f 6749/6749/12 6750/6750/12 6751/6751/12
f 6752/6752/9 6753/6753/9 6754/6754/9
f 6753/6753/9 6755/6755/9 6754/6754/9
f 6755/6755/9 6756/6756/9 6754/6754/9
f 6754/6754/9 6756/6756/9 6757/6757/9
f 6756/6756/9 6758/6758/9 6757/6757/9
f 6757/6757/9 6758/6758/9 6759/6759/9
f 6760/6760/11 6761/6761/11 6762/6762/11
f 6762/6762/11 6761/6761/11 6763/6763/11
f 6761/6761/11 6764/6764/11 6763/6763/11
f 6763/6763/11 6764/6764/11 6765/6765/11
f 6764/6764/11 6766/6766/11 6765/6765/11
f 6765/6765/11 6766/6766/11 6767/6767/11
f 6768/6768/9 6769/6769/9 6770/6770/9
f 6770/6770/9 6769/6769/9 6771/6771/9
f 6769/6769/9 6772/6772/9 6771/6771/9
f 6771/6771/9 6772/6772/9 6773/6773/9
f 6772/6772/9 6774/6774/9 6773/6773/9
f 6773/6773/9 6774/6774/9 6775/6775/9
f 6776/6776/11 6777/6777/11 6778/6778/11
f 6777/6777/11 6779/6779/11 6778/6778/11
f 6779/6779/11 6780/6780/11 6778/6778/11
f 6778/6778/11 6780/6780/11 6781/6781/11
f 6780/6780/11 6782/6782/11 6781/6781/11
f 6781/6781/11 6782/6782/11 6783/6783/11
f 6784/6784/11 6785/6785/11 6786/6786/11
f 6785/6785/11 6787/6787/11 6786/6786/11
f 6787/6787/11 6788/6788/11 6786/6786/11
f 6786/6786/11 6788/6788/11 6789/6789/11
f 6788/6788/11 6790/6790/11 6789/6789/11
f 6789/6789/11 6790/6790/11 6791/6791/11
f 6792/6792/7 6793/6793/7 6794/6794/7
f 6793/6793/7 6795/6795/7 6794/6794/7
f 6795/6795/7 6796/6796/7 6794/6794/7
f 6794/6794/7 6796/6796/7 6797/6797/7
f 6796/6796/7 6798/6798/7 6797/6797/7
f 6797/6797/7 6798/6798/7 6799/6799/7
f 6800/6800/11 6801/6801/11 6802/6802/11
f 6801/6801/11 6803/6803/11 6802/6802/11
f 6803/6803/11 6804/6804/11 6802/6802/11
f 6802/6802/11 6804/6804/11 6805/6805/11
f 6804/6804/11 6806/6806/11 6805/6805/11
f 6805/6805/11 6806/6806/11 6807/6807/11
f 6808/6808/7 6809/6809/7 6810/6810/7
f 6809/6809/7 6811/6811/7 6810/6810/7
f 6811/6811/7 6812/6812/7 6810/6810/7
f 6810/6810/7 6812/6812/7 6813/6813/7
f 6812/6812/7 6814/6814/7 6813/6813/7
f 6813/6813/7 6814/6814/7 6815/6815/7
f 6816/6816/7 6817/6817/7 6818/6818/7
f 6817/6817/7 6819/6819/7 6818/6818/7
f 6819/6819/7 6820/6820/7 6818/6818/7
f 6818/6818/7 6820/6820/7 6821/6821/7
f 6820/6820/7 6822/6822/7 6821/6821/7
f 6821/6821/7 6822/6822/7 6823/6823/7
f 6824/6824/9 6825/6825/9 6826/6826/9
f 6825/6825/9 6827/6827/9 6826/6826/9
f 6827/6827/9 6828/6828/9 6826/6826/9
f 6826/6826/9 6828/6828/9 6829/6829/9
f 6828/6828/9 6830/6830/9 6829/6829/9
f 6829/6829/9 6830/6830/9 6831/6831/9
f 6832/6832/7 6833/6833/7 6834/6834/7
f 6833/6833/7 6835/6835/7 6834/6834/7
f 6835/6835/7 6836/6836/7 6834/6834/7
f 6834/6834/7 6836/6836/7 6837/6837/7
f 6836/6836/7 6838/6838/7 6837/6837/7
f 6837/6837/7 6838/6838/7 6839/6839/7
f 6840/6840/9 6841/6841/9 6842/6842/9
f 6841/6841/9 6843/6843/9 6842/6842/9
f 6843/6843/9 6844/6844/9 6842/6842/9
f 6842/6842/9 6844/6844/9 6845/6845/9
f 6844/6844/9 6846/6846/9 6845/6845/9
f 6845/6845/9 6846/6846/9 6847/6847/9
f 6848/6848/11 6849/6849/11 6850/6850/11
f 6849/6849/11 6851/6851/11 6850/6850/11
f 6851/6851/11 6852/6852/11 6850/6850/11
f 6850/6850/11 6852/6852/11 6853/6853/11
f 6852/6852/11 6854/6854/11 6853/6853/11
f 6853/6853/11 6854/6854/11 6855/6855/11
f 6856/6856/12 6857/6857/12 6858/6858/12
f 6857/6857/12 6859/6859/12 6858/6858/12
f 6859/6859/12 6860/6860/12 6858/6858/12
f 6858/6858/12 6860/6860/12 6861/6861/12
f 6860/6860/12 6862/6862/12 6861/6861/12
f 6861/6861/12 6862/6862/12 6863/6863/12
f 6864/6864/12 6865/6865/12 6866/6866/12
f 6865/6865/12 6867/6867/12 6866/6866/12
f 6867/6867/12 6868/6868/12 6866/6866/12
f 6866/6866/12 6868/6868/12 6869/6869/12
f 6868/6868/12 6870/6870/12 6869/6869/12
f 6869/6869/12 6870/6870/12 6871/6871/12
f 6872/6872/11 6873/6873/11 6874/6874/11
f 6873/6873/11 6875/6875/11 6874/6874/11
f 6875/6875/11 6876/6876/11 6874/6874/11
f 6874/6874/11 6876/6876/11 6877/6877/11
f 6876/6876/11 6878/6878/11 6877/6877/11
f 6877/6877/11 6878/6878/11 6879/6879/11
f 6880/6880/9 6881/6881/9 6882/6882/9
f 6881/6881/9 6883/6883/9 6882/6882/9
f 6883/6883/9 6884/6884/9 6882/6882/9
f 6882/6882/9 6884/6884/9 6885/6885/9
f 6884/6884/9 6886/6886/9 6885/6885/9
f 6885/6885/9 6886/6886/9 6887/6887/9
f 6888/6888/12 6889/6889/12 6890/6890/12
f 6889/6889/12 6891/6891/12 6890/6890/12
f 6891/6891/12 6892/6892/12 6890/6890/12
f 6890/6890/12 6892/6892/12 6893/6893/12
f 6892/6892/12 6894/6894/12 6893/6893/12
f 6893/6893/12 6894/6894/12 6895/6895/12
f 6896/6896/12 6897/6897/12 6898/6898/12
f 6897/6897/12 6899/6899/12 6898/6898/12
f 6899/6899/12 6900/6900/12 6898/6898/12
f 6898/6898/12 6900/6900/12 6901/6901/12
f 6900/6900/12 6902/6902/12 6901/6901/12
f 6901/6901/12 6902/6902/12 6903/6903/12
f 6904/6904/11 6905/6905/11 6906/6906/11
f 6905/6905/11 6907/6907/11 6906/6906/11
f 6906/6906/11 6907/6907/11 6908/6908/11
f 6908/6908/11 6907/6907/11 6909/6909/11
f 6907/6907/11 6910/6910/11 6909/6909/11
f 6910/6910/11 6911/6911/11 6909/6909/11
f 6909/6909/11 6911/6911/11 6912/6912/11
f 6913/6913/12 6914/6914/12 6915/6915/12
f 6914/6914/12 6916/6916/12 6915/6915/12
f 6915/6915/12 6916/6916/12 6917/6917/12
f 6917/6917/12 6916/6916/12 6918/6918/12
f 6916/6916/12 6919/6919/12 6918/6918/12
f 6919/6919/12 6920/6920/12 6918/6918/12
f 6918/6918/12 6920/6920/12 6921/6921/12
f 6922/6922/7 6923/6923/7 6924/6924/7
f 6923/6923/7 6925/6925/7 6924/6924/7
f 6924/6924/7 6925/6925/7 6926/6926/7
f 6926/6926/7 6925/6925/7 6927/6927/7
f 6925/6925/7 6928/6928/7 6927/6927/7
f 6928/6928/7 6929/6929/7 6927/6927/7
f 6927/6927/7 6929/6929/7 6930/6930/7
f 6931/6931/9 6932/6932/9 6933/6933/9
f 6932/6932/9 6934/6934/9 6933/6933/9
f 6933/6933/9 6934/6934/9 6935/6935/9
f 6935/6935/9 6934/6934/9 6936/6936/9
f 6934/6934/9 6937/6937/9 6936/6936/9
f 6937/6937/9 6938/6938/9 6936/6936/9
f 6936/6936/9 6938/6938/9 6939/6939/9
o BarracksIntWalls:0
v 11.294256 14.879646 59.427547
v 21.330320 14.879646 59.427547
v 11.294256 5.410572 59.427547
v 21.330320 5.410572 59.427547
v 11.294256 0.445576 59.427547
v 21.330320 0.445576 59.427547
v 35.243114 5.410572 59.427547
v 35.243114 0.445576 59.427547
v 45.279179 5.410572 59.427547
v 45.279179 0.445576 59.427547
v 59.191975 5.410572 59.427547
v 59.191975 0.445576 59.427547
v 69.228035 5.410572 59.427547
v 69.228035 0.445576 59.427547
v 83.140831 5.410572 59.427547
v 83.140831 0.445576 59.427547
v 11.294256 21.245768 59.427547
v 21.330320 21.245768 59.427547
v 35.243114 21.245768 59.427547
v 35.243114 14.879646 59.427547
v 45.279179 21.245768 59.427547
v 45.279179 14.879646 59.427547
v 59.191975 21.245768 59.427547
v 59.191975 14.879646 59.427547
v 69.228035 21.245768 59.427547
v 69.228035 14.879646 59.427547
v 83.140831 21.245768 59.427547
v 83.140831 14.879646 59.427547
v 87.714256 21.245768 59.427547
v 87.714256 14.879646 59.427547
v 87.714256 5.410572 59.427547
v 87.714256 0.445576 59.427547
v -12.654602 14.879646 59.427547
v -2.618537 14.879646 59.427547
v -12.654602 5.410572 59.427547
v -2.618537 5.410572 59.427547
v -2.618537 21.245768 59.427547
v -12.654602 21.245768 59.427547
v -26.567396 14.879646 59.427547
v -26.567396 21.245768 59.427547
v -31.140827 21.245768 59.427547
v -31.140827 14.879646 59.427547
v -26.567396 5.410572 59.427547
v -31.140827 5.410572 59.427547
v -31.140827 0.445576 59.427547
v -26.567396 0.445576 59.427547
v -12.654602 0.445576 59.427547
v -2.618537 0.445576 59.427547
v -11.331147 5.410572 -59.427547
v 11.957715 5.410572 -59.427547
v -11.331147 14.879646 -59.427547
v 11.957715 14.879646 -59.427547
v 25.870508 5.410572 -59.427547
v 25.870508 0.445576 -59.427547
v 11.957715 0.445576 -59.427547
v -11.331147 0.445576 -59.427547
v -25.243940 5.410572 -59.427547
v -25.243940 0.445576 -59.427547
v 31.140827 0.445576 -59.427547
v 31.140827 5.410572 -59.427547
v 31.140827 14.879646 -59.427547
v 25.870508 14.879646 -59.427547
v 31.140827 21.245768 -59.427547
v 25.870508 21.245768 -59.427547
v 11.957715 21.245768 -59.427547
v -11.331147 21.245768 -59.427547
v -25.243940 21.245768 -59.427547
v -25.243940 14.879646 -59.427547
v -31.140827 21.245768 -59.427547
v -31.140827 14.879646 -59.427547
v -31.140827 5.410572 -59.427547
v -31.140827 0.445576 -59.427547
v 87.714256 14.879646 40.244431
v 87.714256 14.879646 16.955570
v 87.714256 5.410572 40.244431
v 87.714256 5.410572 16.955570
v 87.714256 5.410572 54.157227
v 87.714256 0.445576 54.157227
v 87.714256 0.445576 40.244431
v 87.714256 0.445576 16.955570
v 87.714256 5.410572 3.042775
v 87.714256 0.445576 3.042775
v 87.714256 0.445576 59.427547
v 87.714256 5.410572 59.427547
v 87.714256 14.879646 59.427547
v 87.714256 14.879646 54.157227
v 87.714256 21.245768 59.427547
v 87.714256 21.245768 54.157227
v 87.714256 21.245768 40.244431
v 87.714256 21.245768 16.955570
v 87.714256 21.245768 3.042775
v 87.714256 14.879646 3.042775
v 87.714256 21.245768 -2.854111
v 87.714256 14.879646 -2.854111
v 87.714256 5.410572 -2.854111
v 87.714256 0.445576 -2.854111
v 31.140827 5.410572 -40.941319
v 31.140827 5.410572 -30.905258
v 31.140827 14.879646 -40.941319
v 31.140827 14.879646 -30.905258
v 31.140827 14.879646 -54.854115
v 31.140827 21.245768 -54.854115
v 31.140827 21.245768 -40.941319
v 31.140827 21.245768 -30.905258
v 31.140827 14.879646 -16.992462
v 31.140827 21.245768 -16.992462
v 31.140827 21.245768 -59.427547
v 31.140827 14.879646 -59.427547
v 31.140827 5.410572 -54.854115
v 31.140827 5.410572 -59.427547
v 31.140827 0.445576 -59.427547
v 31.140827 0.445576 -54.854115
v 31.140827 0.445576 -40.941319
v 31.140827 0.445576 -30.905258
v 31.140827 0.445576 -16.992462
v 31.140827 5.410572 -16.992462
v 31.140827 0.445576 -2.854111
v 31.140827 5.410572 -2.854111
v 31.140827 14.879646 -2.854111
v 31.140827 21.245768 -2.854111
v 69.228035 14.879646 -2.854111
v 59.191975 14.879646 -2.854111
v 69.228035 5.410572 -2.854111
v 59.191975 5.410572 -2.854111
v 83.140831 5.410572 -2.854111
v 83.140831 0.445576 -2.854111
v 69.228035 0.445576 -2.854111
v 59.191975 0.445576 -2.854111
v 45.279179 5.410572 -2.854111
v 45.279179 0.445576 -2.854111
v 87.714256 0.445576 -2.854111
v 87.714256 5.410572 -2.854111
v 87.714256 14.879646 -2.854111
v 83.140831 14.879646 -2.854111
v 87.714256 21.245768 -2.854111
v 83.140831 21.245768 -2.854111
v 69.228035 21.245768 -2.854111
v 59.191975 21.245768 -2.854111
v 45.279179 21.245768 -2.854111
v 45.279179 14.879646 -2.854111
v 31.140827 21.245768 -2.854111
v 31.140827 14.879646 -2.854111
v 31.140827 5.410572 -2.854111
v 31.140827 0.445576 -2.854111
v -31.140827 14.879646 6.956397
v -31.140827 14.879646 16.992460
v -31.140827 5.410572 6.956397
v -31.140827 5.410572 16.992460
v -31.140827 21.245768 16.992460
v -31.140827 21.245768 30.905256
v -31.140827 14.879646 30.905256
v -31.140827 21.245768 40.941319
v -31.140827 14.879646 40.941319
v -31.140827 21.245768 54.854115
v -31.140827 14.879646 54.854115
v -31.140827 21.245768 59.427547
v -31.140827 14.879646 59.427547
v -31.140827 5.410572 54.854115
v -31.140827 5.410572 59.427547
v -31.140827 0.445576 59.427547
v -31.140827 5.410572 30.905256
v -31.140827 5.410572 40.941319
v -31.140827 0.445576 54.854115
v -31.140827 0.445576 40.941319
v -31.140827 0.445576 30.905256
v -31.140827 0.445576 16.992460
v -31.140827 0.445576 6.956397
v -31.140827 0.445576 -6.956399
v -31.140827 5.410572 -6.956399
v -31.140827 0.445576 -16.992462
v -31.140827 5.410572 -16.992462
v -31.140827 0.445576 -30.905258
v -31.140827 5.410572 -30.905258
v -31.140827 0.445576 -40.941319
v -31.140827 5.410572 -40.941319
v -31.140827 0.445576 -54.854115
v -31.140827 14.879646 -6.956399
v -31.140827 14.879646 -16.992462
v -31.140827 5.410572 -54.854115
v -31.140827 0.445576 -59.427547
v -31.140827 5.410572 -59.427547
v -31.140827 14.879646 -59.427547
v -31.140827 14.879646 -54.854115
v -31.140827 21.245768 -59.427547
v -31.140827 21.245768 -54.854115
v -31.140827 21.245768 -40.941319
v -31.140827 14.879646 -40.941319
v -31.140827 21.245768 -30.905258
v -31.140827 14.879646 -30.905258
v -31.140827 21.245768 -16.992462
v -31.140827 21.245768 -6.956399
v -31.140827 21.245768 6.956397
v 10.474269 5.410573 35.617626
v 10.474269 14.914031 35.617626
v -26.063929 5.410573 35.617626
v -26.063929 14.890062 35.617626
v -31.140827 0.445576 35.617626
v -26.063929 0.445576 35.617626
v -31.140827 5.410573 35.617626
v -31.140827 14.886733 35.617626
v -31.140827 21.245768 35.617626
v -26.063929 21.245768 35.617626
v 10.474269 21.245768 35.617626
v 16.371155 21.245768 35.617626
v 16.371155 14.897265 35.617626
v 16.371155 5.410573 35.617626
v 16.371155 0.445576 35.617626
v 10.474269 0.445576 35.617626
v -25.243940 5.410573 35.126087
v -25.243940 14.914031 35.126087
v 11.294256 5.410573 35.126087
v 11.294256 14.890062 35.126087
v 16.371155 0.445576 35.126087
v 11.294256 0.445576 35.126087
v 16.371155 5.410573 35.126087
v 16.371155 14.886733 35.126087
v 16.371155 21.245768 35.126087
v 11.294256 21.245768 35.126087
v -25.243940 21.245768 35.126087
v -31.140827 21.245768 35.126087
v -31.140827 14.897265 35.126087
v -31.140827 5.410573 35.126087
v -31.140827 0.445576 35.126087
v -25.243940 0.445576 35.126087
v 16.795332 21.245768 35.617626
v 16.795332 21.245768 42.309185
v 16.795332 14.897265 35.617626
v 16.795332 16.649336 42.309185
v 16.795332 5.410573 42.309185
v 16.795332 5.410573 35.617626
v 16.795332 0.445576 42.309185
v 16.795332 0.445576 35.617626
v 16.795332 0.445576 59.427547
v 16.795332 0.445576 52.040234
v 16.795332 5.410573 59.427547
v 16.795332 5.410573 52.040234
v 16.795332 16.649336 52.040234
v 16.795332 14.879648 59.427547
v 16.795332 21.245768 59.427547
v 16.795332 21.245768 52.040234
v 16.371155 21.245768 59.427547
v 16.371155 21.245768 52.040234
v 16.371155 14.879648 59.427547
v 16.371155 16.649336 52.040234
v 16.371155 5.410573 52.040234
v 16.371155 5.410573 59.427547
v 16.371155 0.445576 52.040234
v 16.371155 0.445576 59.427547
v 16.371155 0.445576 35.617626
v 16.371155 0.445576 42.309185
v 16.371155 5.410573 35.617626
v 16.371155 5.410573 42.309185
v 16.371155 16.649336 42.309185
v 16.371155 14.879648 35.617626
v 16.371155 21.245768 35.617626
v 16.371155 21.245768 42.309185
vt 2.032465 0.695089
vt 2.513151 0.695089
vt 2.032465 0.241560
vt 2.513151 0.241560
vt 2.032465 0.000000
vt 2.513151 0.000000
vt 3.179517 0.241560
vt 3.179517 0.000000
vt 3.660203 0.241560
vt 3.660203 0.000000
vt 4.326568 0.241560
vt 4.326568 0.000000
vt 4.807254 0.241560
vt 4.807254 0.000000
vt 5.473619 0.241560
vt 5.473619 0.000000
vt 2.032465 1.000000
vt 2.513151 1.000000
vt 3.179517 1.000000
vt 3.179517 0.695089
vt 3.660203 1.000000
vt 3.660203 0.695089
vt 4.326568 1.000000
vt 4.326568 0.695089
vt 4.807254 1.000000
vt 4.807254 0.695089
vt 5.473619 1.000000
vt 5.473619 0.695089
vt 5.692668 1.000000
vt 5.692668 0.695089
vt 5.692668 0.241560
vt 5.692668 0.000000
vt 0.885414 0.695089
vt 1.366100 0.695089
vt 0.885414 0.241560
vt 1.366100 0.241560
vt 1.366100 1.000000
vt 0.885414 1.000000
vt 0.219048 0.695089
vt 0.219048 1.000000
vt 0.000000 1.000000
vt 0.000000 0.695089
vt 0.219048 0.241560
vt 0.000000 0.241560
vt 0.000000 0.000000
vt 0.219048 0.000000
vt 0.885414 0.000000
vt 1.366100 0.000000
vt 0.953104 0.238121
vt 2.073601 0.238121
vt 0.953104 0.693707
vt 2.073601 0.693707
vt 2.742988 0.238121
vt 2.742988 0.000000
vt 2.073601 0.000000
vt 0.953104 0.000000
vt 0.283717 0.238121
vt 0.283717 0.000000
vt 2.996559 0.000000
vt 2.996559 0.238121
vt 2.996559 0.693707
vt 2.742988 0.693707
vt 2.996559 1.000000
vt 2.742988 1.000000
vt 2.073601 1.000000
vt 0.953104 1.000000
vt 0.283717 1.000000
vt 0.283717 0.693707
vt 0.000000 1.000000
vt 0.000000 0.693707
vt 0.000000 0.238121
vt 0.000000 0.000000
vt 2.073601 0.693707
vt 0.953104 0.693707
vt 2.073601 0.238121
vt 0.953104 0.238121
vt 2.742988 0.238121
vt 2.742988 0.000000
vt 2.073601 0.000000
vt 0.953104 0.000000
vt 0.283717 0.238121
vt 0.283717 0.000000
vt 2.996559 0.000000
vt 2.996559 0.238121
vt 2.996559 0.693707
vt 2.742988 0.693707
vt 2.996559 1.000000
vt 2.742988 1.000000
vt 2.073601 1.000000
vt 0.953104 1.000000
vt 0.283717 1.000000
vt 0.283717 0.693707
vt 0.000000 1.000000
vt 0.000000 0.693707
vt 0.000000 0.238121
vt 0.000000 0.000000
vt 2.107131 0.238121
vt 1.624265 0.238121
vt 2.107131 0.693707
vt 1.624265 0.693707
vt 2.776517 0.693707
vt 2.776517 1.000000
vt 2.107131 1.000000
vt 1.624265 1.000000
vt 0.954879 0.693707
vt 0.954879 1.000000
vt 2.996559 1.000000
vt 2.996559 0.693707
vt 2.776517 0.238121
vt 2.996559 0.238121
vt 2.996559 0.000000
vt 2.776517 0.000000
vt 2.107131 0.000000
vt 1.624265 0.000000
vt 0.954879 0.000000
vt 0.954879 0.238121
vt 0.274640 0.000000
vt 0.274640 0.238121
vt 0.274640 0.693707
vt 0.274640 1.000000
vt 0.889428 0.693707
vt 1.372294 0.693707
vt 0.889428 0.238121
vt 1.372294 0.238121
vt 0.220042 0.238121
vt 0.220042 0.000000
vt 0.889428 0.000000
vt 1.372294 0.000000
vt 2.041680 0.238121
vt 2.041680 0.000000
vt 0.000000 0.000000
vt 0.000000 0.238121
vt 0.000000 0.693707
vt 0.220042 0.693707
vt 0.000000 1.000000
vt 0.220042 1.000000
vt 0.889428 1.000000
vt 1.372294 1.000000
vt 2.041680 1.000000
vt 2.041680 0.693707
vt 2.721919 1.000000
vt 2.721919 0.693707
vt 2.721919 0.238121
vt 2.721919 0.000000
vt 2.513151 0.695089
vt 2.032465 0.695089
vt 2.513151 0.241560
vt 2.032465 0.241560
vt 2.032465 1.000000
vt 1.366100 1.000000
vt 1.366100 0.695089
vt 0.885414 1.000000
vt 0.885414 0.695089
vt 0.219048 1.000000
vt 0.219048 0.695089
vt 0.000000 1.000000
vt 0.000000 0.695089
vt 0.219048 0.241560
vt 0.000000 0.241560
vt 0.000000 0.000000
vt 1.366100 0.241560
vt 0.885414 0.241560
vt 0.219048 0.000000
vt 0.885414 0.000000
vt 1.366100 0.000000
vt 2.032465 0.000000
vt 2.513151 0.000000
vt 3.179517 0.000000
vt 3.179517 0.241560
vt 3.660203 0.000000
vt 3.660203 0.241560
vt 4.326568 0.000000
vt 4.326568 0.241560
vt 4.807254 0.000000
vt 4.807254 0.241560
vt 5.473619 0.000000
vt 3.179517 0.695089
vt 3.660203 0.695089
vt 5.473619 0.241560
vt 5.692668 0.000000
vt 5.692668 0.241560
vt 5.692668 0.695089
vt 5.473619 0.695089
vt 5.692668 1.000000
vt 5.473619 1.000000
vt 4.807254 1.000000
vt 4.807254 0.695089
vt 4.326568 1.000000
vt 4.326568 0.695089
vt 3.660203 1.000000
vt 3.179517 1.000000
vt 2.513151 1.000000
vt -3.137576 0.238700
vt -3.137576 0.698783
vt -1.379613 0.238700
vt -1.379613 0.697630
vt -1.135348 0.000000
vt -1.379613 0.000000
vt -1.135348 0.238700
vt -1.135348 0.697470
vt -1.135348 1.000000
vt -1.379613 1.000000
vt -3.137576 1.000000
vt -3.421293 1.000000
vt -3.421293 0.694786
vt -3.421293 0.238700
vt -3.421293 0.000000
vt -3.137576 0.000000
vt -3.137576 0.238700
vt -3.137576 0.698783
vt -1.379613 0.238700
vt -1.379613 0.697630
vt -1.135348 0.000000
vt -1.379613 0.000000
vt -1.135348 0.238700
vt -1.135348 0.697470
vt -1.135348 1.000000
vt -1.379613 1.000000
vt -3.137576 1.000000
vt -3.421293 1.000000
vt -3.421293 0.694786
vt -3.421293 0.238700
vt -3.421293 0.000000
vt -3.137576 0.000000
vt 0.956248 1.000000
vt 1.278199 1.000000
vt 0.956248 0.757803
vt 1.278199 0.779020
vt 1.278199 0.238700
vt 0.956248 0.238700
vt 1.278199 0.000000
vt 0.956248 0.000000
vt 2.101815 0.000000
vt 1.746389 0.000000
vt 2.101815 0.238700
vt 1.746389 0.238700
vt 1.746390 0.779020
vt 2.101815 0.693939
vt 2.101815 1.000000
vt 1.746389 1.000000
vt 0.894744 1.000000
vt 1.250170 1.000000
vt 0.894744 0.693939
vt 1.250170 0.779020
vt 1.250170 0.238700
vt 0.894744 0.238700
vt 1.250170 0.000000
vt 0.894744 0.000000
vt 2.040311 0.000000
vt 1.718360 0.000000
vt 2.040311 0.238700
vt 1.718360 0.238700
vt 1.718360 0.779020
vt 2.040311 0.693939
vt 2.040311 1.000000
vt 1.718360 1.000000
vn 0.0000 0.0000 -1.0000
vn 0.0000 0.0000 1.0000
vn -1.0000 0.0000 0.0000
vn 1.0000 0.0000 0.0000
usemtl noname.004
s 1
f 6940/6940/481 6941/6941/481 6942/6942/481
f 6941/6941/481 6943/6943/481 6942/6942/481
f 6942/6942/481 6943/6943/481 6944/6944/481
f 6944/6944/481 6943/6943/481 6945/6945/481
f 6943/6943/481 6946/6946/481 6945/6945/481
f 6945/6945/481 6946/6946/481 6947/6947/481
f 6946/6946/481 6948/6948/481 6947/6947/481
f 6947/6947/481 6948/6948/481 6949/6949/481
f 6948/6948/481 6950/6950/481 6949/6949/481
f 6949/6949/481 6950/6950/481 6951/6951/481
f 6950/6950/481 6952/6952/481 6951/6951/481
f 6951/6951/481 6952/6952/481 6953/6953/481
f 6952/6952/481 6954/6954/481 6953/6953/481
f 6953/6953/481 6954/6954/481 6955/6955/481
f 6956/6956/481 6957/6957/481 6940/6940/481
f 6940/6940/481 6957/6957/481 6941/6941/481
f 6957/6957/481 6958/6958/481 6941/6941/481
f 6941/6941/481 6958/6958/481 6959/6959/481
f 6958/6958/481 6960/6960/481 6959/6959/481
f 6959/6959/481 6960/6960/481 6961/6961/481
f 6960/6960/481 6962/6962/481 6961/6961/481
f 6961/6961/481 6962/6962/481 6963/6963/481
f 6962/6962/481 6964/6964/481 6963/6963/481
f 6963/6963/481 6964/6964/481 6965/6965/481
f 6964/6964/481 6966/6966/481 6965/6965/481
f 6965/6965/481 6966/6966/481 6967/6967/481
f 6966/6966/481 6968/6968/481 6967/6967/481
f 6968/6968/481 6969/6969/481 6967/6967/481
f 6967/6967/481 6969/6969/481 6954/6954/481
f 6969/6969/481 6970/6970/481 6954/6954/481
f 6954/6954/481 6970/6970/481 6955/6955/481
f 6970/6970/481 6971/6971/481 6955/6955/481
f 6948/6948/481 6946/6946/481 6961/6961/481
f 6946/6946/481 6959/6959/481 6961/6961/481
f 6952/6952/481 6950/6950/481 6965/6965/481
f 6950/6950/481 6963/6963/481 6965/6965/481
f 6972/6972/481 6973/6973/481 6974/6974/481
f 6973/6973/481 6975/6975/481 6974/6974/481
f 6940/6940/481 6973/6973/481 6956/6956/481
f 6956/6956/481 6973/6973/481 6976/6976/481
f 6973/6973/481 6972/6972/481 6976/6976/481
f 6976/6976/481 6972/6972/481 6977/6977/481
f 6972/6972/481 6978/6978/481 6977/6977/481
f 6977/6977/481 6978/6978/481 6979/6979/481
f 6979/6979/481 6978/6978/481 6980/6980/481
f 6980/6980/481 6978/6978/481 6981/6981/481
f 6978/6978/481 6982/6982/481 6981/6981/481
f 6981/6981/481 6982/6982/481 6983/6983/481
f 6983/6983/481 6982/6982/481 6984/6984/481
f 6984/6984/481 6982/6982/481 6985/6985/481
f 6982/6982/481 6974/6974/481 6985/6985/481
f 6985/6985/481 6974/6974/481 6986/6986/481
f 6974/6974/481 6975/6975/481 6986/6986/481
f 6986/6986/481 6975/6975/481 6987/6987/481
f 6975/6975/481 6942/6942/481 6987/6987/481
f 6987/6987/481 6942/6942/481 6944/6944/481
f 6988/6988/482 6989/6989/482 6990/6990/482
f 6989/6989/482 6991/6991/482 6990/6990/482
f 6992/6992/482 6989/6989/482 6993/6993/482
f 6993/6993/482 6989/6989/482 6994/6994/482
f 6989/6989/482 6988/6988/482 6994/6994/482
f 6994/6994/482 6988/6988/482 6995/6995/482
f 6988/6988/482 6996/6996/482 6995/6995/482
f 6995/6995/482 6996/6996/482 6997/6997/482
f 6993/6993/482 6998/6998/482 6992/6992/482
f 6998/6998/482 6999/6999/482 6992/6992/482
f 6999/6999/482 7000/7000/482 6992/6992/482
f 6992/6992/482 7000/7000/482 7001/7001/482
f 7000/7000/482 7002/7002/482 7001/7001/482
f 7002/7002/482 7003/7003/482 7001/7001/482
f 7003/7003/482 7004/7004/482 7001/7001/482
f 7001/7001/482 7004/7004/482 6991/6991/482
f 7004/7004/482 7005/7005/482 6991/6991/482
f 6991/6991/482 7005/7005/482 6990/6990/482
f 7005/7005/482 7006/7006/482 6990/6990/482
f 6990/6990/482 7006/7006/482 7007/7007/482
f 7006/7006/482 7008/7008/482 7007/7007/482
f 7008/7008/482 7009/7009/482 7007/7007/482
f 7007/7007/482 7009/7009/482 6996/6996/482
f 7009/7009/482 7010/7010/482 6996/6996/482
f 6996/6996/482 7010/7010/482 6997/6997/482
f 7010/7010/482 7011/7011/482 6997/6997/482
f 7012/7012/483 7013/7013/483 7014/7014/483
f 7013/7013/483 7015/7015/483 7014/7014/483
f 7016/7016/483 7014/7014/483 7017/7017/483
f 7017/7017/483 7014/7014/483 7018/7018/483
f 7014/7014/483 7015/7015/483 7018/7018/483
f 7018/7018/483 7015/7015/483 7019/7019/483
f 7015/7015/483 7020/7020/483 7019/7019/483
f 7019/7019/483 7020/7020/483 7021/7021/483
f 7017/7017/483 7022/7022/483 7016/7016/483
f 7022/7022/483 7023/7023/483 7016/7016/483
f 7023/7023/483 7024/7024/483 7016/7016/483
f 7016/7016/483 7024/7024/483 7025/7025/483
f 7024/7024/483 7026/7026/483 7025/7025/483
f 7026/7026/483 7027/7027/483 7025/7025/483
f 7027/7027/483 7028/7028/483 7025/7025/483
f 7025/7025/483 7028/7028/483 7012/7012/483
f 7028/7028/483 7029/7029/483 7012/7012/483
f 7012/7012/483 7029/7029/483 7013/7013/483
f 7029/7029/483 7030/7030/483 7013/7013/483
f 7013/7013/483 7030/7030/483 7031/7031/483
f 7030/7030/483 7032/7032/483 7031/7031/483
f 7032/7032/483 7033/7033/483 7031/7031/483
f 7031/7031/483 7033/7033/483 7020/7020/483
f 7033/7033/483 7034/7034/483 7020/7020/483
f 7020/7020/483 7034/7034/483 7021/7021/483
f 7034/7034/483 7035/7035/483 7021/7021/483
f 7036/7036/483 7037/7037/483 7038/7038/483
f 7037/7037/483 7039/7039/483 7038/7038/483
f 7040/7040/483 7038/7038/483 7041/7041/483
f 7041/7041/483 7038/7038/483 7042/7042/483
f 7038/7038/483 7039/7039/483 7042/7042/483
f 7042/7042/483 7039/7039/483 7043/7043/483
f 7039/7039/483 7044/7044/483 7043/7043/483
f 7043/7043/483 7044/7044/483 7045/7045/483
f 7041/7041/483 7046/7046/483 7040/7040/483
f 7046/7046/483 7047/7047/483 7040/7040/483
f 7040/7040/483 7047/7047/483 7048/7048/483
f 7047/7047/483 7049/7049/483 7048/7048/483
f 7049/7049/483 7050/7050/483 7048/7048/483
f 7050/7050/483 7051/7051/483 7048/7048/483
f 7051/7051/483 7052/7052/483 7048/7048/483
f 7048/7048/483 7052/7052/483 7036/7036/483
f 7052/7052/483 7053/7053/483 7036/7036/483
f 7036/7036/483 7053/7053/483 7037/7037/483
f 7053/7053/483 7054/7054/483 7037/7037/483
f 7037/7037/483 7054/7054/483 7055/7055/483
f 7054/7054/483 7056/7056/483 7055/7055/483
f 7056/7056/483 7057/7057/483 7055/7055/483
f 7055/7055/483 7057/7057/483 7044/7044/483
f 7057/7057/483 7058/7058/483 7044/7044/483
f 7044/7044/483 7058/7058/483 7045/7045/483
f 7058/7058/483 7059/7059/483 7045/7045/483
f 7060/7060/482 7061/7061/482 7062/7062/482
f 7061/7061/482 7063/7063/482 7062/7062/482
f 7064/7064/482 7062/7062/482 7065/7065/482
f 7065/7065/482 7062/7062/482 7066/7066/482
f 7062/7062/482 7063/7063/482 7066/7066/482
f 7066/7066/482 7063/7063/482 7067/7067/482
f 7063/7063/482 7068/7068/482 7067/7067/482
f 7067/7067/482 7068/7068/482 7069/7069/482
f 7065/7065/482 7070/7070/482 7064/7064/482
f 7070/7070/482 7071/7071/482 7064/7064/482
f 7071/7071/482 7072/7072/482 7064/7064/482
f 7064/7064/482 7072/7072/482 7073/7073/482
f 7072/7072/482 7074/7074/482 7073/7073/482
f 7074/7074/482 7075/7075/482 7073/7073/482
f 7075/7075/482 7076/7076/482 7073/7073/482
f 7073/7073/482 7076/7076/482 7060/7060/482
f 7076/7076/482 7077/7077/482 7060/7060/482
f 7060/7060/482 7077/7077/482 7061/7061/482
f 7077/7077/482 7078/7078/482 7061/7061/482
f 7061/7061/482 7078/7078/482 7079/7079/482
f 7078/7078/482 7080/7080/482 7079/7079/482
f 7080/7080/482 7081/7081/482 7079/7079/482
f 7079/7079/482 7081/7081/482 7068/7068/482
f 7081/7081/482 7082/7082/482 7068/7068/482
f 7068/7068/482 7082/7082/482 7069/7069/482
f 7082/7082/482 7083/7083/482 7069/7069/482
f 7084/7084/484 7085/7085/484 7086/7086/484
f 7085/7085/484 7087/7087/484 7086/7086/484
f 7084/7084/484 7088/7088/484 7085/7085/484
f 7088/7088/484 7089/7089/484 7085/7085/484
f 7085/7085/484 7089/7089/484 7090/7090/484
f 7089/7089/484 7091/7091/484 7090/7090/484
f 7090/7090/484 7091/7091/484 7092/7092/484
f 7091/7091/484 7093/7093/484 7092/7092/484
f 7092/7092/484 7093/7093/484 7094/7094/484
f 7093/7093/484 7095/7095/484 7094/7094/484
f 7095/7095/484 7096/7096/484 7094/7094/484
f 7094/7094/484 7096/7096/484 7097/7097/484
f 7096/7096/484 7098/7098/484 7097/7097/484
f 7097/7097/484 7098/7098/484 7099/7099/484
f 7090/7090/484 7092/7092/484 7100/7100/484
f 7092/7092/484 7101/7101/484 7100/7100/484
f 7099/7099/484 7102/7102/484 7097/7097/484
f 7102/7102/484 7103/7103/484 7097/7097/484
f 7097/7097/484 7103/7103/484 7101/7101/484
f 7103/7103/484 7104/7104/484 7101/7101/484
f 7101/7101/484 7104/7104/484 7100/7100/484
f 7104/7104/484 7105/7105/484 7100/7100/484
f 7100/7100/484 7105/7105/484 7087/7087/484
f 7105/7105/484 7106/7106/484 7087/7087/484
f 7087/7087/484 7106/7106/484 7086/7086/484
f 7106/7106/484 7107/7107/484 7086/7086/484
f 7086/7086/484 7107/7107/484 7108/7108/484
f 7107/7107/484 7109/7109/484 7108/7108/484
f 7108/7108/484 7109/7109/484 7110/7110/484
f 7109/7109/484 7111/7111/484 7110/7110/484
f 7110/7110/484 7111/7111/484 7112/7112/484
f 7111/7111/484 7113/7113/484 7112/7112/484
f 7112/7112/484 7113/7113/484 7114/7114/484
f 7113/7113/484 7115/7115/484 7114/7114/484
f 7108/7108/484 7110/7110/484 7116/7116/484
f 7110/7110/484 7117/7117/484 7116/7116/484
f 7114/7114/484 7115/7115/484 7118/7118/484
f 7115/7115/484 7119/7119/484 7118/7118/484
f 7119/7119/484 7120/7120/484 7118/7118/484
f 7120/7120/484 7121/7121/484 7118/7118/484
f 7118/7118/484 7121/7121/484 7122/7122/484
f 7121/7121/484 7123/7123/484 7122/7122/484
f 7123/7123/484 7124/7124/484 7122/7122/484
f 7124/7124/484 7125/7125/484 7122/7122/484
f 7122/7122/484 7125/7125/484 7126/7126/484
f 7125/7125/484 7127/7127/484 7126/7126/484
f 7126/7126/484 7127/7127/484 7128/7128/484
f 7127/7127/484 7129/7129/484 7128/7128/484
f 7128/7128/484 7129/7129/484 7117/7117/484
f 7129/7129/484 7130/7130/484 7117/7117/484
f 7117/7117/484 7130/7130/484 7116/7116/484
f 7130/7130/484 7131/7131/484 7116/7116/484
f 7116/7116/484 7131/7131/484 7084/7084/484
f 7131/7131/484 7088/7088/484 7084/7084/484
f 7112/7112/484 7114/7114/484 7128/7128/484
f 7114/7114/484 7126/7126/484 7128/7128/484
f 7132/7132/482 7133/7133/482 7134/7134/482
f 7133/7133/482 7135/7135/482 7134/7134/482
f 7136/7136/482 7137/7137/482 7138/7138/482
f 7137/7137/482 7134/7134/482 7138/7138/482
f 7138/7138/482 7134/7134/482 7139/7139/482
f 7134/7134/482 7135/7135/482 7139/7139/482
f 7139/7139/482 7135/7135/482 7140/7140/482
f 7140/7140/482 7135/7135/482 7141/7141/482
f 7135/7135/482 7133/7133/482 7141/7141/482
f 7141/7141/482 7133/7133/482 7142/7142/482
f 7142/7142/482 7133/7133/482 7143/7143/482
f 7143/7143/482 7133/7133/482 7144/7144/482
f 7133/7133/482 7132/7132/482 7144/7144/482
f 7144/7144/482 7132/7132/482 7145/7145/482
f 7145/7145/482 7132/7132/482 7146/7146/482
f 7146/7146/482 7132/7132/482 7147/7147/482
f 7132/7132/482 7134/7134/482 7147/7147/482
f 7147/7147/482 7134/7134/482 7137/7137/482
f 7148/7148/481 7149/7149/481 7150/7150/481
f 7149/7149/481 7151/7151/481 7150/7150/481
f 7152/7152/481 7153/7153/481 7154/7154/481
f 7153/7153/481 7150/7150/481 7154/7154/481
f 7154/7154/481 7150/7150/481 7155/7155/481
f 7150/7150/481 7151/7151/481 7155/7155/481
f 7155/7155/481 7151/7151/481 7156/7156/481
f 7156/7156/481 7151/7151/481 7157/7157/481
f 7151/7151/481 7149/7149/481 7157/7157/481
f 7157/7157/481 7149/7149/481 7158/7158/481
f 7158/7158/481 7149/7149/481 7159/7159/481
f 7159/7159/481 7149/7149/481 7160/7160/481
f 7149/7149/481 7148/7148/481 7160/7160/481
f 7160/7160/481 7148/7148/481 7161/7161/481
f 7161/7161/481 7148/7148/481 7162/7162/481
f 7162/7162/481 7148/7148/481 7163/7163/481
f 7148/7148/481 7150/7150/481 7163/7163/481
f 7163/7163/481 7150/7150/481 7153/7153/481
f 7164/7164/484 7165/7165/484 7166/7166/484
f 7165/7165/484 7167/7167/484 7166/7166/484
f 7167/7167/484 7168/7168/484 7166/7166/484
f 7166/7166/484 7168/7168/484 7169/7169/484
f 7168/7168/484 7170/7170/484 7169/7169/484
f 7169/7169/484 7170/7170/484 7171/7171/484
f 7172/7172/484 7173/7173/484 7174/7174/484
f 7173/7173/484 7175/7175/484 7174/7174/484
f 7175/7175/484 7176/7176/484 7174/7174/484
f 7174/7174/484 7176/7176/484 7177/7177/484
f 7177/7177/484 7176/7176/484 7178/7178/484
f 7178/7178/484 7176/7176/484 7179/7179/484
f 7179/7179/484 7176/7176/484 7165/7165/484
f 7176/7176/484 7167/7167/484 7165/7165/484
f 7180/7180/483 7181/7181/483 7182/7182/483
f 7181/7181/483 7183/7183/483 7182/7182/483
f 7183/7183/483 7184/7184/483 7182/7182/483
f 7182/7182/483 7184/7184/483 7185/7185/483
f 7184/7184/483 7186/7186/483 7185/7185/483
f 7185/7185/483 7186/7186/483 7187/7187/483
f 7188/7188/483 7189/7189/483 7190/7190/483
f 7189/7189/483 7191/7191/483 7190/7190/483
f 7191/7191/483 7192/7192/483 7190/7190/483
f 7190/7190/483 7192/7192/483 7193/7193/483
f 7193/7193/483 7192/7192/483 7194/7194/483
f 7194/7194/483 7192/7192/483 7195/7195/483
f 7192/7192/483 7183/7183/483 7195/7195/483
f 7195/7195/483 7183/7183/483 7181/7181/483
